employee_id,desk_zone,laptop_model,age,gender,department,job_role,job_level,employment_type,tenure_months,attendance_percentage,late_mark_count_30d,unplanned_leave_count_3m,policy_violation_count_6m,kpi_score,goal_completion_rate,tasks_assigned_last_month,tasks_completed_last_month,overdue_tasks_count,quality_score,rework_count_last_month,client_escalations_count_3m,manager_rating,training_hours_last_3m,certifications_completed,pip_required
ORG01226,C,HP ProBook,26,Female,Marketing,Content Specialist,2,Full-time,93,93.5,0,2,0,46.5,0.632,36,27,3,67.4,4,0,3.0,32.1,3,0
ORG03879,A,Lenovo ThinkPad,31,Male,Engineering,Software Engineer,2,Full-time,67,94.4,2,0,0,59.3,0.753,42,31,4,70.0,2,1,4.0,23.2,2,0
ORG04879,D,Dell Latitude,29,Female,Sales,Inside Sales Rep,2,Full-time,82,96.5,0,0,0,48.8,0.302,48,33,3,38.3,3,4,1.0,12.9,0,0
ORG05202,A,Lenovo ThinkPad,29,Male,Engineering,Data Analyst,4,Contract,2,90.0,3,0,2,67.2,0.857,66,47,14,79.9,3,0,3.0,28.0,4,0
ORG01484,D,Lenovo ThinkPad,29,Female,Sales,Inside Sales Rep,3,Contract,7,98.9,1,0,0,81.5,0.74,51,42,4,71.7,2,0,3.0,13.3,4,0
ORG00157,D,Lenovo ThinkPad,27,Male,Sales,Inside Sales Rep,3,Full-time,43,92.1,3,0,0,64.0,0.746,68,50,10,57.5,0,1,3.0,18.7,0,0
ORG02816,D,HP ProBook,22,Female,Customer Support,Support Associate,1,Full-time,114,90.0,1,2,1,75.0,0.858,129,93,24,62.0,2,3,4.0,10.2,1,1
ORG00264,B,Acer TravelMate,31,Female,Engineering,Data Analyst,4,Contract,1,89.8,2,2,1,51.1,0.582,21,16,3,73.6,0,0,2.0,19.5,1,1
ORG02463,A,Lenovo ThinkPad,39,Male,Engineering,DevOps Engineer,5,Full-time,83,93.1,0,0,0,89.9,0.664,43,38,1,93.4,0,0,4.0,49.5,1,0
ORG03266,A,Dell Latitude,29,Female,Sales,Sales Executive,2,Full-time,54,96.1,1,2,1,64.0,0.684,54,38,7,65.2,0,2,3.0,9.5,2,0
ORG03541,D,Dell Latitude,24,Female,Marketing,Marketing Executive,1,Full-time,19,94.0,2,2,0,52.9,0.586,19,13,2,59.9,1,0,2.0,38.1,1,0
ORG03120,D,Dell Latitude,27,Male,Sales,Sales Executive,2,Full-time,104,98.1,0,0,0,66.7,0.851,47,41,0,75.7,3,1,4.0,17.9,0,0
ORG04240,C,HP ProBook,23,Male,Operations,Ops Associate,2,Full-time,48,97.5,3,4,0,59.0,0.566,59,42,8,63.8,1,0,3.0,6.7,0,0
ORG05115,C,Dell Latitude,29,Male,Engineering,QA Analyst,3,Full-time,78,94.7,2,3,0,73.5,0.656,54,43,6,68.7,3,0,3.0,18.2,0,0
ORG00309,D,MacBook Pro,35,Male,Sales,Account Manager,4,Full-time,33,98.8,1,0,0,61.8,0.718,68,60,0,84.3,1,0,4.0,23.9,3,0
ORG00231,C,HP ProBook,37,Male,Engineering,DevOps Engineer,4,Full-time,104,93.6,4,4,0,91.3,0.652,35,28,3,77.3,1,0,3.0,16.6,1,0
ORG00627,C,Lenovo ThinkPad,26,Female,Finance,Accounts Executive,3,Contract,15,98.9,0,2,0,76.8,0.684,68,56,6,85.1,1,0,3.0,20.7,0,0
ORG01655,A,HP ProBook,30,Male,IT,System Admin,4,Full-time,43,99.5,1,0,0,63.5,0.607,59,57,4,64.1,2,1,3.0,44.6,0,0
ORG03969,A,Dell Latitude,27,Male,Customer Support,Support Associate,1,Contract,17,100.0,1,0,0,,0.794,80,69,1,76.2,1,1,5.0,3.2,1,0
ORG04344,D,HP ProBook,30,Male,Sales,Account Manager,3,Full-time,45,100.0,5,0,1,85.0,1.0,44,40,4,99.0,0,0,4.0,16.5,1,0
ORG02347,A,Acer TravelMate,28,Female,Marketing,Marketing Executive,2,Full-time,79,98.9,0,1,0,66.4,0.738,55,48,0,71.0,2,0,3.0,5.2,0,0
ORG03483,D,Lenovo ThinkPad,26,Female,HR,HR Executive,3,Full-time,7,94.4,2,2,1,60.6,0.673,35,25,3,66.2,2,1,4.0,23.8,1,0
ORG02586,C,Dell Latitude,31,Female,Customer Support,Support Associate,2,Full-time,95,95.8,0,0,0,42.2,0.562,67,49,6,56.5,0,0,2.0,12.2,0,1
ORG01875,D,Dell Latitude,29,Male,Marketing,Content Specialist,3,Full-time,22,98.3,0,4,0,42.2,0.49,45,31,5,55.6,4,3,1.0,17.0,1,1
ORG03155,D,Lenovo ThinkPad,36,Male,Engineering,Software Engineer,3,Full-time,96,91.4,1,1,2,69.6,0.546,36,27,3,78.2,3,0,3.0,15.4,1,0
ORG04432,C,Lenovo ThinkPad,32,Male,Marketing,Marketing Executive,3,Full-time,67,100.0,0,0,0,51.8,,60,50,0,78.2,2,0,3.0,15.0,2,0
ORG02458,A,HP ProBook,30,Female,Engineering,Data Scientist,3,Full-time,38,92.6,3,1,0,61.9,0.503,25,17,1,59.6,0,2,3.0,30.7,1,1
ORG05271,B,Lenovo ThinkPad,31,Female,IT,System Admin,2,Full-time,83,96.8,1,1,0,71.4,0.862,46,41,4,77.9,1,0,4.0,14.6,0,0
ORG03408,B,HP ProBook,29,Female,Sales,Account Manager,2,Full-time,52,100.0,0,0,0,83.1,0.594,70,63,0,84.1,0,0,4.0,4.7,1,0
ORG03438,D,Acer TravelMate,29,Female,Sales,Sales Executive,1,Full-time,93,100.0,0,0,0,75.5,0.691,71,61,6,68.2,1,1,5.0,12.7,2,0
ORG03842,A,Dell Latitude,26,Male,Operations,Ops Lead,2,Full-time,41,95.7,1,1,0,74.9,0.789,91,89,9,75.4,1,1,4.0,10.6,1,0
ORG04903,D,Dell Latitude,32,Male,Engineering,QA Analyst,2,Full-time,98,100.0,0,0,0,58.1,0.596,48,43,1,66.0,1,0,4.0,4.0,0,0
ORG02253,A,Lenovo ThinkPad,26,Female,Sales,Inside Sales Rep,1,Full-time,55,98.7,1,1,0,73.1,0.746,60,50,5,65.4,2,0,4.0,13.2,0,0
ORG05680,D,Lenovo ThinkPad,37,Female,Sales,Account Manager,4,Full-time,70,97.0,1,0,1,83.9,1.0,70,68,7,91.8,0,0,5.0,36.1,1,0
ORG02796,C,Lenovo ThinkPad,25,Male,Operations,Process Analyst,2,Full-time,66,93.9,2,1,0,39.8,,73,61,6,62.2,1,0,4.0,9.4,0,0
ORG01109,D,HP ProBook,30,Female,IT,IT Support,2,Full-time,112,97.7,0,0,0,43.3,0.375,57,36,4,,5,2,2.0,9.7,1,0
ORG04909,D,MacBook Pro,27,Male,Operations,Ops Associate,2,Full-time,83,96.3,3,1,0,80.3,0.435,72,54,8,61.4,0,0,2.0,8.1,2,0
ORG00133,A,Dell Latitude,32,Male,Operations,Ops Associate,3,Full-time,106,94.0,1,2,1,55.7,0.409,97,63,11,58.4,2,1,3.0,10.9,0,0
ORG04568,A,HP ProBook,31,Female,Engineering,QA Analyst,2,Full-time,114,96.7,1,1,0,62.6,0.426,25,18,0,64.2,1,0,2.0,11.1,0,1
ORG01761,B,HP ProBook,31,Female,Sales,Inside Sales Rep,3,Contract,6,96.2,2,2,1,79.9,0.721,49,40,6,65.0,1,1,3.0,4.7,2,0
ORG03894,D,Dell Latitude,25,Male,Customer Support,Support Associate,1,Full-time,52,96.1,1,0,1,56.6,0.638,96,67,12,52.1,2,1,3.0,15.0,0,1
ORG01868,B,HP ProBook,29,Male,Engineering,Data Scientist,4,Full-time,13,94.0,1,4,0,92.0,0.835,52,42,4,94.8,1,0,5.0,41.0,1,0
ORG01386,B,MacBook Pro,32,Male,Engineering,QA Analyst,3,Full-time,39,97.7,1,2,0,72.5,0.761,26,20,1,81.7,1,0,5.0,15.3,1,0
ORG05886,A,Acer TravelMate,36,Male,Engineering,QA Analyst,4,Full-time,73,87.5,3,4,3,95.4,0.983,58,42,10,99.0,0,0,5.0,18.5,3,0
ORG00024,A,MacBook Pro,27,Male,Marketing,Marketing Executive,3,Full-time,80,100.0,1,0,0,70.8,0.798,65,61,6,76.9,2,0,5.0,30.9,0,0
ORG04610,B,Dell Latitude,33,Female,IT,IT Support,3,Full-time,94,92.5,4,1,1,63.0,0.634,70,59,7,74.1,2,1,4.0,45.2,3,0
ORG05119,C,Lenovo ThinkPad,26,Female,Engineering,Software Engineer,2,Contract,8,94.7,1,0,1,52.7,0.515,18,12,1,53.2,8,1,3.0,6.0,0,1
ORG00297,C,Dell Latitude,33,Female,IT,System Admin,3,Full-time,91,93.3,6,3,1,66.2,0.657,41,35,4,89.3,0,0,4.0,10.7,0,0
ORG03241,A,Acer TravelMate,31,Male,Marketing,Content Specialist,3,Full-time,28,89.6,1,4,0,60.9,0.66,60,46,8,74.3,2,1,2.0,33.2,2,0
ORG01353,D,HP ProBook,25,Male,Sales,Inside Sales Rep,2,Contract,9,92.4,1,0,0,66.4,0.691,71,52,7,66.9,0,2,3.0,7.0,0,0
ORG02987,D,Acer TravelMate,27,Male,Engineering,Data Scientist,3,Full-time,56,97.3,2,2,0,49.3,0.683,55,36,5,50.1,6,0,3.0,10.0,1,1
ORG02699,B,HP ProBook,31,Male,Sales,Sales Executive,1,Full-time,115,94.5,1,4,0,53.7,0.766,48,36,5,72.4,1,3,2.0,17.0,1,0
ORG05942,C,Dell Latitude,29,Female,Operations,Process Analyst,2,Full-time,59,89.0,2,1,2,61.8,0.74,102,73,17,76.2,1,0,3.0,30.2,2,0
ORG02648,D,MacBook Pro,33,Male,Finance,Finance Analyst,4,Full-time,48,100.0,0,0,0,71.4,0.601,28,23,0,62.8,1,0,3.0,27.8,2,0
ORG05607,C,Dell Latitude,32,Male,Engineering,Data Scientist,5,Full-time,5,97.0,2,1,0,55.6,0.705,60,47,6,74.0,0,1,3.0,60.3,1,0
ORG00747,B,HP ProBook,27,Female,Sales,Sales Executive,1,Full-time,25,86.5,2,3,2,74.7,0.652,34,23,5,69.0,0,0,3.0,1.9,0,0
ORG00748,C,Acer TravelMate,36,Male,Customer Support,Support Associate,3,Full-time,62,95.4,0,1,0,92.1,0.91,63,58,5,93.6,0,0,5.0,12.7,0,0
ORG06106,C,Lenovo ThinkPad,26,Female,IT,System Admin,2,Full-time,17,95.6,2,0,0,62.3,0.59,65,55,2,48.6,2,1,4.0,32.0,2,0
ORG00765,D,Dell Latitude,21,Male,Marketing,Marketing Executive,1,Full-time,85,94.4,1,0,1,78.1,0.807,35,28,3,77.6,1,0,4.0,10.8,0,0
ORG04410,C,HP ProBook,26,Male,Engineering,DevOps Engineer,3,Full-time,3,92.3,1,3,0,71.4,0.73,36,29,4,72.2,2,1,3.0,25.5,3,0
ORG05687,C,Dell Latitude,29,Male,Engineering,DevOps Engineer,3,Full-time,51,97.5,0,0,0,81.5,0.937,54,51,3,84.6,2,1,5.0,6.8,1,0
ORG04986,C,MacBook Pro,30,Male,Sales,Account Manager,2,Full-time,93,95.4,1,3,0,64.9,0.691,35,26,2,59.4,4,1,3.0,8.3,0,0
ORG02349,D,Lenovo ThinkPad,31,Female,Engineering,Data Scientist,4,Full-time,16,93.1,4,2,0,85.5,0.785,54,40,8,67.1,3,2,3.0,16.4,2,0
ORG02100,D,Lenovo ThinkPad,25,Male,Sales,Sales Executive,1,Full-time,93,89.6,4,1,2,75.0,0.697,48,33,4,62.1,2,0,3.0,16.3,2,0
ORG05229,C,Dell Latitude,39,Male,Engineering,Software Engineer,4,Full-time,85,97.4,1,3,0,70.7,0.671,28,22,2,70.2,1,0,3.0,12.7,1,0
ORG01521,C,Lenovo ThinkPad,25,Male,Sales,Account Manager,2,Full-time,52,92.3,2,2,0,70.7,0.545,69,51,12,66.7,1,1,3.0,44.2,1,0
ORG02115,D,HP ProBook,30,Male,Engineering,Data Analyst,2,Full-time,108,95.0,0,0,0,58.5,0.745,46,42,3,68.8,3,0,4.0,10.8,1,0
ORG02227,B,Dell Latitude,25,Male,Finance,Accounts Executive,3,Full-time,63,94.8,1,0,0,69.9,0.735,51,47,4,71.1,1,1,4.0,14.5,1,0
ORG01581,C,Lenovo ThinkPad,35,Male,Marketing,Content Specialist,2,Full-time,111,94.3,0,0,0,86.4,0.83,41,32,5,77.0,4,0,4.0,24.0,1,0
ORG02595,C,Lenovo ThinkPad,34,Male,Sales,Account Manager,4,Full-time,115,100.0,1,0,1,98.0,1.0,63,61,3,99.0,1,0,5.0,10.0,3,0
ORG01154,C,Lenovo ThinkPad,28,Male,Engineering,Data Scientist,4,Full-time,27,90.6,1,0,0,67.7,0.85,41,30,4,68.5,2,1,4.0,15.0,1,0
ORG03560,A,Lenovo ThinkPad,30,Male,Customer Support,Support Lead,3,Full-time,18,92.9,2,2,1,94.7,0.977,89,75,14,89.2,1,2,4.0,10.3,3,0
ORG00673,D,Dell Latitude,28,Male,IT,IT Support,2,Full-time,37,95.8,0,3,0,76.3,0.866,38,32,3,79.9,3,1,5.0,5.8,1,0
ORG01426,B,MacBook Pro,32,Male,Sales,Sales Executive,3,Full-time,89,90.6,2,1,0,98.0,0.88,65,63,7,86.7,1,0,5.0,7.2,0,0
ORG04396,A,Dell Latitude,30,Male,Customer Support,Support Lead,4,Full-time,103,94.8,2,2,0,78.4,0.839,76,61,7,,0,1,4.0,11.5,2,0
ORG02684,B,Dell Latitude,24,Female,Operations,Process Analyst,2,Full-time,8,94.6,2,1,0,58.5,0.666,77,59,9,57.5,2,1,3.0,19.1,2,1
ORG04761,C,Lenovo ThinkPad,24,Female,Customer Support,Support Associate,2,Full-time,108,99.2,0,0,0,40.1,0.603,68,54,2,67.5,1,1,4.0,14.8,0,0
ORG04856,D,Lenovo ThinkPad,29,Female,IT,System Admin,2,Full-time,108,91.9,3,2,0,72.9,0.873,33,29,3,83.9,1,1,5.0,30.3,4,0
ORG03962,C,MacBook Pro,25,Female,Engineering,Software Engineer,2,Full-time,14,95.1,0,2,0,63.2,0.834,39,31,0,65.0,0,0,3.0,14.9,0,0
ORG05438,A,MacBook Pro,23,Male,Engineering,Data Analyst,2,Full-time,96,96.1,1,0,0,94.5,0.889,48,45,3,93.8,2,1,5.0,19.1,2,0
ORG03140,A,MacBook Pro,27,Female,Sales,Sales Executive,1,Full-time,29,96.4,0,2,0,39.4,0.723,51,41,1,67.6,2,1,3.0,17.0,1,0
ORG04031,B,HP ProBook,36,Female,Customer Support,Support Lead,4,Full-time,67,91.9,1,4,2,70.3,0.688,119,101,15,72.5,0,1,3.0,22.3,2,1
ORG03099,C,Acer TravelMate,30,Female,Sales,Inside Sales Rep,3,Full-time,114,99.1,0,0,0,62.2,0.737,60,55,0,56.4,2,2,4.0,12.8,1,0
ORG02926,A,Lenovo ThinkPad,27,Male,Operations,Ops Lead,2,Full-time,113,88.6,3,1,3,45.8,0.66,54,36,6,71.6,1,0,2.0,16.1,2,0
ORG00319,D,MacBook Pro,31,Male,Sales,Account Manager,3,Full-time,19,98.6,0,0,1,70.1,0.512,41,37,2,72.2,1,0,4.0,12.9,1,0
ORG01189,A,Lenovo ThinkPad,25,Female,Engineering,Software Engineer,3,Full-time,44,89.7,1,2,0,77.7,0.645,24,17,3,63.8,0,0,4.0,34.4,0,0
ORG00777,C,MacBook Pro,34,Male,Operations,Ops Lead,4,Full-time,68,91.4,4,2,2,51.0,0.664,101,77,14,58.2,3,4,3.0,21.6,0,1
ORG01039,C,Dell Latitude,36,Other,Customer Support,Support Lead,4,Full-time,78,93.2,1,2,0,74.0,0.913,70,50,7,73.9,1,0,5.0,19.3,2,0
ORG00097,A,HP ProBook,21,Male,Sales,Sales Executive,1,Contract,6,94.8,1,2,0,66.7,0.526,72,49,7,70.0,1,1,3.0,2.7,1,0
ORG01731,D,Lenovo ThinkPad,32,Female,IT,IT Support,2,Full-time,117,97.7,0,1,0,62.4,0.797,27,21,2,78.7,1,0,4.0,6.1,2,0
ORG02314,A,HP ProBook,35,Female,Engineering,Software Engineer,4,Contract,4,88.5,2,2,0,59.4,0.633,57,40,8,69.0,1,2,3.0,18.0,1,1
ORG04514,A,Lenovo ThinkPad,35,Female,Engineering,Data Analyst,4,Full-time,6,97.4,0,0,1,67.5,0.598,38,28,1,60.2,5,2,4.0,22.9,1,0
ORG00347,D,HP ProBook,27,Male,IT,IT Support,3,Full-time,62,94.0,0,2,0,73.5,0.812,68,55,9,83.8,1,1,4.0,23.9,3,0
ORG03919,C,HP ProBook,27,Male,Operations,Process Analyst,2,Contract,17,92.4,2,1,0,55.7,0.821,68,49,9,77.5,3,0,3.0,32.1,0,0
ORG05471,B,Dell Latitude,21,Female,Operations,Process Analyst,3,Contract,16,99.2,1,0,0,83.5,0.593,55,51,5,85.4,2,0,3.0,12.0,0,0
ORG01644,D,Acer TravelMate,35,Male,Engineering,Data Analyst,4,Full-time,97,94.5,3,2,0,56.1,0.693,33,24,2,51.0,4,0,3.0,22.9,1,1
ORG01045,B,Lenovo ThinkPad,27,Male,Engineering,QA Analyst,2,Full-time,33,97.7,4,1,0,57.2,0.443,42,27,4,70.3,3,0,2.0,19.1,1,0
ORG01311,A,Lenovo ThinkPad,25,Male,Sales,Sales Executive,1,Full-time,100,100.0,0,0,0,,0.492,72,51,2,54.8,0,1,3.0,2.3,0,0
ORG03910,B,Lenovo ThinkPad,25,Male,HR,Talent Acquisition,4,Full-time,12,97.5,2,1,0,98.0,1.0,45,44,3,99.0,0,1,5.0,31.1,1,0
ORG02405,D,HP ProBook,34,Male,HR,Talent Acquisition,4,Full-time,40,99.8,3,2,0,84.1,0.862,63,52,6,64.6,1,0,4.0,15.4,0,0
ORG05050,A,Dell Latitude,29,Female,IT,IT Support,2,Full-time,68,91.6,3,0,0,53.6,0.614,61,38,7,64.5,2,0,3.0,30.0,3,1
ORG05605,C,Acer TravelMate,32,Male,Customer Support,Support Lead,3,Contract,7,90.0,5,5,2,54.6,0.759,138,105,19,57.6,5,3,2.0,7.1,1,1
ORG02674,D,Dell Latitude,30,Female,Customer Support,Support Lead,2,Full-time,108,97.9,0,1,0,56.1,0.675,76,68,4,85.8,1,0,3.0,12.0,1,0
ORG03183,B,Dell Latitude,22,Female,Customer Support,Support Associate,1,Full-time,63,96.4,0,0,0,64.0,0.778,57,44,3,66.0,4,1,3.0,21.2,2,0
ORG01162,D,Dell Latitude,34,Male,Operations,Ops Lead,4,Full-time,102,97.8,1,0,0,84.0,0.739,92,84,0,78.2,2,0,5.0,27.8,1,0
ORG01184,D,Dell Latitude,42,Female,Engineering,Data Scientist,5,Full-time,47,98.3,0,1,0,72.9,0.79,39,34,2,80.2,3,1,4.0,44.3,6,0
ORG01164,D,MacBook Pro,34,Male,Engineering,DevOps Engineer,4,Full-time,96,90.5,0,3,1,62.7,0.887,19,15,2,81.2,0,0,4.0,13.9,1,0
ORG00865,D,Dell Latitude,37,Female,Engineering,Data Scientist,5,Full-time,80,97.7,0,0,0,48.9,0.599,40,34,3,48.1,2,1,3.0,15.1,2,0
ORG03253,C,MacBook Pro,21,Male,Sales,Sales Executive,1,Full-time,11,90.1,2,2,0,68.3,0.488,70,51,12,56.7,0,2,2.0,4.6,0,0
ORG04398,C,Dell Latitude,29,Male,Finance,Accounts Executive,2,Full-time,15,96.1,0,1,0,71.7,0.735,27,22,1,77.1,1,0,4.0,30.7,0,0
ORG00081,A,Lenovo ThinkPad,30,Male,Operations,Ops Lead,3,Full-time,3,92.0,2,1,1,55.0,0.697,59,38,8,58.6,1,1,2.0,6.8,2,1
ORG01236,B,HP ProBook,27,Female,Engineering,Software Engineer,3,Full-time,24,89.6,2,4,2,85.6,0.948,36,29,3,82.1,1,0,4.0,16.2,1,0
ORG01730,C,Lenovo ThinkPad,29,Male,Sales,Sales Executive,2,Full-time,56,95.9,1,1,0,65.1,0.711,62,50,3,71.6,2,1,5.0,19.7,1,0
ORG01098,D,Dell Latitude,32,Male,HR,Talent Acquisition,2,Full-time,76,100.0,1,1,0,80.1,0.845,42,41,2,87.8,0,0,5.0,31.2,4,0
ORG02113,B,Lenovo ThinkPad,27,Male,Engineering,Data Scientist,3,Contract,9,86.8,2,2,1,63.3,0.443,42,31,5,58.6,3,2,2.0,3.7,1,1
ORG03327,D,HP ProBook,27,Female,Customer Support,Support Associate,3,Contract,17,92.0,3,1,0,71.0,0.86,93,81,11,84.4,3,1,4.0,15.8,1,0
ORG04304,B,MacBook Pro,32,Male,Sales,Account Manager,3,Full-time,99,92.7,1,4,0,53.9,0.652,65,39,12,55.4,0,0,2.0,10.0,2,1
ORG01806,C,Dell Latitude,29,Male,Operations,Process Analyst,3,Full-time,66,94.4,0,3,0,64.0,0.408,112,84,11,48.4,3,0,,18.3,5,1
ORG00502,B,Lenovo ThinkPad,31,Female,Marketing,Marketing Executive,2,Full-time,78,92.8,2,2,1,,0.614,66,54,9,84.9,0,0,3.0,9.5,2,0
ORG05474,A,Lenovo ThinkPad,27,Female,Engineering,Data Analyst,2,Full-time,89,92.1,1,3,1,79.3,0.637,48,39,7,74.7,0,1,3.0,13.4,1,0
ORG00394,C,HP ProBook,30,Female,Operations,Ops Lead,2,Full-time,79,100.0,0,0,0,60.3,0.567,50,42,2,59.5,1,0,4.0,25.5,1,0
ORG03862,B,HP ProBook,28,Male,Engineering,DevOps Engineer,4,Full-time,40,97.4,0,0,0,75.6,0.631,26,20,0,97.8,0,0,4.0,19.6,2,0
ORG01085,B,Lenovo ThinkPad,37,Male,IT,System Admin,3,Full-time,117,94.6,1,1,0,70.9,0.787,35,27,4,78.2,2,0,3.0,29.1,5,0
ORG02836,C,Dell Latitude,26,Male,Operations,Process Analyst,2,Full-time,42,96.1,2,0,1,54.0,0.637,103,83,11,77.0,1,1,4.0,7.6,0,1
ORG05872,A,Dell Latitude,32,Male,Sales,Inside Sales Rep,3,Full-time,68,97.9,0,0,0,60.1,0.464,65,51,6,55.7,6,1,3.0,19.6,1,1
ORG04533,C,Lenovo ThinkPad,31,Female,Operations,Ops Associate,3,Full-time,82,91.5,3,1,0,81.2,0.901,78,76,7,89.1,1,0,5.0,7.7,0,0
ORG04813,C,MacBook Pro,31,Other,Customer Support,Support Lead,3,Full-time,73,91.8,5,3,1,58.5,0.477,69,46,11,61.9,5,3,2.0,22.4,3,0
ORG01613,D,MacBook Pro,28,Male,Finance,Finance Analyst,4,Full-time,11,93.2,1,1,0,63.7,0.542,60,47,7,73.3,1,1,3.0,41.7,1,0
ORG05327,D,Lenovo ThinkPad,26,Male,Operations,Process Analyst,2,Full-time,101,98.7,1,0,0,77.5,0.64,91,72,7,64.5,1,3,3.0,29.7,1,0
ORG02331,B,HP ProBook,26,Male,Operations,Process Analyst,2,Full-time,6,91.7,1,3,1,65.2,0.627,46,31,5,57.3,3,0,2.0,20.3,0,0
ORG02339,D,Dell Latitude,37,Other,Operations,Ops Lead,4,Full-time,93,99.9,0,0,0,75.8,0.887,103,95,9,74.7,2,1,5.0,17.6,1,0
ORG05289,D,HP ProBook,26,Female,Sales,Sales Executive,3,Full-time,88,94.2,1,0,1,65.9,0.804,77,58,5,78.0,0,2,4.0,19.1,3,0
ORG04539,B,Dell Latitude,26,Female,Engineering,QA Analyst,2,Full-time,83,98.3,1,0,0,68.3,0.777,34,31,0,66.7,3,1,4.0,18.2,2,0
ORG02708,C,Dell Latitude,31,Male,Sales,Inside Sales Rep,3,Full-time,29,92.1,2,1,0,73.3,0.763,64,54,9,83.2,0,2,3.0,10.1,0,0
ORG02260,D,Dell Latitude,27,Female,Customer Support,Support Lead,2,Full-time,28,86.4,3,4,1,85.7,0.931,103,86,15,84.5,0,0,5.0,13.7,0,0
ORG01264,A,Dell Latitude,34,Female,IT,System Admin,3,Full-time,111,99.3,1,2,0,58.1,0.614,60,45,4,68.4,0,0,2.0,22.1,1,0
ORG03480,D,Dell Latitude,35,Male,Operations,Ops Lead,4,Full-time,93,93.8,3,2,1,65.6,0.872,55,49,5,79.7,3,1,4.0,17.6,0,0
ORG02092,C,Lenovo ThinkPad,33,Male,HR,Talent Acquisition,4,Full-time,115,96.6,0,0,0,83.0,0.994,53,48,5,88.7,0,0,5.0,39.3,3,0
ORG02003,C,HP ProBook,32,Male,IT,IT Support,3,Full-time,47,92.4,1,3,0,55.5,0.549,67,45,7,69.5,4,2,2.0,14.8,2,1
ORG01621,D,Lenovo ThinkPad,30,Male,Engineering,DevOps Engineer,3,Full-time,96,99.5,0,0,0,79.9,0.97,24,23,0,79.4,1,0,5.0,8.3,2,0
ORG02677,C,Lenovo ThinkPad,33,Female,Customer Support,Support Lead,3,Full-time,65,98.7,0,0,0,62.8,0.427,71,53,3,48.9,1,3,2.0,11.7,3,0
ORG01488,C,Lenovo ThinkPad,31,Male,Customer Support,Support Lead,2,Full-time,19,94.2,1,1,0,72.9,0.818,126,95,13,64.5,3,1,3.0,16.3,0,0
ORG01019,D,Acer TravelMate,35,Female,Engineering,Data Analyst,3,Full-time,104,94.8,2,2,0,58.3,0.68,57,49,2,63.3,1,0,5.0,12.6,0,0
ORG02233,D,Lenovo ThinkPad,35,Male,Engineering,DevOps Engineer,5,Full-time,87,96.4,0,0,0,77.1,0.778,51,39,3,88.2,0,0,3.0,15.9,2,0
ORG04440,A,Lenovo ThinkPad,30,Male,Sales,Account Manager,3,Full-time,62,95.3,3,3,2,77.9,0.709,80,60,12,76.9,3,1,2.0,8.2,1,0
ORG02541,A,MacBook Pro,21,Male,Customer Support,Support Associate,1,Full-time,54,100.0,0,0,0,39.5,0.449,133,103,11,30.0,3,3,2.0,12.4,1,1
ORG04632,B,MacBook Pro,21,Female,Customer Support,Support Associate,1,Full-time,57,97.9,0,0,1,43.6,0.71,65,48,6,47.7,1,0,3.0,14.1,1,1
ORG06161,B,MacBook Pro,26,Female,Operations,Ops Associate,1,Full-time,15,93.7,1,3,3,49.8,0.589,58,35,5,64.5,2,1,2.0,9.9,2,0
ORG00731,C,Dell Latitude,27,Male,Sales,Sales Executive,2,Full-time,85,94.0,1,0,0,54.7,0.502,62,53,5,69.4,2,3,3.0,9.6,0,0
ORG06213,B,Dell Latitude,27,Male,Sales,Sales Executive,1,Full-time,59,95.5,2,0,1,82.3,0.666,62,50,8,77.9,0,1,4.0,16.0,0,0
ORG03259,C,Dell Latitude,34,Male,Operations,Process Analyst,2,Full-time,105,99.3,1,1,0,36.1,0.589,45,35,1,45.3,2,0,,31.9,1,1
ORG00965,B,Acer TravelMate,21,Male,IT,IT Support,1,Contract,1,92.5,1,1,2,51.5,0.474,37,23,5,54.6,3,1,2.0,13.1,0,0
ORG01043,C,HP ProBook,26,Male,Operations,Ops Associate,2,Full-time,67,97.3,1,0,1,34.1,0.609,77,56,5,42.7,7,1,2.0,14.2,1,1
ORG00089,A,HP ProBook,37,Male,Engineering,DevOps Engineer,3,Full-time,87,96.8,1,1,1,68.8,0.701,56,43,4,70.0,1,0,3.0,18.8,0,0
ORG03163,C,HP ProBook,29,Female,Engineering,Data Scientist,5,Full-time,3,93.3,2,1,1,68.2,0.717,46,37,5,67.9,1,1,4.0,21.6,3,1
ORG00234,A,Dell Latitude,30,Female,Operations,Ops Associate,2,Full-time,100,96.9,0,0,0,59.3,0.675,91,75,1,55.2,3,1,3.0,11.0,2,0
ORG00325,C,Lenovo ThinkPad,25,Male,HR,HR Executive,1,Full-time,66,94.0,1,1,1,47.7,0.742,42,32,3,61.7,7,2,3.0,7.9,0,1
ORG02903,D,Dell Latitude,29,Female,Engineering,Data Analyst,3,Full-time,107,93.0,2,4,1,68.4,0.847,47,39,7,70.9,1,0,4.0,8.8,2,0
ORG00209,B,HP ProBook,23,Female,Engineering,QA Analyst,2,Full-time,21,88.1,4,0,1,65.4,0.681,41,30,5,67.9,2,1,3.0,19.3,1,0
ORG03814,D,HP ProBook,28,Male,Engineering,Software Engineer,3,Full-time,6,90.6,3,2,1,54.3,0.459,59,43,10,36.1,5,2,2.0,11.7,4,1
ORG01894,B,Dell Latitude,31,Male,Engineering,Software Engineer,2,Full-time,103,97.3,1,0,0,81.9,0.722,26,25,1,79.9,1,0,5.0,6.4,1,0
ORG05958,C,Lenovo ThinkPad,28,Male,Engineering,Data Scientist,3,Full-time,112,95.6,1,3,0,88.0,0.881,40,36,3,90.5,0,0,5.0,9.1,2,0
ORG03551,A,HP ProBook,27,Female,Marketing,Performance Marketer,3,Full-time,97,92.6,0,3,0,82.0,0.875,47,40,6,77.4,0,0,4.0,9.5,1,0
ORG00433,C,Dell Latitude,31,Male,Operations,Process Analyst,2,Full-time,100,95.7,1,2,0,78.4,0.706,55,41,4,70.5,2,1,4.0,3.9,1,0
ORG01673,A,Lenovo ThinkPad,40,Male,Finance,Accounts Executive,3,Full-time,117,96.9,1,1,1,83.6,0.83,69,67,4,92.2,0,0,5.0,10.1,0,0
ORG02234,B,Lenovo ThinkPad,29,Female,IT,System Admin,3,Full-time,31,94.9,1,0,0,85.7,0.824,62,50,6,75.3,1,0,4.0,23.9,2,0
ORG03066,C,Dell Latitude,30,Female,Customer Support,Support Associate,1,Full-time,59,94.1,1,2,1,76.6,0.724,119,102,7,66.2,1,0,4.0,5.3,1,0
ORG01486,D,Lenovo ThinkPad,31,Male,Engineering,Software Engineer,5,Full-time,11,94.1,0,3,0,82.5,0.642,47,42,2,76.4,3,0,5.0,14.9,2,0
ORG06002,A,Dell Latitude,27,Female,Engineering,Software Engineer,3,Full-time,22,93.0,0,1,0,70.4,0.545,46,39,2,68.8,1,0,3.0,19.1,0,0
ORG05005,A,HP ProBook,27,Male,Engineering,Data Scientist,3,Full-time,25,97.7,0,1,0,69.5,0.677,23,17,1,54.7,4,1,4.0,16.6,0,0
ORG03095,C,MacBook Pro,25,Female,Customer Support,Support Lead,3,Full-time,5,86.9,1,3,2,59.4,0.764,84,70,15,54.3,4,2,2.0,19.2,2,1
ORG01220,A,Dell Latitude,35,Female,Engineering,DevOps Engineer,3,Full-time,120,97.3,0,1,0,54.7,0.57,49,41,0,47.5,2,0,3.0,11.4,0,0
ORG01576,A,HP ProBook,23,Male,Sales,Sales Executive,1,Full-time,37,91.1,0,4,0,70.4,0.638,55,43,7,61.7,3,5,2.0,11.2,2,0
ORG06209,D,Lenovo ThinkPad,30,Male,Engineering,Data Scientist,3,Full-time,113,95.6,2,1,1,54.9,0.745,38,29,3,59.2,4,2,3.0,7.5,1,1
ORG03249,B,Dell Latitude,26,Male,Marketing,Marketing Executive,1,Contract,14,94.1,2,1,0,48.3,0.612,31,23,3,49.5,2,1,3.0,18.7,0,0
ORG00623,D,HP ProBook,30,Male,IT,IT Support,3,Full-time,49,92.2,0,3,0,50.5,0.354,41,24,6,43.5,8,3,1.0,22.4,1,1
ORG03971,D,Dell Latitude,23,Male,IT,IT Support,1,Contract,17,91.6,2,3,1,64.3,0.884,61,51,7,61.1,5,1,4.0,19.0,0,0
ORG01889,D,MacBook Pro,26,Male,HR,HR Executive,1,Full-time,31,95.7,1,2,0,54.7,0.834,17,13,1,61.0,3,0,4.0,9.4,2,1
ORG02116,C,MacBook Pro,24,Male,Marketing,Marketing Executive,1,Full-time,75,100.0,0,0,0,49.9,0.667,27,21,1,65.6,1,0,3.0,11.7,0,0
ORG02754,B,Lenovo ThinkPad,28,Female,Engineering,Software Engineer,2,Full-time,21,91.4,2,3,1,62.3,0.808,20,13,3,77.7,1,0,3.0,9.0,1,1
ORG04843,C,HP ProBook,35,Female,Sales,Account Manager,4,Full-time,79,98.5,2,0,1,65.4,0.9,49,41,5,71.2,1,0,4.0,28.4,1,0
ORG00487,D,Lenovo ThinkPad,33,Female,Customer Support,Support Lead,4,Full-time,53,99.4,2,1,0,69.9,0.851,149,123,24,84.3,1,0,4.0,59.3,4,0
ORG04535,A,HP ProBook,24,Female,Customer Support,Support Lead,2,Full-time,32,92.8,1,3,1,70.2,0.434,103,80,10,46.3,2,0,2.0,12.7,0,1
ORG02025,D,HP ProBook,21,Female,Customer Support,Support Associate,1,Contract,2,90.8,1,1,0,72.7,0.625,71,48,8,73.1,2,1,2.0,8.8,1,0
ORG05287,A,Dell Latitude,27,Female,Finance,Finance Analyst,2,Full-time,69,91.2,1,1,0,87.6,0.719,56,47,4,80.7,1,0,4.0,14.2,2,0
ORG05319,C,Lenovo ThinkPad,27,Female,Customer Support,Support Lead,2,Full-time,43,98.2,1,0,0,76.9,0.673,124,109,10,69.7,2,1,4.0,16.8,1,1
ORG01104,D,HP ProBook,21,Female,HR,HR Executive,2,Full-time,32,93.0,1,1,0,55.6,0.648,64,48,5,62.2,1,2,3.0,13.3,0,1
ORG01946,C,Lenovo ThinkPad,34,Female,Marketing,Performance Marketer,3,Full-time,41,100.0,0,0,0,60.0,0.558,37,32,0,68.1,3,1,5.0,,2,0
ORG04181,B,Lenovo ThinkPad,28,Female,Finance,Finance Analyst,2,Full-time,90,92.6,2,3,1,65.1,0.608,35,22,4,68.3,3,1,2.0,10.8,0,1
ORG03827,D,Acer TravelMate,23,Female,Sales,Account Manager,2,Full-time,46,94.3,2,0,0,50.3,0.704,62,54,2,65.9,3,3,4.0,28.6,0,0
ORG02671,D,HP ProBook,33,Female,Operations,Process Analyst,2,Full-time,101,92.5,0,2,0,70.5,0.84,101,93,11,71.7,1,1,4.0,16.8,2,0
ORG03537,A,Dell Latitude,25,Male,Sales,Account Manager,2,Full-time,54,98.0,1,1,0,50.7,0.619,39,30,1,78.1,1,0,3.0,9.5,1,0
ORG01695,C,Lenovo ThinkPad,23,Female,Operations,Ops Associate,1,Full-time,85,96.3,0,0,0,40.3,0.6,100,68,9,53.0,1,0,3.0,15.7,1,0
ORG04078,C,Lenovo ThinkPad,25,Male,Operations,Process Analyst,2,Full-time,117,95.5,0,3,0,53.1,0.656,58,48,8,64.5,4,1,4.0,14.6,2,1
ORG04328,A,Dell Latitude,23,Male,Finance,Accounts Executive,1,Full-time,7,97.9,0,1,0,58.6,0.565,44,36,1,78.2,2,0,3.0,17.5,1,0
ORG04988,B,HP ProBook,37,Female,Engineering,QA Analyst,4,Full-time,81,91.3,3,3,0,68.6,0.741,37,30,5,62.8,1,0,4.0,15.9,4,0
ORG00199,B,Dell Latitude,30,Male,Engineering,QA Analyst,3,Full-time,40,100.0,0,0,0,79.5,0.692,51,42,3,71.8,0,1,4.0,,1,0
ORG02755,D,Lenovo ThinkPad,35,Female,Marketing,Performance Marketer,3,Full-time,120,92.8,1,2,3,94.2,0.854,35,32,3,99.0,0,1,3.0,38.1,1,0
ORG03544,C,Lenovo ThinkPad,33,Male,Sales,Inside Sales Rep,3,Full-time,64,95.8,0,0,0,44.4,0.588,78,64,7,59.1,4,3,3.0,7.7,0,1
ORG05447,D,Dell Latitude,28,Male,HR,HR Executive,2,Full-time,31,98.3,1,2,0,76.0,0.768,22,18,1,78.3,0,0,4.0,24.1,4,0
ORG02165,B,Lenovo ThinkPad,36,Male,Marketing,Performance Marketer,4,Full-time,37,96.6,0,2,0,66.2,0.693,29,24,2,82.4,1,0,3.0,15.4,0,0
ORG00829,A,Lenovo ThinkPad,23,Male,Marketing,Marketing Executive,1,Full-time,91,92.8,2,0,0,65.5,0.639,44,30,3,59.6,1,1,3.0,7.5,1,0
ORG00697,C,Dell Latitude,33,Female,Finance,Accounts Executive,1,Full-time,106,100.0,0,0,0,55.2,,34,28,1,58.6,3,2,2.0,11.5,2,0
ORG05290,D,Dell Latitude,29,Male,Operations,Ops Lead,3,Full-time,73,94.4,2,1,0,76.6,0.732,72,55,6,70.3,0,0,3.0,23.5,3,0
ORG02888,C,Lenovo ThinkPad,30,Female,IT,System Admin,3,Full-time,20,93.9,1,2,0,79.3,0.827,73,57,11,77.4,2,0,4.0,9.6,0,0
ORG01194,D,Acer TravelMate,21,Male,IT,IT Support,1,Full-time,4,94.2,0,1,1,49.8,0.549,46,32,4,57.2,0,0,1.0,23.3,0,1
ORG06153,A,Lenovo ThinkPad,24,Male,Sales,Account Manager,4,Contract,6,92.9,0,0,0,49.3,0.402,40,26,4,59.4,1,0,2.0,18.5,1,0
ORG02657,C,MacBook Pro,33,Male,Sales,Sales Executive,3,Full-time,31,92.7,0,0,0,58.3,0.643,59,44,4,63.2,0,1,3.0,24.0,1,0
ORG04735,C,Lenovo ThinkPad,29,Male,Marketing,Marketing Executive,1,Full-time,105,91.9,2,0,1,33.3,0.538,48,29,5,42.6,4,2,2.0,13.0,4,1
ORG01860,A,Lenovo ThinkPad,34,Male,Sales,Sales Executive,3,Full-time,57,96.2,1,2,0,49.0,0.37,53,36,3,45.6,5,1,2.0,8.9,1,0
ORG05209,B,Dell Latitude,24,Female,Engineering,Software Engineer,2,Full-time,38,96.1,0,1,1,85.4,0.982,50,45,1,86.9,1,0,5.0,9.0,1,0
ORG01176,A,Dell Latitude,22,Male,Finance,Accounts Executive,1,Contract,10,89.7,4,1,2,60.0,0.726,39,29,4,73.4,0,1,3.0,6.9,1,0
ORG03036,D,Dell Latitude,30,Female,Finance,Finance Analyst,2,Full-time,106,96.3,0,2,3,49.6,0.511,28,20,3,71.0,1,0,3.0,6.4,0,0
ORG02760,D,Dell Latitude,27,Male,Customer Support,Support Lead,2,Full-time,77,93.5,4,2,0,48.7,0.735,95,74,11,76.2,1,3,4.0,15.6,3,0
ORG05094,D,Lenovo ThinkPad,36,Male,Sales,Account Manager,3,Full-time,113,93.0,1,2,1,61.6,0.748,68,53,6,68.7,0,2,3.0,22.8,2,1
ORG01198,C,MacBook Pro,29,Female,Operations,Process Analyst,2,Full-time,86,92.6,5,0,0,67.5,0.676,85,70,12,80.1,2,1,3.0,5.7,0,0
ORG03719,C,Lenovo ThinkPad,37,Male,Marketing,Marketing Executive,2,Full-time,112,93.1,1,1,1,71.8,0.871,42,33,4,68.0,2,1,4.0,31.1,2,0
ORG01376,A,Lenovo ThinkPad,35,Female,Engineering,DevOps Engineer,4,Full-time,63,90.8,3,3,2,59.9,0.753,48,31,7,74.4,3,0,3.0,18.4,0,0
ORG02580,B,HP ProBook,29,Female,Marketing,Marketing Executive,2,Full-time,32,94.1,1,1,0,81.0,0.898,38,34,3,73.4,1,0,4.0,8.9,1,0
ORG01579,A,HP ProBook,29,Male,IT,System Admin,2,Full-time,53,95.1,1,3,0,62.8,0.719,25,15,2,51.7,1,0,3.0,37.0,1,0
ORG00492,C,Acer TravelMate,31,Male,Operations,Process Analyst,3,Contract,5,87.1,6,3,1,77.2,0.979,70,53,12,62.1,1,0,4.0,12.2,2,1
ORG04160,A,HP ProBook,32,Male,Engineering,QA Analyst,3,Full-time,64,96.8,2,1,0,74.1,0.689,46,35,3,76.7,2,0,3.0,30.7,3,0
ORG05944,A,Dell Latitude,23,Female,HR,HR Executive,1,Full-time,95,96.3,2,0,0,68.9,0.772,21,15,1,84.8,0,0,4.0,10.4,1,0
ORG02647,C,Lenovo ThinkPad,28,Female,Finance,Finance Analyst,2,Full-time,94,91.7,2,5,0,66.3,0.595,63,50,9,64.3,2,3,3.0,21.6,1,1
ORG01345,D,Dell Latitude,26,Female,IT,System Admin,2,Contract,5,92.7,7,1,0,77.3,0.549,57,41,9,79.6,1,0,3.0,17.8,0,0
ORG02164,A,Acer TravelMate,24,Male,Customer Support,Support Associate,1,Full-time,94,96.8,1,0,0,52.5,0.635,123,108,5,59.9,3,0,3.0,5.2,0,1
ORG00866,D,HP ProBook,33,Female,Marketing,Performance Marketer,3,Full-time,12,95.5,1,2,1,66.4,0.528,39,27,4,54.4,0,0,2.0,14.8,1,1
ORG02378,A,Lenovo ThinkPad,27,Male,Operations,Ops Lead,4,Contract,15,95.1,3,1,1,76.0,0.88,58,53,6,78.4,0,0,5.0,36.1,1,0
ORG04051,A,HP ProBook,34,Female,IT,System Admin,4,Full-time,5,100.0,0,1,0,73.0,0.699,68,60,2,83.7,1,0,4.0,52.4,5,0
ORG01635,B,HP ProBook,42,Male,IT,System Admin,4,Full-time,53,94.7,1,0,0,47.4,0.299,22,15,0,39.9,3,2,1.0,19.8,4,1
ORG05832,B,Lenovo ThinkPad,26,Female,Sales,Inside Sales Rep,1,Full-time,30,99.1,2,0,0,62.5,0.828,31,27,2,72.5,2,1,4.0,26.1,3,0
ORG05951,A,Lenovo ThinkPad,28,Other,Sales,Inside Sales Rep,2,Full-time,80,99.9,0,1,0,61.4,0.668,47,37,2,54.8,2,1,3.0,9.0,4,0
ORG02917,D,Dell Latitude,33,Female,Sales,Sales Executive,3,Full-time,80,97.5,0,3,0,60.9,0.619,65,54,4,64.5,1,1,3.0,7.5,0,0
ORG01352,A,HP ProBook,27,Male,HR,Talent Acquisition,3,Full-time,28,97.9,0,1,0,90.6,0.855,60,50,2,80.7,0,0,5.0,34.4,1,0
ORG03255,B,HP ProBook,33,Female,Engineering,DevOps Engineer,3,Full-time,120,94.4,3,1,1,69.9,0.829,46,34,5,63.8,0,1,3.0,37.3,1,0
ORG02289,D,HP ProBook,32,Male,Engineering,QA Analyst,2,Full-time,98,92.9,2,0,0,70.0,0.75,41,28,4,67.8,0,0,3.0,12.0,0,0
ORG03883,D,Lenovo ThinkPad,28,Female,Finance,Accounts Executive,3,Contract,12,95.9,1,0,0,64.9,0.487,40,27,3,54.9,1,0,3.0,16.3,2,1
ORG01771,A,Dell Latitude,29,Female,Operations,Process Analyst,2,Full-time,16,96.1,0,1,0,58.5,0.753,53,41,5,66.9,2,0,3.0,13.8,1,0
ORG05164,D,Acer TravelMate,22,Male,Customer Support,Support Associate,3,Contract,5,96.0,5,3,0,81.9,0.847,106,84,13,82.7,2,0,3.0,15.3,2,0
ORG01871,D,Lenovo ThinkPad,28,Female,Sales,Sales Executive,1,Contract,17,92.4,2,2,0,74.2,0.734,66,55,6,66.1,4,2,5.0,5.9,0,0
ORG01502,B,Dell Latitude,33,Male,IT,IT Support,3,Full-time,23,96.3,1,0,0,71.7,0.778,44,40,0,69.3,1,0,3.0,22.1,0,0
ORG04706,B,Lenovo ThinkPad,31,Male,Sales,Inside Sales Rep,2,Full-time,96,93.7,1,2,0,72.6,0.695,61,49,8,80.4,3,0,3.0,11.5,0,0
ORG03132,C,HP ProBook,28,Male,Marketing,Content Specialist,1,Full-time,92,97.9,0,1,0,25.0,0.267,37,28,0,45.8,3,0,2.0,6.2,0,1
ORG02874,A,Lenovo ThinkPad,26,Female,Sales,Sales Executive,1,Full-time,104,99.3,0,0,0,63.0,0.605,48,44,0,54.3,1,2,4.0,3.6,2,1
ORG00240,A,Dell Latitude,41,Female,Engineering,QA Analyst,3,Full-time,18,95.3,1,0,0,63.0,0.685,24,20,1,53.3,8,1,3.0,26.9,3,0
ORG01375,C,Dell Latitude,29,Male,IT,System Admin,2,Contract,16,100.0,0,1,0,77.8,0.973,27,26,0,81.1,2,0,5.0,16.6,0,0
ORG06084,B,Dell Latitude,31,Female,Engineering,DevOps Engineer,3,Full-time,74,100.0,0,0,1,52.9,0.673,50,46,0,62.2,1,0,2.0,21.0,2,0
ORG03961,B,HP ProBook,21,Female,Sales,Inside Sales Rep,1,Full-time,64,91.2,2,2,0,54.9,0.471,45,30,6,52.9,2,1,1.0,11.9,0,1
ORG04547,B,Dell Latitude,24,Female,IT,IT Support,2,Full-time,68,97.0,1,1,1,30.0,0.556,52,42,2,49.2,3,3,3.0,21.3,4,1
ORG05756,C,Lenovo ThinkPad,28,Male,Operations,Ops Lead,3,Full-time,43,94.8,3,2,0,42.6,0.518,72,48,5,57.9,1,1,1.0,33.0,2,1
ORG06111,A,HP ProBook,26,Male,Engineering,QA Analyst,2,Full-time,53,92.1,0,3,1,58.5,0.814,20,17,2,69.8,3,1,4.0,11.8,2,0
ORG03354,C,HP ProBook,25,Female,Sales,Inside Sales Rep,2,Full-time,97,97.6,0,0,0,43.1,0.702,78,57,6,64.8,2,0,3.0,25.4,2,0
ORG00038,A,HP ProBook,30,Male,Customer Support,Support Associate,3,Full-time,109,98.0,1,2,0,60.7,0.936,103,85,11,82.0,1,1,5.0,9.7,1,0
ORG00080,C,Acer TravelMate,32,Female,Finance,Finance Analyst,2,Full-time,55,94.9,0,2,0,37.0,0.443,29,18,4,44.7,3,0,1.0,20.6,1,1
ORG00168,D,Dell Latitude,23,Female,HR,HR Executive,1,Full-time,40,93.4,1,2,1,62.3,0.565,19,14,2,58.7,3,0,3.0,17.2,0,0
ORG02599,A,Acer TravelMate,33,Female,IT,IT Support,3,Full-time,4,96.1,0,2,0,66.0,0.797,64,55,4,81.0,1,0,4.0,8.1,1,0
ORG06107,A,Dell Latitude,29,Female,IT,IT Support,3,Full-time,68,90.4,2,0,0,89.6,1.0,40,39,2,87.6,1,0,5.0,30.1,0,0
ORG01841,C,Dell Latitude,43,Female,Engineering,DevOps Engineer,5,Full-time,111,92.1,0,1,0,71.8,0.787,30,23,1,76.9,2,0,4.0,34.0,1,0
ORG02544,D,Lenovo ThinkPad,30,Male,Sales,Account Manager,2,Full-time,40,85.7,5,3,2,59.5,0.731,50,38,8,72.1,1,1,2.0,6.2,0,0
ORG04775,C,Lenovo ThinkPad,38,Male,Engineering,Data Scientist,4,Full-time,78,91.4,1,3,0,60.1,0.556,53,35,8,56.5,5,0,3.0,9.8,3,0
ORG01254,B,Acer TravelMate,23,Male,Operations,Ops Lead,2,Full-time,11,98.4,1,6,0,56.4,0.554,49,33,8,57.0,1,2,3.0,13.0,0,1
ORG02821,C,HP ProBook,21,Male,Sales,Inside Sales Rep,1,Contract,5,92.1,3,1,1,46.3,0.541,68,53,8,56.4,2,1,3.0,27.0,1,1
ORG03820,B,Dell Latitude,23,Female,HR,HR Executive,3,Full-time,3,93.6,2,3,0,78.5,0.781,25,21,3,73.1,1,1,3.0,20.3,2,0
ORG00806,C,HP ProBook,38,Other,Engineering,Software Engineer,5,Full-time,93,95.3,2,1,2,70.3,0.768,59,51,4,74.1,0,0,5.0,42.7,1,0
ORG04636,D,Dell Latitude,27,Male,Engineering,Data Scientist,3,Full-time,70,95.5,1,1,0,68.8,0.566,29,22,1,70.5,1,0,3.0,8.0,2,0
ORG00469,A,Dell Latitude,34,Female,Engineering,QA Analyst,3,Full-time,73,90.8,2,2,0,53.3,0.66,24,15,3,65.6,3,0,3.0,10.5,1,1
ORG05926,B,Lenovo ThinkPad,30,Female,Engineering,QA Analyst,2,Full-time,48,94.5,1,1,1,69.1,0.799,22,16,2,62.5,3,0,4.0,59.9,1,1
ORG00707,A,Lenovo ThinkPad,25,Male,Finance,Finance Analyst,2,Full-time,11,87.2,2,3,0,54.1,0.587,31,23,5,60.9,2,0,2.0,7.8,1,0
ORG02145,C,Lenovo ThinkPad,25,Female,Sales,Sales Executive,3,Full-time,21,93.6,0,0,0,74.1,0.628,59,50,6,63.1,1,1,3.0,35.4,3,0
ORG02526,C,HP ProBook,27,Male,Engineering,Data Analyst,2,Full-time,46,94.8,1,1,0,81.9,0.925,27,21,2,86.6,0,0,5.0,16.6,1,0
ORG00051,A,HP ProBook,29,Male,Engineering,Software Engineer,3,Full-time,63,95.0,4,2,1,38.3,0.591,57,40,5,63.4,1,0,,21.1,1,0
ORG04260,C,MacBook Pro,31,Male,Sales,Sales Executive,2,Full-time,101,97.7,0,2,0,44.5,0.557,39,30,1,37.7,5,1,3.0,24.9,1,1
ORG04035,C,Dell Latitude,33,Male,Engineering,Data Scientist,3,Full-time,81,98.6,0,1,0,65.2,0.887,58,54,2,77.9,0,0,5.0,11.0,1,0
ORG03572,A,HP ProBook,29,Female,Engineering,QA Analyst,3,Full-time,44,99.2,1,0,0,64.8,0.847,46,39,2,68.3,0,0,4.0,13.8,0,0
ORG01617,D,Lenovo ThinkPad,32,Male,Engineering,QA Analyst,3,Full-time,76,95.4,2,1,0,98.0,0.955,42,37,2,88.0,1,0,5.0,14.9,1,0
ORG04483,A,MacBook Pro,24,Male,Finance,Accounts Executive,2,Full-time,18,94.9,1,0,0,41.2,0.836,24,19,2,79.9,0,0,3.0,36.4,1,0
ORG02790,A,Lenovo ThinkPad,31,Male,Sales,Sales Executive,2,Full-time,117,89.2,1,4,0,81.6,0.732,61,42,7,74.2,1,1,3.0,14.0,0,0
ORG06068,A,HP ProBook,33,Male,Sales,Account Manager,3,Full-time,62,95.1,0,1,1,80.1,0.889,54,48,5,77.2,1,1,5.0,7.8,2,0
ORG02729,B,Dell Latitude,28,Male,Sales,Account Manager,2,Full-time,98,100.0,1,0,1,56.8,0.77,40,30,1,63.8,1,5,4.0,7.0,1,0
ORG05364,B,Lenovo ThinkPad,28,Male,Marketing,Content Specialist,2,Full-time,82,99.8,0,0,2,62.1,0.445,60,44,2,52.2,4,1,3.0,14.7,1,0
ORG04586,C,HP ProBook,30,Female,Finance,Finance Analyst,4,Full-time,34,97.9,1,2,1,50.3,0.615,82,61,8,65.5,0,1,3.0,29.7,2,1
ORG04111,B,Lenovo ThinkPad,25,Male,Sales,Inside Sales Rep,2,Full-time,58,93.3,3,1,3,74.8,0.69,50,37,6,63.7,1,0,3.0,8.4,0,0
ORG02478,D,Lenovo ThinkPad,29,Male,Engineering,QA Analyst,4,Full-time,9,95.1,1,2,1,72.0,0.753,55,46,5,66.7,2,0,3.0,32.9,3,0
ORG01666,A,Dell Latitude,23,Female,HR,HR Executive,2,Full-time,44,96.3,1,1,0,71.4,0.747,53,48,4,70.2,3,1,3.0,9.1,0,0
ORG05357,C,Lenovo ThinkPad,29,Male,Operations,Ops Associate,2,Full-time,25,98.9,0,1,0,65.5,0.683,98,85,3,55.3,3,1,4.0,7.1,2,0
ORG03209,A,Dell Latitude,37,Female,Engineering,Data Scientist,5,Full-time,109,94.4,0,0,1,81.8,0.845,44,41,5,78.9,0,0,5.0,12.1,1,0
ORG02842,B,Acer TravelMate,28,Female,Customer Support,Support Associate,3,Full-time,53,89.6,1,3,2,64.8,0.635,118,81,24,71.8,1,2,3.0,30.4,1,0
ORG05602,A,Dell Latitude,29,Female,Engineering,Data Analyst,2,Full-time,70,88.8,2,6,0,82.2,0.794,24,21,4,85.1,3,0,3.0,11.7,1,0
ORG05169,A,Dell Latitude,29,Female,Engineering,DevOps Engineer,3,Full-time,45,100.0,0,0,0,64.6,0.65,47,43,0,81.6,2,0,5.0,12.8,2,0
ORG00545,B,Acer TravelMate,35,Female,Engineering,Data Scientist,4,Full-time,93,93.8,3,4,0,91.9,0.73,68,61,7,91.7,0,0,5.0,15.9,7,0
ORG02203,A,Dell Latitude,33,Female,Marketing,Performance Marketer,3,Full-time,13,90.8,3,2,0,76.4,0.975,47,40,4,93.7,0,0,5.0,15.3,0,0
ORG04830,D,Lenovo ThinkPad,29,Male,Marketing,Performance Marketer,4,Full-time,80,93.5,3,2,1,88.8,1.0,70,63,7,99.0,0,0,4.0,12.8,1,0
ORG00094,A,Dell Latitude,36,Male,Sales,Account Manager,3,Full-time,68,94.8,2,2,1,60.2,1.0,80,72,8,80.0,0,1,5.0,11.0,0,0
ORG01224,A,MacBook Pro,27,Female,Operations,Ops Lead,3,Contract,6,100.0,2,0,0,72.0,0.752,85,77,8,84.9,0,0,5.0,14.5,0,0
ORG04527,A,Dell Latitude,32,Male,Finance,Accounts Executive,3,Full-time,29,96.1,1,2,1,67.1,0.617,24,19,2,66.0,3,0,2.0,9.4,0,1
ORG06112,C,HP ProBook,26,Male,Sales,Account Manager,3,Full-time,63,90.3,4,3,3,64.4,0.615,82,68,14,62.9,4,4,3.0,13.9,2,1
ORG01607,C,Dell Latitude,28,Male,IT,IT Support,2,Contract,16,92.9,1,1,1,47.9,0.553,35,26,1,54.6,4,0,3.0,7.0,0,0
ORG05947,D,Dell Latitude,22,Male,Engineering,QA Analyst,2,Contract,4,97.5,2,1,0,46.0,0.564,42,32,4,44.4,5,0,3.0,10.3,1,1
ORG01923,B,Dell Latitude,30,Female,Customer Support,Support Associate,2,Full-time,56,98.6,2,2,0,85.0,0.972,104,87,12,68.7,1,1,4.0,16.2,2,0
ORG06207,C,Dell Latitude,30,Female,Sales,Account Manager,3,Full-time,37,100.0,0,0,0,92.1,0.61,53,51,0,83.1,1,0,4.0,23.8,2,0
ORG00352,C,Lenovo ThinkPad,32,Male,Engineering,Data Analyst,3,Full-time,105,95.0,3,0,1,64.9,0.769,56,47,5,66.1,1,2,4.0,16.0,2,0
ORG04864,A,Lenovo ThinkPad,33,Male,Finance,Finance Analyst,4,Full-time,17,93.8,2,2,1,76.2,0.772,49,43,4,73.0,2,1,3.0,11.9,2,0
ORG02319,C,Dell Latitude,25,Female,Customer Support,Support Associate,2,Full-time,32,97.2,3,1,0,58.9,,107,76,18,54.2,1,1,3.0,14.8,1,1
ORG01159,D,Lenovo ThinkPad,23,Male,Customer Support,Support Associate,2,Full-time,3,90.9,1,2,0,49.2,0.557,117,77,16,53.8,5,4,2.0,27.5,1,1
ORG02303,B,Lenovo ThinkPad,25,Female,Customer Support,Support Associate,1,Contract,8,86.6,0,2,0,68.1,0.761,125,91,20,85.2,3,2,4.0,7.4,0,1
ORG00092,B,HP ProBook,27,Male,Operations,Ops Lead,2,Full-time,120,97.7,0,2,0,83.5,0.863,88,69,9,82.6,0,0,4.0,12.0,2,0
ORG02858,B,Lenovo ThinkPad,23,Female,Customer Support,Support Lead,2,Full-time,98,95.2,1,2,0,57.4,0.789,101,87,13,66.5,0,1,3.0,5.9,1,1
ORG03110,A,Dell Latitude,28,Male,Marketing,Performance Marketer,2,Full-time,31,91.2,2,1,0,72.3,0.765,45,39,6,74.0,0,0,4.0,24.1,2,0
ORG01671,B,Lenovo ThinkPad,31,Female,Sales,Account Manager,2,Full-time,79,91.8,1,2,0,66.3,0.816,43,33,4,62.9,3,3,,7.4,1,0
ORG02119,B,HP ProBook,36,Female,Engineering,Software Engineer,4,Full-time,41,97.6,2,1,0,77.1,0.611,39,30,2,73.2,1,0,4.0,32.7,1,0
ORG05188,B,Lenovo ThinkPad,31,Male,Customer Support,Support Lead,2,Full-time,16,93.8,3,1,1,75.8,0.598,125,110,13,77.3,2,1,2.0,28.0,2,0
ORG03533,A,HP ProBook,29,Male,Customer Support,Support Associate,1,Full-time,78,92.8,2,2,1,86.3,0.598,77,67,10,78.8,2,1,4.0,7.4,0,0
ORG05846,A,Lenovo ThinkPad,25,Female,Marketing,Content Specialist,2,Full-time,41,89.7,3,2,5,85.5,0.928,40,32,6,90.6,0,0,4.0,6.6,1,0
ORG00382,B,Dell Latitude,27,Female,Marketing,Performance Marketer,2,Full-time,73,98.1,0,3,0,72.1,0.795,36,27,2,78.9,0,0,4.0,40.7,2,0
ORG02860,B,HP ProBook,31,Female,Customer Support,Support Lead,3,Full-time,107,100.0,0,0,0,62.9,0.837,72,67,2,70.3,1,0,4.0,21.4,1,0
ORG02376,C,Dell Latitude,32,Male,Engineering,Data Analyst,4,Contract,17,91.4,1,0,1,88.2,0.754,29,23,4,73.6,0,0,3.0,,2,0
ORG02578,C,Dell Latitude,29,Male,HR,HR Executive,3,Full-time,26,97.5,1,4,0,71.0,0.733,53,49,3,73.4,1,0,4.0,27.4,2,0
ORG03423,D,HP ProBook,25,Female,Operations,Process Analyst,3,Full-time,17,90.8,3,1,3,60.3,0.455,77,53,17,61.5,3,2,2.0,18.1,0,1
ORG00466,D,HP ProBook,25,Male,Operations,Process Analyst,2,Contract,5,90.9,2,1,0,56.2,0.623,106,64,15,70.9,3,1,4.0,2.4,0,1
ORG00512,A,HP ProBook,31,Male,HR,HR Executive,3,Full-time,110,95.9,1,1,0,70.3,0.671,27,24,0,64.1,3,0,4.0,23.2,1,0
ORG04217,A,MacBook Pro,32,Female,Operations,Ops Associate,2,Full-time,105,93.3,3,3,0,81.9,0.883,79,72,8,79.9,3,1,4.0,31.5,2,0
ORG05835,D,HP ProBook,28,Male,Customer Support,Support Associate,2,Full-time,25,98.1,1,1,1,74.2,0.717,66,63,5,84.8,0,1,4.0,4.6,1,0
ORG04459,C,Dell Latitude,30,Male,Engineering,Data Scientist,3,Full-time,94,100.0,0,0,0,57.0,0.594,52,48,3,74.0,0,0,4.0,16.1,0,0
ORG00426,D,Dell Latitude,27,Female,HR,HR Executive,2,Contract,12,93.3,1,4,0,98.0,1.0,30,25,3,91.8,0,0,5.0,12.2,0,0
ORG06239,B,MacBook Pro,34,Female,HR,Talent Acquisition,3,Full-time,3,90.4,1,2,1,79.3,0.972,35,28,5,74.3,0,0,4.0,27.3,1,0
ORG03464,C,MacBook Pro,29,Male,Sales,Sales Executive,2,Contract,5,93.9,5,2,1,95.2,0.851,59,52,9,92.8,0,1,5.0,10.3,1,0
ORG03106,D,HP ProBook,31,Male,Operations,Ops Associate,3,Full-time,58,100.0,0,1,0,69.4,0.731,108,105,0,52.0,1,1,4.0,10.1,1,0
ORG06016,B,Lenovo ThinkPad,30,Male,Engineering,Software Engineer,3,Full-time,59,95.2,1,4,1,84.9,0.743,33,30,3,72.8,1,0,4.0,12.9,1,0
ORG04370,D,HP ProBook,27,Female,Customer Support,Support Associate,3,Full-time,72,92.5,3,3,0,43.3,0.455,67,49,8,68.4,1,2,3.0,18.7,1,1
ORG00536,A,Dell Latitude,37,Female,Engineering,Data Analyst,4,Full-time,115,92.6,2,4,1,29.3,0.395,55,40,3,38.7,2,0,2.0,13.0,1,1
ORG00015,C,Acer TravelMate,33,Male,Customer Support,Support Lead,3,Full-time,90,90.0,4,2,0,66.1,0.413,139,103,32,66.4,3,1,2.0,15.7,0,1
ORG04897,C,Acer TravelMate,24,Female,Sales,Sales Executive,1,Contract,3,90.6,4,6,2,67.1,0.623,36,25,6,68.0,1,0,2.0,21.2,0,0
ORG01546,B,Dell Latitude,21,Male,Sales,Sales Executive,1,Contract,1,95.6,2,1,0,45.0,0.656,56,44,6,55.3,2,2,2.0,13.6,0,0
ORG06082,D,Lenovo ThinkPad,37,Female,Engineering,DevOps Engineer,5,Full-time,112,96.6,0,0,0,45.3,0.69,51,39,5,78.1,3,0,3.0,29.4,0,0
ORG01964,D,Dell Latitude,35,Male,Engineering,Data Analyst,4,Full-time,48,96.0,3,1,1,63.8,0.557,31,23,3,41.1,4,1,2.0,22.4,2,0
ORG01398,B,HP ProBook,30,Female,Marketing,Marketing Executive,2,Full-time,95,93.6,0,3,0,62.2,0.706,65,57,6,73.4,0,0,4.0,14.6,1,0
ORG05677,B,Lenovo ThinkPad,38,Male,Engineering,Data Scientist,5,Full-time,19,98.3,2,3,1,81.0,0.971,58,56,7,77.4,1,1,4.0,23.6,1,0
ORG00473,D,Lenovo ThinkPad,31,Female,Engineering,DevOps Engineer,4,Full-time,77,97.9,1,0,0,52.1,0.687,40,31,2,60.0,5,0,4.0,19.1,2,0
ORG06160,C,Dell Latitude,29,Male,Marketing,Marketing Executive,3,Full-time,80,95.9,1,1,0,83.6,0.959,40,35,3,70.4,3,0,5.0,17.0,1,0
ORG01196,D,MacBook Pro,35,Male,Engineering,Data Scientist,5,Full-time,22,89.8,2,4,1,77.8,0.797,68,52,11,67.6,3,0,3.0,13.6,0,0
ORG04671,D,HP ProBook,29,Female,Engineering,Software Engineer,3,Full-time,24,90.3,1,1,2,85.4,0.719,23,17,2,98.9,1,0,5.0,18.5,3,0
ORG02340,C,MacBook Pro,32,Female,Engineering,Software Engineer,5,Full-time,5,94.3,2,4,1,79.0,0.785,29,21,3,75.1,1,0,4.0,26.5,0,0
ORG05211,B,HP ProBook,30,Female,Customer Support,Support Associate,3,Full-time,37,93.1,2,2,0,73.8,0.682,82,60,10,86.7,0,0,4.0,24.3,1,1
ORG02669,B,Lenovo ThinkPad,28,Female,Operations,Ops Associate,1,Full-time,120,94.4,1,4,0,69.8,0.829,99,88,7,61.2,1,1,4.0,7.0,0,0
ORG03545,D,Lenovo ThinkPad,24,Female,Sales,Sales Executive,1,Full-time,59,93.4,2,3,1,73.0,0.881,65,53,7,83.8,2,1,4.0,8.9,0,0
ORG02570,B,HP ProBook,30,Female,IT,IT Support,3,Full-time,60,95.5,0,3,0,80.1,0.869,73,63,7,59.3,1,2,4.0,14.7,1,1
ORG04231,C,Dell Latitude,23,Female,IT,System Admin,2,Full-time,17,93.3,4,2,0,68.3,0.725,45,36,4,59.1,1,1,3.0,8.8,1,1
ORG04871,B,MacBook Pro,28,Male,Customer Support,Support Associate,3,Full-time,12,90.9,2,3,2,62.0,0.588,108,77,15,63.9,3,1,3.0,8.4,2,0
ORG06095,C,HP ProBook,29,Female,IT,IT Support,1,Full-time,41,94.0,1,1,0,57.9,0.603,41,29,4,55.2,2,0,2.0,10.6,1,0
ORG01774,D,HP ProBook,27,Female,Marketing,Marketing Executive,3,Full-time,18,100.0,2,0,1,77.1,0.915,56,52,2,85.7,2,0,4.0,10.5,0,0
ORG01836,B,Lenovo ThinkPad,38,Female,Engineering,DevOps Engineer,4,Full-time,115,99.1,1,0,0,86.3,0.932,60,58,2,79.6,1,0,5.0,14.7,2,0
ORG05205,D,Dell Latitude,35,Female,Engineering,Software Engineer,4,Full-time,80,94.6,2,2,0,79.8,1.0,31,27,1,90.8,0,0,5.0,10.9,1,0
ORG01033,D,Lenovo ThinkPad,23,Female,Customer Support,Support Associate,2,Full-time,52,92.2,3,1,1,65.7,0.556,128,94,21,55.5,1,1,1.0,20.8,0,0
ORG03132,C,HP ProBook,28,Male,Marketing,Content Specialist,1,Full-time,92,97.9,0,1,0,25.0,0.267,37,28,0,45.8,3,0,2.0,6.2,0,1
ORG03309,B,Lenovo ThinkPad,32,Female,Operations,Process Analyst,3,Full-time,35,92.5,0,2,0,45.4,0.633,53,39,3,52.7,4,0,3.0,32.7,2,0
ORG00544,B,Lenovo ThinkPad,23,Female,IT,IT Support,2,Contract,8,96.5,0,1,0,78.6,0.84,47,46,2,76.3,2,0,4.0,17.0,3,0
ORG00266,C,Acer TravelMate,39,Female,Engineering,DevOps Engineer,4,Full-time,102,96.7,3,3,0,71.1,0.633,57,47,3,58.0,2,2,3.0,14.2,0,0
ORG01570,C,Lenovo ThinkPad,27,Female,Customer Support,Support Associate,1,Full-time,39,93.6,1,2,0,41.6,0.548,111,84,18,50.9,2,3,1.0,15.1,2,0
ORG03214,B,Dell Latitude,30,Male,Operations,Ops Lead,2,Full-time,110,97.6,2,1,0,58.8,0.658,81,61,4,59.0,1,0,4.0,6.7,2,1
ORG05954,D,Dell Latitude,34,Male,Engineering,DevOps Engineer,5,Full-time,62,95.5,0,1,0,86.9,0.965,63,59,0,67.2,3,0,5.0,14.4,2,0
ORG02413,B,Dell Latitude,23,Male,Customer Support,Support Lead,2,Full-time,60,100.0,0,0,0,63.2,0.636,127,106,4,61.7,3,3,4.0,13.3,1,0
ORG00477,B,Dell Latitude,28,Female,Customer Support,Support Associate,1,Full-time,116,93.1,0,2,1,70.1,0.482,85,62,8,66.7,1,3,3.0,13.8,0,0
ORG01719,C,Lenovo ThinkPad,31,Male,Operations,Process Analyst,2,Full-time,115,91.6,3,2,2,67.2,0.587,51,43,5,68.4,2,1,4.0,22.2,2,0
ORG04511,B,HP ProBook,28,Male,Operations,Ops Lead,2,Contract,8,94.8,2,1,1,52.0,0.76,106,82,12,70.2,0,0,4.0,17.4,1,0
ORG02883,C,Acer TravelMate,27,Male,Customer Support,Support Lead,3,Full-time,71,93.0,1,3,0,53.8,0.584,120,89,17,56.0,5,2,2.0,29.5,3,1
ORG00197,D,Dell Latitude,23,Female,Operations,Ops Lead,2,Full-time,25,99.7,0,0,0,61.1,0.512,89,87,0,58.0,3,1,3.0,22.4,2,0
ORG01601,D,MacBook Pro,23,Male,Marketing,Marketing Executive,1,Contract,11,96.7,0,0,0,64.4,0.656,36,32,1,61.7,0,1,5.0,10.8,1,0
ORG03520,C,Dell Latitude,30,Male,Finance,Accounts Executive,1,Full-time,120,97.9,0,0,0,75.3,0.852,52,46,0,73.3,1,0,5.0,15.2,0,0
ORG03261,C,Acer TravelMate,28,Male,Engineering,DevOps Engineer,4,Full-time,59,90.2,3,2,1,,0.768,35,26,3,70.3,0,0,3.0,9.4,1,0
ORG02601,A,Lenovo ThinkPad,30,Male,Customer Support,Support Associate,2,Full-time,49,88.7,4,3,0,30.6,0.277,86,49,13,47.5,6,1,1.0,16.1,0,1
ORG02211,A,HP ProBook,29,Male,IT,System Admin,4,Full-time,80,94.7,2,0,0,68.0,0.703,83,64,5,62.0,1,0,,10.3,4,0
ORG00577,A,Acer TravelMate,24,Female,Marketing,Marketing Executive,1,Full-time,46,89.2,4,4,0,72.8,0.761,29,24,4,79.3,0,0,4.0,10.8,0,0
ORG04503,A,Lenovo ThinkPad,28,Male,Operations,Ops Lead,3,Full-time,10,91.5,4,1,0,77.1,0.994,102,84,13,70.4,2,1,5.0,16.9,0,0
ORG04330,A,HP ProBook,24,Female,Marketing,Content Specialist,1,Contract,17,94.0,1,0,3,73.7,0.758,33,22,4,67.6,2,0,4.0,9.4,1,0
ORG03117,A,Acer TravelMate,28,Male,Engineering,Data Analyst,3,Full-time,41,92.5,1,0,1,88.7,0.704,25,22,2,73.5,0,1,4.0,19.8,0,0
ORG00795,B,Lenovo ThinkPad,23,Male,Engineering,DevOps Engineer,3,Full-time,17,93.0,0,1,0,85.4,0.802,55,48,6,74.3,2,0,4.0,7.3,1,0
ORG00470,D,Dell Latitude,31,Female,Customer Support,Support Associate,2,Full-time,53,93.1,3,1,1,59.0,0.721,63,40,11,72.9,3,1,2.0,23.6,2,0
ORG05092,A,HP ProBook,36,Female,Finance,Finance Analyst,4,Full-time,90,92.5,2,2,1,58.8,0.893,63,53,9,76.6,1,0,3.0,31.8,2,0
ORG00085,D,Dell Latitude,34,Male,Engineering,Data Scientist,4,Full-time,98,90.3,1,4,1,91.7,0.768,19,14,2,88.9,0,0,4.0,26.5,0,0
ORG00028,B,Lenovo ThinkPad,38,Female,Engineering,Software Engineer,5,Full-time,69,96.3,0,0,0,97.1,1.0,41,36,3,86.7,1,0,5.0,16.5,1,0
ORG03816,B,HP ProBook,27,Female,Sales,Sales Executive,1,Full-time,38,93.4,0,2,0,51.9,0.571,59,35,6,47.0,2,1,1.0,13.3,1,1
ORG04162,D,MacBook Pro,28,Female,Sales,Sales Executive,3,Full-time,5,92.4,1,1,1,96.1,0.765,69,63,8,83.3,2,0,4.0,24.6,2,0
ORG02200,C,Dell Latitude,25,Male,Operations,Process Analyst,3,Full-time,20,94.8,2,0,0,67.5,0.658,101,78,13,69.1,0,0,3.0,13.6,0,0
ORG01468,B,HP ProBook,28,Female,Sales,Inside Sales Rep,2,Full-time,83,92.2,1,3,0,64.6,0.815,38,25,4,85.4,0,0,2.0,10.8,1,0
ORG02604,B,HP ProBook,33,Male,Finance,Finance Analyst,2,Full-time,113,98.9,2,1,0,77.3,0.906,68,66,4,69.1,3,0,5.0,17.3,0,0
ORG03542,A,Dell Latitude,30,Male,Customer Support,Support Lead,3,Contract,3,94.9,2,4,0,65.0,0.521,83,65,11,64.0,4,3,3.0,5.6,0,1
ORG00970,B,HP ProBook,29,Male,Engineering,QA Analyst,4,Full-time,44,94.5,1,1,0,66.9,0.627,54,39,4,70.0,2,0,3.0,8.2,2,0
ORG04899,B,Dell Latitude,32,Other,Marketing,Marketing Executive,2,Full-time,68,94.2,1,1,0,,0.739,54,42,9,79.7,0,0,4.0,4.9,0,0
ORG05606,C,Dell Latitude,26,Female,Customer Support,Support Associate,2,Full-time,31,98.6,2,1,0,76.5,0.673,120,107,15,68.0,0,3,3.0,38.9,2,1
ORG00379,A,MacBook Pro,23,Male,Sales,Inside Sales Rep,2,Full-time,49,93.0,1,5,0,41.0,0.525,42,23,6,50.5,1,1,1.0,20.8,0,1
ORG01651,A,HP ProBook,21,Female,Sales,Sales Executive,2,Full-time,32,92.3,3,1,0,56.4,0.68,53,40,5,67.5,0,2,2.0,11.0,1,1
ORG05955,B,Lenovo ThinkPad,24,Male,Customer Support,Support Lead,3,Full-time,14,97.8,1,0,0,53.6,0.498,100,66,6,39.2,2,4,2.0,19.8,2,1
ORG04297,C,Dell Latitude,27,Male,Customer Support,Support Lead,4,Full-time,21,92.6,2,0,0,78.0,0.722,72,65,8,85.2,0,0,4.0,16.3,2,0
ORG03212,B,Dell Latitude,30,Female,Finance,Finance Analyst,4,Full-time,38,99.0,2,3,0,65.9,0.671,33,22,4,50.1,3,0,3.0,31.5,2,1
ORG00612,B,Acer TravelMate,34,Male,Operations,Process Analyst,2,Full-time,98,100.0,1,0,0,44.3,0.548,101,77,8,55.4,3,2,3.0,28.8,0,1
ORG00186,D,Lenovo ThinkPad,27,Male,Operations,Ops Lead,2,Full-time,48,95.4,1,0,0,78.7,0.839,91,76,9,63.4,1,0,3.0,9.6,0,0
ORG01093,D,MacBook Pro,29,Female,Sales,Sales Executive,3,Full-time,75,97.3,1,1,0,61.3,0.495,67,48,7,48.0,2,3,3.0,10.2,1,0
ORG01243,D,Lenovo ThinkPad,27,Male,Sales,Inside Sales Rep,3,Full-time,5,99.2,0,0,0,87.4,0.962,74,64,0,80.0,2,0,5.0,,2,0
ORG00605,A,Dell Latitude,23,Male,IT,IT Support,1,Full-time,77,95.2,1,0,1,74.1,0.565,18,14,1,79.0,0,1,4.0,7.4,1,0
ORG05245,D,Acer TravelMate,38,Male,Customer Support,Support Lead,4,Full-time,79,93.0,2,0,0,82.1,0.893,116,97,13,83.2,2,3,5.0,,2,0
ORG03455,A,HP ProBook,33,Female,IT,System Admin,2,Full-time,101,97.3,1,2,0,81.2,0.938,20,16,1,89.3,0,0,4.0,30.3,1,0
ORG01756,B,HP ProBook,27,Male,Operations,Process Analyst,3,Contract,9,90.3,0,2,0,67.5,0.546,91,66,13,65.6,2,1,3.0,3.0,0,0
ORG04950,B,Dell Latitude,24,Male,Operations,Ops Associate,1,Contract,15,100.0,1,0,0,52.5,0.626,99,82,7,56.9,3,0,3.0,6.4,0,0
ORG04317,C,Acer TravelMate,28,Male,Marketing,Content Specialist,2,Full-time,19,97.8,0,0,0,66.8,0.558,37,32,1,57.6,3,0,2.0,11.8,1,0
ORG00908,B,Acer TravelMate,27,Male,Engineering,DevOps Engineer,3,Full-time,11,98.2,0,1,0,48.7,0.42,20,15,2,42.5,2,2,3.0,17.1,1,1
ORG02128,A,Lenovo ThinkPad,30,Male,Sales,Account Manager,4,Contract,6,95.4,3,1,0,94.7,1.0,58,52,6,87.7,2,1,5.0,18.7,0,0
ORG01213,D,Lenovo ThinkPad,29,Female,Operations,Ops Lead,3,Full-time,37,,0,0,1,64.0,0.952,65,52,6,68.5,0,1,4.0,17.9,1,0
ORG04625,A,Lenovo ThinkPad,31,Female,Engineering,Software Engineer,5,Full-time,15,95.2,1,0,0,61.1,0.619,43,37,5,72.1,0,1,3.0,25.7,0,0
ORG02078,D,Lenovo ThinkPad,29,Male,Engineering,Data Scientist,3,Full-time,12,92.8,1,2,0,77.2,1.0,42,34,6,89.2,2,0,4.0,20.4,4,0
ORG04096,D,MacBook Pro,35,Male,Sales,Inside Sales Rep,2,Full-time,112,90.0,2,3,0,67.6,0.873,77,71,8,73.9,0,0,4.0,8.6,0,0
ORG06157,C,Dell Latitude,26,Male,Customer Support,Support Lead,3,Contract,8,91.5,3,3,1,76.3,0.804,114,92,20,77.2,0,0,3.0,13.4,2,0
ORG05757,A,MacBook Pro,31,Male,Engineering,DevOps Engineer,3,Contract,11,95.6,0,0,1,61.8,0.69,24,20,0,59.7,2,1,3.0,10.2,1,0
ORG03923,C,HP ProBook,26,Male,Sales,Sales Executive,3,Full-time,34,98.4,1,2,0,43.3,0.602,53,43,2,58.1,1,4,3.0,20.7,1,0
ORG00757,B,Dell Latitude,39,Male,Sales,Inside Sales Rep,3,Full-time,114,94.2,0,3,0,81.0,0.707,54,43,6,57.2,1,0,5.0,10.7,0,0
ORG01861,C,HP ProBook,22,Male,Operations,Ops Associate,1,Full-time,3,97.1,0,0,0,78.6,,45,40,6,75.4,1,0,5.0,11.5,1,0
ORG04767,D,Dell Latitude,22,Male,Operations,Ops Lead,2,Full-time,23,88.5,2,3,3,78.2,0.999,56,45,11,84.2,1,0,4.0,13.9,0,1
ORG02273,C,Dell Latitude,24,Female,Finance,Finance Analyst,2,Full-time,9,96.7,1,3,0,,0.652,50,39,4,65.9,2,0,3.0,6.0,1,1
ORG05683,D,Dell Latitude,25,Male,Engineering,QA Analyst,2,Contract,16,94.6,2,0,0,51.3,0.38,48,33,4,64.6,0,0,2.0,17.4,0,1
ORG01624,C,Lenovo ThinkPad,32,Female,Engineering,Software Engineer,2,Full-time,50,94.5,1,4,0,65.8,0.814,35,27,4,89.9,2,0,4.0,7.1,1,0
ORG04004,C,HP ProBook,33,Male,Sales,Inside Sales Rep,3,Full-time,59,92.7,1,0,0,79.9,0.909,57,48,4,76.7,2,1,3.0,49.4,4,0
ORG03221,C,Lenovo ThinkPad,28,Female,Sales,Sales Executive,1,Full-time,52,93.3,3,1,0,66.0,0.726,58,43,8,55.0,4,1,3.0,35.1,1,1
ORG00229,B,Acer TravelMate,31,Male,Operations,Process Analyst,4,Full-time,92,92.6,1,1,2,79.5,0.685,89,69,10,69.6,1,1,3.0,46.0,1,0
ORG03878,B,Acer TravelMate,35,Female,IT,System Admin,3,Full-time,64,91.2,1,1,0,79.2,0.811,43,36,3,72.9,2,0,5.0,11.6,3,0
ORG00249,D,MacBook Pro,30,Male,Sales,Inside Sales Rep,3,Contract,2,95.1,7,2,0,69.4,0.517,59,40,5,57.9,1,0,2.0,13.6,0,0
ORG05301,C,Acer TravelMate,31,Female,Customer Support,Support Associate,2,Full-time,114,97.1,0,2,2,62.3,0.665,139,110,23,55.7,1,3,3.0,15.1,1,1
ORG05879,C,HP ProBook,32,Male,Finance,Finance Analyst,3,Contract,3,100.0,1,2,0,60.0,0.772,58,41,2,61.6,1,0,4.0,9.7,1,0
ORG02334,D,Lenovo ThinkPad,31,Male,Engineering,DevOps Engineer,3,Contract,14,89.5,4,2,1,57.6,0.59,46,32,5,54.8,2,1,2.0,7.9,2,1
ORG04155,D,Dell Latitude,22,Male,Operations,Ops Associate,1,Full-time,54,92.2,3,0,1,43.1,0.313,100,63,14,38.8,3,2,2.0,5.7,1,1
ORG00402,D,MacBook Pro,33,Female,Marketing,Performance Marketer,2,Full-time,102,94.1,1,0,0,98.0,0.871,21,20,2,83.4,2,0,5.0,14.1,3,0
ORG02655,A,Lenovo ThinkPad,22,Female,Customer Support,Support Lead,2,Full-time,29,96.7,1,0,0,70.7,0.718,113,89,9,63.7,4,3,3.0,35.8,2,0
ORG04707,A,HP ProBook,40,Male,Engineering,Software Engineer,5,Full-time,95,100.0,1,1,0,82.3,0.748,47,40,4,92.7,2,0,5.0,26.2,1,0
ORG05741,D,Dell Latitude,21,Other,Finance,Accounts Executive,2,Full-time,13,93.8,2,0,0,59.1,0.429,29,21,2,59.1,2,0,3.0,10.5,2,1
ORG03286,A,Lenovo ThinkPad,37,Male,Operations,Ops Associate,3,Full-time,89,94.3,3,2,1,75.3,0.622,65,53,5,65.8,3,4,2.0,17.3,0,0
ORG04177,D,Lenovo ThinkPad,35,Male,Operations,Ops Lead,4,Full-time,114,96.3,1,0,0,88.2,,106,93,6,73.0,2,0,4.0,19.8,0,0
ORG04852,B,MacBook Pro,29,Male,Finance,Accounts Executive,2,Full-time,47,92.8,1,0,0,55.4,0.539,47,38,3,57.3,5,2,2.0,22.8,1,0
ORG04779,C,MacBook Pro,28,Female,Sales,Inside Sales Rep,1,Full-time,25,90.5,4,2,2,56.7,0.652,71,52,12,63.5,0,0,3.0,12.1,0,1
ORG01721,A,HP ProBook,32,Male,Engineering,DevOps Engineer,4,Full-time,5,96.6,3,0,1,53.2,0.655,57,42,4,64.8,3,0,3.0,17.3,1,0
ORG05932,D,Lenovo ThinkPad,22,Male,Sales,Inside Sales Rep,1,Full-time,44,95.2,1,1,0,54.8,0.69,44,33,3,68.3,0,0,4.0,17.7,1,0
ORG02808,A,Dell Latitude,30,Female,Finance,Accounts Executive,3,Full-time,60,100.0,0,0,0,67.7,0.732,37,31,0,73.9,0,0,4.0,18.1,0,0
ORG01452,D,Acer TravelMate,29,Female,Operations,Ops Lead,3,Full-time,33,94.3,4,3,2,85.4,0.718,110,82,16,79.9,2,0,3.0,8.7,1,0
ORG05208,C,MacBook Pro,28,Female,Marketing,Performance Marketer,2,Contract,10,97.2,1,0,0,58.5,0.662,24,20,2,60.8,0,0,3.0,17.3,2,0
ORG03335,D,Dell Latitude,32,Male,Sales,Inside Sales Rep,2,Full-time,118,98.2,1,2,0,66.1,0.654,40,32,4,71.3,2,0,3.0,21.6,2,0
ORG05898,A,Lenovo ThinkPad,21,Male,HR,Talent Acquisition,2,Full-time,18,93.1,1,1,0,26.3,0.459,57,27,9,32.4,3,2,1.0,15.7,0,1
ORG04931,D,HP ProBook,34,Male,Finance,Finance Analyst,4,Full-time,40,95.3,1,1,0,58.2,0.625,62,48,6,65.6,2,0,3.0,8.7,2,1
ORG01408,B,MacBook Pro,36,Female,Engineering,QA Analyst,3,Full-time,59,90.8,4,4,2,50.9,0.733,53,36,10,68.3,3,3,2.0,25.9,4,1
ORG00255,B,HP ProBook,21,Female,Sales,Sales Executive,1,Contract,15,89.8,3,2,0,56.3,0.576,71,44,12,74.2,1,0,1.0,8.8,1,0
ORG02651,A,MacBook Pro,30,Female,IT,System Admin,4,Full-time,15,97.0,0,1,0,98.0,0.91,58,56,5,79.6,3,1,5.0,36.1,0,0
ORG01845,C,HP ProBook,28,Female,Engineering,Data Analyst,2,Full-time,100,97.2,0,1,0,70.7,0.688,18,15,0,57.5,3,1,4.0,34.4,1,0
ORG00018,D,HP ProBook,31,Male,Engineering,Data Scientist,3,Full-time,15,94.0,1,0,0,66.7,0.873,48,33,6,70.7,3,1,3.0,,1,0
ORG01500,B,HP ProBook,23,Female,Operations,Ops Associate,2,Contract,4,90.4,1,2,1,95.7,0.776,62,51,9,79.7,0,0,3.0,10.3,0,0
ORG00222,A,Dell Latitude,28,Male,Customer Support,Support Lead,2,Full-time,77,96.4,2,0,0,64.2,0.726,77,63,7,73.2,2,1,4.0,17.5,3,0
ORG04241,D,MacBook Pro,31,Male,Finance,Accounts Executive,2,Full-time,107,94.9,0,1,0,56.4,0.687,27,22,1,68.1,0,0,2.0,24.9,0,0
ORG01421,D,Lenovo ThinkPad,25,Female,Finance,Accounts Executive,2,Full-time,80,91.8,2,2,0,80.4,0.711,34,25,4,85.6,0,0,3.0,14.3,2,0
ORG00066,A,Dell Latitude,35,Male,Customer Support,Support Lead,4,Full-time,68,94.4,3,2,3,59.1,0.442,128,87,18,63.1,1,2,2.0,44.0,1,0
ORG04060,C,Lenovo ThinkPad,26,Male,HR,HR Executive,2,Full-time,9,98.4,0,0,0,60.2,0.657,26,22,0,69.1,4,1,3.0,24.8,1,0
ORG03529,B,Lenovo ThinkPad,40,Male,HR,Talent Acquisition,4,Full-time,105,94.8,0,1,0,92.2,1.0,65,63,6,96.3,0,0,5.0,18.5,2,0
ORG00158,C,Acer TravelMate,27,Male,Operations,Ops Lead,2,Full-time,96,98.5,2,1,1,62.6,0.734,101,86,4,72.4,4,1,4.0,22.1,3,0
ORG00756,C,Dell Latitude,27,Male,Sales,Inside Sales Rep,2,Full-time,3,92.0,2,3,1,91.5,0.864,61,51,7,94.5,0,0,4.0,17.0,0,0
ORG00535,D,Dell Latitude,34,Male,Engineering,Software Engineer,3,Full-time,102,93.7,4,2,0,76.9,0.997,54,42,7,83.9,3,1,4.0,28.1,2,0
ORG01394,A,HP ProBook,28,Male,Engineering,DevOps Engineer,3,Full-time,52,98.7,0,1,0,89.5,0.741,26,24,0,72.5,0,0,4.0,14.7,0,0
ORG01080,B,MacBook Pro,26,Male,Sales,Inside Sales Rep,2,Full-time,83,100.0,1,0,0,66.2,0.64,64,53,6,51.9,3,3,4.0,11.8,2,1
ORG03768,A,Dell Latitude,26,Female,Sales,Sales Executive,2,Contract,2,98.9,1,3,1,59.7,1.0,71,62,7,78.5,2,1,5.0,17.8,4,0
ORG02517,B,Lenovo ThinkPad,33,Female,Engineering,QA Analyst,4,Full-time,75,90.1,3,2,0,46.4,0.258,35,23,3,58.8,3,1,2.0,33.8,0,1
ORG02304,A,Acer TravelMate,34,Male,Customer Support,Support Associate,1,Full-time,54,90.2,1,2,2,80.8,0.904,125,98,17,81.8,1,0,5.0,25.9,0,1
ORG04329,C,HP ProBook,29,Female,HR,Talent Acquisition,2,Full-time,60,99.2,0,3,0,70.6,0.789,59,53,4,71.5,4,0,4.0,20.1,1,0
ORG02766,D,HP ProBook,29,Male,IT,IT Support,3,Full-time,115,99.3,0,0,0,57.2,0.659,37,27,3,67.4,1,0,4.0,16.9,0,0
ORG04358,B,Dell Latitude,21,Male,Sales,Account Manager,2,Full-time,20,92.8,2,2,0,94.9,1.0,77,69,9,83.6,0,0,5.0,23.9,0,0
ORG05834,A,Acer TravelMate,27,Female,Operations,Ops Lead,2,Full-time,28,91.3,0,2,1,65.8,0.756,89,69,15,76.0,3,0,3.0,7.8,2,0
ORG00801,A,HP ProBook,21,Female,Finance,Accounts Executive,1,Contract,6,93.1,0,4,0,77.8,0.966,44,38,6,80.4,2,0,5.0,11.5,1,0
ORG01859,A,Lenovo ThinkPad,34,Female,Sales,Account Manager,3,Full-time,93,90.6,5,2,0,31.7,0.356,43,26,7,50.0,1,1,1.0,17.6,5,1
ORG00983,D,Dell Latitude,26,Male,Finance,Accounts Executive,1,Full-time,57,96.3,0,3,0,72.3,0.792,59,42,3,85.5,1,0,5.0,11.0,1,0
ORG02523,A,Dell Latitude,33,Female,Sales,Account Manager,3,Full-time,113,99.5,0,1,0,90.6,0.833,81,79,5,79.4,2,1,5.0,10.4,3,0
ORG03579,C,HP ProBook,29,Male,Finance,Accounts Executive,3,Full-time,25,96.5,0,3,0,87.2,0.851,29,28,1,85.8,0,0,5.0,39.2,0,0
ORG02909,B,HP ProBook,24,Male,Marketing,Performance Marketer,2,Full-time,7,98.8,2,1,0,56.3,0.451,50,41,5,61.3,1,1,3.0,10.4,0,0
ORG02911,B,Dell Latitude,34,Male,Finance,Finance Analyst,4,Full-time,44,100.0,0,0,0,67.7,0.549,23,19,2,65.3,3,0,2.0,24.1,0,0
ORG05891,D,Dell Latitude,35,Female,IT,IT Support,3,Full-time,89,100.0,0,1,0,49.8,0.592,48,39,1,55.8,6,1,3.0,13.4,0,0
ORG00377,D,HP ProBook,27,Female,Marketing,Marketing Executive,1,Full-time,87,98.8,1,0,0,71.6,0.703,46,42,3,77.8,2,0,5.0,14.8,0,0
ORG00539,C,HP ProBook,31,Male,Engineering,DevOps Engineer,4,Full-time,30,100.0,1,0,0,69.1,0.704,28,24,1,65.8,2,0,3.0,23.9,2,0
ORG00032,B,Dell Latitude,38,Female,IT,System Admin,4,Full-time,106,100.0,0,3,0,53.4,0.649,74,58,6,68.3,3,0,3.0,43.1,1,0
ORG05691,D,HP ProBook,30,Female,Customer Support,Support Associate,3,Full-time,68,91.8,3,1,1,70.1,0.863,109,95,8,93.9,0,1,4.0,14.4,1,0
ORG03828,A,Dell Latitude,27,Female,Sales,Inside Sales Rep,1,Full-time,54,92.6,3,2,2,57.6,0.574,35,25,5,61.9,2,0,2.0,14.9,1,1
ORG01499,C,HP ProBook,29,Female,Sales,Account Manager,3,Full-time,30,100.0,0,0,0,66.2,0.703,72,67,3,89.4,2,0,5.0,11.0,1,0
ORG05618,A,MacBook Pro,30,Female,HR,Talent Acquisition,3,Full-time,39,96.3,1,0,0,83.1,0.799,69,63,5,85.6,1,1,5.0,9.3,0,0
ORG03729,A,Dell Latitude,36,Male,Finance,Finance Analyst,4,Full-time,106,91.6,2,1,0,71.7,0.832,30,23,4,62.4,2,0,3.0,16.7,1,0
ORG02723,B,Lenovo ThinkPad,22,Female,Sales,Sales Executive,1,Full-time,22,96.1,2,1,0,85.5,0.758,64,50,5,83.9,1,0,5.0,18.0,0,0
ORG03393,A,HP ProBook,33,Male,IT,IT Support,2,Full-time,104,94.7,3,3,2,89.1,0.93,57,46,8,71.7,0,0,4.0,17.8,2,0
ORG00713,C,Lenovo ThinkPad,25,Male,HR,Talent Acquisition,2,Contract,10,94.6,0,0,0,59.9,0.959,23,19,1,66.9,2,0,4.0,4.2,1,0
ORG05510,A,Dell Latitude,26,Female,Operations,Ops Lead,2,Full-time,16,,2,0,1,71.8,0.743,107,78,14,68.3,0,1,3.0,10.2,0,0
ORG03185,C,MacBook Pro,30,Female,Engineering,Software Engineer,3,Full-time,42,91.0,1,3,0,50.3,0.444,26,13,3,48.3,1,2,2.0,11.4,1,1
ORG02664,B,Lenovo ThinkPad,23,Female,Sales,Inside Sales Rep,1,Full-time,19,91.6,2,2,1,27.3,0.354,71,44,7,33.2,0,2,1.0,8.7,0,1
ORG03784,A,Lenovo ThinkPad,24,Male,Sales,Inside Sales Rep,3,Full-time,7,95.0,0,2,0,80.2,0.81,79,69,8,81.7,1,1,4.0,14.4,3,0
ORG04291,A,HP ProBook,35,Male,Engineering,Software Engineer,4,Full-time,15,97.8,2,0,2,87.0,0.614,25,21,3,79.7,1,0,3.0,24.2,1,0
ORG00178,B,Dell Latitude,22,Male,IT,IT Support,1,Contract,4,98.1,1,2,0,52.2,0.552,53,39,3,62.2,1,1,3.0,8.2,1,0
ORG00812,A,MacBook Pro,29,Male,Engineering,Data Analyst,2,Full-time,73,96.2,0,0,0,79.7,0.999,41,39,1,90.6,0,0,5.0,19.9,2,0
ORG01006,B,HP ProBook,21,Female,Sales,Sales Executive,1,Full-time,37,97.6,0,2,0,85.9,0.84,53,45,7,77.6,1,0,3.0,28.1,2,0
ORG02623,B,Dell Latitude,32,Male,Sales,Account Manager,3,Full-time,56,97.4,0,2,0,75.4,0.627,74,68,5,74.4,3,1,4.0,14.5,1,0
ORG02593,B,MacBook Pro,25,Male,Operations,Ops Lead,2,Full-time,61,89.0,2,4,1,53.8,0.818,90,72,15,63.8,4,0,3.0,6.8,2,1
ORG00218,D,HP ProBook,32,Female,Engineering,QA Analyst,3,Full-time,25,97.3,2,2,2,68.6,0.617,50,40,3,86.1,2,0,3.0,15.7,1,0
ORG03410,D,Dell Latitude,27,Female,Engineering,QA Analyst,2,Full-time,10,86.5,1,2,1,59.8,0.926,44,32,7,71.0,2,0,3.0,29.8,0,0
ORG03190,A,Lenovo ThinkPad,32,Male,Sales,Account Manager,2,Full-time,94,99.7,0,0,0,68.1,0.727,41,34,0,76.4,0,0,4.0,54.9,2,0
ORG02949,D,MacBook Pro,29,Male,IT,IT Support,2,Full-time,83,95.2,1,2,0,30.4,0.474,42,30,3,44.9,4,1,3.0,14.3,0,1
ORG02950,D,Lenovo ThinkPad,22,Female,Marketing,Marketing Executive,1,Full-time,21,96.6,1,0,0,52.8,0.57,67,49,8,59.6,2,0,2.0,7.4,0,1
ORG05154,B,HP ProBook,27,Female,Engineering,DevOps Engineer,4,Full-time,29,94.1,2,1,0,76.8,0.815,53,47,6,72.3,1,0,4.0,12.5,2,0
ORG02851,A,Lenovo ThinkPad,39,Female,Sales,Account Manager,4,Full-time,58,89.3,2,3,1,58.8,0.58,68,38,13,40.6,3,2,2.0,16.0,0,1
ORG05311,A,Lenovo ThinkPad,34,Male,Customer Support,Support Lead,3,Full-time,90,91.3,2,0,0,55.4,0.697,112,84,12,58.0,1,0,3.0,6.9,0,0
ORG03600,A,HP ProBook,35,Female,Customer Support,Support Lead,4,Full-time,120,89.3,2,0,1,65.1,0.674,62,44,10,60.2,1,1,2.0,27.9,2,0
ORG06032,D,Lenovo ThinkPad,22,Female,Customer Support,Support Associate,1,Full-time,27,96.7,0,2,0,53.9,0.67,73,57,4,63.2,1,3,3.0,4.1,1,0
ORG01733,B,HP ProBook,23,Female,Finance,Accounts Executive,2,Full-time,24,96.1,2,2,0,81.1,0.96,37,29,4,99.0,1,0,5.0,22.2,1,0
ORG05915,C,Lenovo ThinkPad,30,Female,Sales,Sales Executive,2,Full-time,61,95.4,2,1,0,66.9,0.711,71,58,8,65.2,1,1,3.0,32.7,1,0
ORG04302,C,Dell Latitude,21,Male,Finance,Accounts Executive,2,Full-time,28,94.5,0,1,0,64.0,0.719,48,39,3,69.1,0,0,4.0,32.7,0,0
ORG01707,B,Dell Latitude,35,Male,Engineering,QA Analyst,4,Full-time,94,100.0,0,0,0,59.4,0.671,21,17,0,67.3,3,1,4.0,11.6,2,0
ORG04906,C,HP ProBook,29,Male,Operations,Ops Associate,2,Full-time,7,88.1,4,1,2,45.9,0.635,70,41,9,61.0,2,1,3.0,20.6,3,1
ORG00562,A,Acer TravelMate,32,Male,Sales,Inside Sales Rep,2,Full-time,88,97.4,2,3,1,77.5,0.677,69,56,6,79.6,0,2,5.0,6.2,0,0
ORG05656,D,Acer TravelMate,34,Male,Engineering,QA Analyst,4,Full-time,54,90.4,5,3,1,79.3,0.848,35,27,6,70.6,1,0,4.0,21.8,0,0
ORG04915,C,Lenovo ThinkPad,29,Male,Sales,Account Manager,3,Full-time,10,89.6,3,2,3,64.9,0.683,43,34,5,65.2,0,2,3.0,25.4,2,0
ORG05781,B,Lenovo ThinkPad,33,Male,IT,IT Support,2,Full-time,99,100.0,1,0,0,34.7,0.414,61,47,3,59.7,0,0,2.0,29.8,2,1
ORG01984,C,Acer TravelMate,26,Male,Sales,Sales Executive,1,Full-time,111,92.8,1,2,0,60.5,0.663,47,36,6,63.0,1,4,2.0,40.2,2,0
ORG00169,C,MacBook Pro,36,Male,Sales,Account Manager,4,Full-time,104,96.1,2,1,0,75.6,0.996,50,45,5,76.8,0,0,4.0,10.0,3,0
ORG06060,B,Lenovo ThinkPad,23,Male,Marketing,Content Specialist,1,Full-time,90,90.6,2,3,0,83.7,1.0,22,19,2,85.0,2,0,5.0,2.9,0,0
ORG03207,C,Dell Latitude,32,Male,Engineering,QA Analyst,3,Full-time,77,97.2,3,1,0,61.6,0.576,28,24,2,64.5,1,0,3.0,7.2,0,0
ORG04883,A,Dell Latitude,31,Male,Operations,Ops Lead,4,Full-time,25,94.6,5,0,0,67.4,0.824,103,81,13,63.7,4,0,4.0,32.5,0,0
ORG00626,D,MacBook Pro,36,Female,Customer Support,Support Lead,4,Full-time,69,95.3,3,2,0,72.5,0.71,124,109,13,68.1,0,2,3.0,22.6,1,0
ORG05248,A,Dell Latitude,24,Male,Engineering,QA Analyst,3,Full-time,65,92.3,7,3,1,59.1,0.905,34,26,4,59.8,2,0,3.0,14.7,1,1
ORG00320,B,Dell Latitude,36,Female,IT,System Admin,3,Contract,11,93.5,0,2,0,90.8,0.776,67,60,4,80.6,0,0,5.0,7.9,0,0
ORG04119,B,Lenovo ThinkPad,27,Male,Sales,Sales Executive,3,Contract,16,89.4,4,1,1,,1.0,48,46,5,77.5,2,2,5.0,33.2,2,0
ORG05528,D,HP ProBook,33,Female,Engineering,Data Analyst,4,Full-time,88,95.0,2,0,1,75.6,0.772,42,34,4,79.2,2,0,4.0,27.1,3,0
ORG05718,B,Acer TravelMate,30,Male,IT,System Admin,3,Full-time,81,97.1,2,0,0,50.8,0.451,61,41,6,56.1,1,0,2.0,8.5,0,1
ORG04812,A,HP ProBook,26,Male,Operations,Ops Lead,2,Full-time,65,94.4,2,1,0,74.1,0.622,92,74,6,72.3,0,0,4.0,10.1,0,0
ORG04261,A,Lenovo ThinkPad,28,Male,IT,IT Support,2,Full-time,65,97.2,2,0,2,52.1,0.685,20,16,1,72.9,1,0,,5.4,1,0
ORG00507,B,Dell Latitude,27,Female,Sales,Account Manager,2,Full-time,47,95.9,0,1,0,61.2,0.492,66,60,5,75.5,0,0,3.0,25.5,0,0
ORG04519,B,Lenovo ThinkPad,34,Female,Finance,Finance Analyst,4,Full-time,76,100.0,0,0,1,71.8,0.665,58,49,2,63.5,4,1,3.0,13.2,0,0
ORG03959,A,HP ProBook,38,Male,Engineering,Data Scientist,5,Full-time,84,93.4,3,2,0,71.4,0.739,35,30,4,79.1,2,1,4.0,44.9,3,0
ORG04384,D,Dell Latitude,25,Male,Customer Support,Support Associate,2,Full-time,68,99.1,1,1,0,64.3,0.477,63,55,4,70.4,2,2,3.0,12.1,0,0
ORG01594,D,Lenovo ThinkPad,28,Male,Customer Support,Support Associate,3,Full-time,115,98.0,2,0,0,98.0,1.0,100,98,5,95.3,0,1,5.0,23.0,2,0
ORG04169,D,MacBook Pro,28,Male,Customer Support,Support Associate,2,Full-time,107,100.0,2,0,0,60.4,0.744,115,110,6,75.4,2,2,4.0,6.6,1,0
ORG04936,A,Acer TravelMate,34,Male,Engineering,Data Analyst,4,Full-time,84,92.7,2,3,0,77.3,0.646,38,26,5,67.6,2,0,2.0,27.8,2,0
ORG01262,D,Lenovo ThinkPad,31,Female,Customer Support,Support Lead,3,Contract,5,99.7,1,0,0,92.8,0.721,69,67,5,80.0,1,0,5.0,16.4,1,0
ORG05075,C,Dell Latitude,23,Female,IT,IT Support,1,Full-time,29,92.3,6,3,3,51.5,0.377,29,18,3,47.7,2,2,2.0,13.6,0,1
ORG00961,D,HP ProBook,28,Male,Customer Support,Support Lead,4,Full-time,53,95.7,0,3,1,77.4,0.92,120,92,16,63.5,3,2,5.0,16.0,1,1
ORG00682,A,Dell Latitude,30,Female,Engineering,DevOps Engineer,4,Full-time,76,99.3,0,1,1,68.4,0.502,43,35,1,68.6,1,1,3.0,11.6,0,0
ORG03533,A,HP ProBook,29,Male,Customer Support,Support Associate,1,Full-time,78,92.8,2,2,1,86.3,0.598,77,67,10,78.8,2,1,4.0,7.4,0,0
ORG03149,C,Acer TravelMate,34,Male,HR,Talent Acquisition,4,Full-time,61,97.2,0,0,0,72.8,0.963,67,57,3,59.8,5,1,4.0,23.4,2,0
ORG03056,B,Acer TravelMate,28,Female,Customer Support,Support Associate,3,Full-time,30,94.4,2,1,0,71.7,0.601,83,66,8,65.7,0,1,3.0,23.9,1,0
ORG05911,C,MacBook Pro,21,Female,IT,IT Support,1,Contract,13,98.5,1,1,0,60.8,0.663,33,28,1,72.3,1,0,3.0,8.7,1,0
ORG05122,D,Dell Latitude,28,Male,Sales,Sales Executive,2,Full-time,18,,2,2,0,42.4,0.583,75,51,7,58.1,1,2,2.0,18.0,0,1
ORG04764,B,HP ProBook,31,Male,Customer Support,Support Lead,3,Full-time,34,93.5,3,2,2,53.3,0.626,81,58,10,68.4,0,1,2.0,14.8,1,1
ORG04011,A,Acer TravelMate,28,Male,Sales,Account Manager,2,Full-time,33,95.6,2,3,0,84.2,0.777,71,63,10,87.1,1,1,4.0,7.6,3,0
ORG01329,C,Lenovo ThinkPad,28,Male,Sales,Sales Executive,2,Full-time,116,93.4,1,3,1,55.4,0.675,61,45,3,50.1,3,2,3.0,11.4,3,1
ORG05171,D,Dell Latitude,22,Female,Finance,Accounts Executive,1,Full-time,27,100.0,0,0,0,81.0,0.887,51,44,2,87.1,1,0,4.0,11.0,1,0
ORG06137,A,Dell Latitude,30,Female,IT,System Admin,3,Full-time,112,96.7,0,0,0,90.8,0.666,57,53,3,74.9,0,0,4.0,25.2,2,0
ORG00438,A,Dell Latitude,28,Female,Customer Support,Support Lead,2,Full-time,77,93.4,3,0,0,62.7,0.559,80,64,8,61.3,2,0,2.0,19.5,0,0
ORG02698,B,Acer TravelMate,40,Male,Engineering,Data Scientist,5,Full-time,63,96.4,2,1,0,59.6,0.739,35,25,4,77.6,0,1,5.0,15.9,1,0
ORG05923,B,Acer TravelMate,30,Female,Finance,Accounts Executive,3,Full-time,22,91.7,0,0,0,94.6,0.885,68,53,12,91.2,1,0,4.0,13.4,3,0
ORG02550,A,Dell Latitude,31,Male,Sales,Inside Sales Rep,2,Full-time,95,91.3,6,4,0,67.9,0.709,69,59,12,78.6,2,1,3.0,18.0,1,0
ORG03561,C,Lenovo ThinkPad,32,Male,Finance,Accounts Executive,2,Full-time,80,94.6,4,2,0,47.5,0.426,56,43,5,75.3,0,0,2.0,19.3,2,1
ORG01952,A,Dell Latitude,37,Male,Engineering,Data Analyst,3,Full-time,92,96.5,0,0,0,68.6,0.793,51,40,2,73.0,0,0,4.0,11.5,1,0
ORG03502,C,Dell Latitude,31,Male,Operations,Ops Lead,4,Full-time,23,85.8,2,1,1,61.2,0.606,75,59,8,72.6,2,1,2.0,17.7,4,1
ORG05130,C,HP ProBook,26,Male,IT,System Admin,2,Full-time,98,95.3,3,2,0,85.7,0.856,36,29,3,84.7,0,0,5.0,33.1,3,0
ORG00260,D,HP ProBook,30,Male,Operations,Process Analyst,3,Contract,14,91.5,1,0,2,68.4,0.589,52,37,8,59.2,1,1,2.0,26.7,2,0
ORG03528,D,HP ProBook,29,Female,Engineering,Data Analyst,2,Full-time,104,96.1,0,0,0,66.4,0.52,33,28,3,68.2,4,1,2.0,23.5,2,0
ORG04943,D,HP ProBook,28,Male,Operations,Ops Lead,3,Contract,16,94.1,2,2,2,70.6,0.515,60,34,11,66.9,3,2,3.0,14.7,0,1
ORG04774,D,Lenovo ThinkPad,32,Male,Customer Support,Support Associate,2,Full-time,108,97.5,0,1,0,65.5,0.486,63,46,4,66.0,1,1,3.0,16.1,3,0
ORG05190,B,MacBook Pro,22,Female,Operations,Ops Lead,2,Full-time,34,90.7,2,2,0,58.1,0.674,45,30,8,59.1,0,1,2.0,16.2,1,0
ORG00046,B,Dell Latitude,31,Male,HR,HR Executive,2,Full-time,62,100.0,1,0,0,58.3,0.777,37,32,0,65.0,4,1,4.0,9.1,0,0
ORG04073,A,Dell Latitude,27,Female,Customer Support,Support Lead,2,Contract,17,96.2,0,0,0,39.6,0.374,121,84,7,60.2,3,2,2.0,8.1,1,1
ORG06058,C,Dell Latitude,33,Male,Operations,Process Analyst,4,Full-time,68,100.0,0,1,0,88.1,0.973,110,107,6,82.3,1,1,5.0,16.9,0,0
ORG00324,C,HP ProBook,28,Female,Customer Support,Support Associate,1,Full-time,88,98.2,0,1,0,53.6,0.473,130,101,9,50.0,2,0,2.0,9.2,1,0
ORG02590,C,MacBook Pro,28,Female,Customer Support,Support Associate,2,Full-time,57,98.6,0,0,0,57.2,0.607,62,51,2,65.3,2,1,2.0,15.9,0,0
ORG02918,D,Lenovo ThinkPad,28,Male,HR,HR Executive,2,Contract,4,100.0,1,2,0,63.9,0.69,25,21,0,65.8,3,0,5.0,15.8,0,0
ORG04084,A,HP ProBook,32,Female,Sales,Account Manager,4,Full-time,64,93.5,2,1,1,66.7,0.529,45,33,3,64.7,1,1,3.0,15.1,1,0
ORG05742,A,MacBook Pro,29,Female,Operations,Process Analyst,2,Full-time,65,91.7,1,2,0,39.0,0.612,104,78,11,38.0,1,3,2.0,32.0,1,1
ORG04337,B,Lenovo ThinkPad,29,Female,Engineering,DevOps Engineer,3,Full-time,47,97.2,1,2,0,68.9,0.677,25,21,2,68.4,3,1,4.0,12.5,2,0
ORG00600,D,Dell Latitude,35,Male,Operations,Process Analyst,2,Full-time,86,93.1,2,3,0,54.3,0.83,70,40,11,54.7,3,2,3.0,27.9,2,1
ORG04716,B,HP ProBook,29,Male,Engineering,Data Scientist,3,Full-time,87,92.0,0,0,0,92.2,0.845,46,42,5,80.2,0,0,4.0,8.8,0,0
ORG01346,B,HP ProBook,30,Male,Operations,Ops Lead,3,Full-time,31,88.8,2,3,0,51.2,0.478,64,34,11,57.3,3,2,1.0,11.1,0,1
ORG04005,A,Acer TravelMate,21,Female,Customer Support,Support Associate,1,Full-time,23,91.9,5,2,1,66.0,0.705,117,84,18,65.8,1,2,2.0,3.8,0,0
ORG03136,D,Dell Latitude,37,Female,Finance,Finance Analyst,4,Full-time,98,95.3,0,1,0,51.1,0.6,71,55,8,67.0,5,1,3.0,11.9,0,0
ORG02214,A,MacBook Pro,38,Male,Customer Support,Support Associate,3,Full-time,106,100.0,0,1,0,59.1,0.414,105,97,3,46.1,1,0,3.0,14.4,0,0
ORG03382,B,Lenovo ThinkPad,28,Male,Marketing,Marketing Executive,1,Full-time,7,93.4,1,0,1,63.9,0.622,18,12,1,56.8,3,0,3.0,13.0,0,1
ORG02120,B,Lenovo ThinkPad,32,Male,Sales,Account Manager,4,Full-time,107,94.8,4,1,2,56.2,0.591,84,69,12,56.1,2,1,3.0,21.1,2,1
ORG05341,D,Dell Latitude,30,Male,Sales,Inside Sales Rep,3,Full-time,45,92.3,0,4,1,65.5,0.521,57,42,7,63.8,1,2,4.0,41.2,2,0
ORG01298,A,Dell Latitude,32,Male,Engineering,Data Scientist,5,Contract,13,100.0,2,0,0,98.0,0.947,56,49,5,95.5,0,0,5.0,10.8,1,0
ORG00411,D,Acer TravelMate,21,Female,Operations,Ops Associate,1,Full-time,29,92.0,2,3,0,64.1,0.792,105,87,10,65.0,2,1,4.0,6.7,0,0
ORG00042,C,Acer TravelMate,30,Male,HR,Talent Acquisition,3,Full-time,55,98.0,3,1,0,57.1,0.573,53,35,4,87.5,1,0,3.0,25.9,2,0
ORG01554,B,Dell Latitude,27,Male,Sales,Account Manager,3,Full-time,79,92.9,1,3,0,58.0,0.55,76,59,6,74.6,2,0,3.0,9.8,1,0
ORG02406,D,HP ProBook,22,Female,Sales,Inside Sales Rep,1,Full-time,116,,0,3,0,89.5,0.902,50,47,4,79.6,2,1,4.0,32.5,2,0
ORG02158,B,Dell Latitude,32,Female,Sales,Account Manager,3,Contract,16,100.0,0,0,0,41.2,0.259,38,34,0,46.4,3,4,3.0,7.2,0,1
ORG03323,D,HP ProBook,22,Female,Finance,Accounts Executive,1,Contract,4,92.9,1,2,0,74.9,0.694,43,32,5,75.7,3,0,3.0,18.0,2,0
ORG01545,B,Acer TravelMate,32,Female,Customer Support,Support Lead,2,Full-time,33,90.4,4,3,1,77.5,0.651,85,58,12,76.6,1,0,3.0,6.0,1,1
ORG00684,B,Dell Latitude,28,Male,Customer Support,Support Lead,3,Full-time,68,97.1,0,0,0,51.2,0.654,132,103,14,60.0,5,2,3.0,18.3,0,1
ORG00020,C,Dell Latitude,26,Female,Operations,Ops Lead,2,Full-time,15,95.4,2,2,0,86.9,0.78,97,82,12,90.5,0,1,4.0,10.9,0,0
ORG04223,C,HP ProBook,34,Male,Sales,Account Manager,3,Full-time,78,96.0,6,1,1,91.1,0.975,55,53,6,99.0,0,0,4.0,9.7,1,0
ORG06090,A,Lenovo ThinkPad,29,Male,Finance,Finance Analyst,2,Full-time,97,98.9,0,0,0,43.8,0.715,41,31,3,56.3,0,0,3.0,17.4,2,0
ORG01696,C,HP ProBook,25,Female,Customer Support,Support Associate,3,Contract,12,92.8,0,0,1,86.2,0.915,131,121,17,99.0,0,1,5.0,12.0,3,0
ORG01102,C,HP ProBook,31,Male,Sales,Account Manager,3,Full-time,111,92.2,3,1,1,86.2,0.72,81,61,13,73.4,1,0,3.0,58.4,4,0
ORG00200,A,MacBook Pro,26,Female,Sales,Inside Sales Rep,2,Contract,15,92.2,1,1,0,67.9,0.768,78,70,5,66.1,1,1,3.0,19.0,2,0
ORG02365,B,HP ProBook,23,Male,Operations,Ops Associate,1,Full-time,41,100.0,2,0,0,52.6,0.49,60,48,3,54.2,4,1,2.0,22.3,0,0
ORG03950,A,Acer TravelMate,23,Female,Sales,Sales Executive,1,Full-time,40,92.2,2,0,0,90.8,0.995,47,42,4,95.4,0,0,4.0,5.8,1,0
ORG00621,C,Dell Latitude,28,Female,Finance,Finance Analyst,2,Full-time,16,92.6,1,3,0,25.1,0.187,20,12,2,43.8,2,0,1.0,9.6,2,1
ORG00052,D,Lenovo ThinkPad,31,Female,Engineering,DevOps Engineer,3,Full-time,56,96.8,1,0,0,66.8,0.506,24,18,0,64.3,3,1,2.0,18.5,3,0
ORG02800,A,Dell Latitude,40,Male,Finance,Finance Analyst,4,Full-time,117,95.7,0,1,0,84.9,0.828,23,19,0,80.2,1,0,5.0,33.5,2,0
ORG04320,A,Dell Latitude,21,Male,Sales,Inside Sales Rep,1,Contract,6,93.5,1,3,0,64.1,0.606,56,45,6,61.6,7,1,3.0,1.7,0,1
ORG05590,B,MacBook Pro,31,Female,Operations,Ops Lead,3,Full-time,24,96.5,1,0,0,80.3,0.749,78,70,8,72.0,1,1,4.0,12.9,1,0
ORG04607,A,HP ProBook,31,Female,HR,Talent Acquisition,3,Contract,8,85.2,2,1,0,97.5,0.949,40,33,5,82.4,1,0,4.0,21.5,0,0
ORG06079,A,HP ProBook,37,Female,Engineering,DevOps Engineer,5,Full-time,111,100.0,0,0,0,75.6,0.728,38,34,0,64.7,2,0,4.0,19.2,3,0
ORG00102,C,HP ProBook,23,Male,Operations,Process Analyst,2,Contract,10,95.9,0,0,0,64.5,0.605,109,86,6,79.2,1,0,3.0,5.2,2,0
ORG05358,D,HP ProBook,36,Male,Customer Support,Support Lead,4,Full-time,17,96.5,1,1,1,55.9,0.791,127,105,13,51.2,4,1,4.0,16.2,0,1
ORG03787,C,HP ProBook,35,Male,IT,IT Support,3,Full-time,120,100.0,0,0,0,68.8,0.674,33,29,1,71.2,1,0,4.0,37.0,2,0
ORG05252,B,Dell Latitude,26,Female,Engineering,QA Analyst,2,Full-time,56,93.9,1,0,0,48.9,0.504,28,24,1,49.9,5,4,3.0,9.3,0,1
ORG01534,C,HP ProBook,31,Male,Finance,Accounts Executive,2,Full-time,87,98.2,1,2,1,91.7,0.752,47,41,3,71.6,1,1,4.0,18.4,1,0
ORG03706,D,Lenovo ThinkPad,27,Female,Engineering,Software Engineer,2,Full-time,38,95.3,0,1,0,53.3,0.739,19,16,1,65.7,4,1,3.0,23.8,1,1
ORG00927,B,Dell Latitude,33,Female,Engineering,Data Analyst,4,Full-time,13,99.6,0,0,0,86.4,0.654,41,35,4,68.0,1,0,4.0,24.7,0,0
ORG05673,A,Dell Latitude,24,Female,Sales,Account Manager,2,Full-time,7,93.9,4,2,1,51.2,0.561,59,37,7,63.7,2,2,2.0,21.8,0,1
ORG05308,C,Dell Latitude,33,Male,Sales,Sales Executive,3,Full-time,28,96.9,0,2,1,60.7,0.65,85,67,8,68.2,1,0,4.0,20.5,2,0
ORG05970,C,MacBook Pro,22,Male,Finance,Finance Analyst,2,Full-time,64,96.2,2,0,0,43.3,0.481,46,29,4,46.8,3,0,2.0,22.3,0,1
ORG02390,A,Lenovo ThinkPad,33,Female,Engineering,Data Analyst,4,Full-time,107,94.4,1,2,0,89.7,0.78,56,47,6,86.4,0,0,4.0,13.1,1,0
ORG04692,A,Lenovo ThinkPad,35,Male,Sales,Account Manager,4,Full-time,108,97.1,0,1,0,89.8,0.889,66,58,4,87.3,0,0,4.0,18.2,0,0
ORG04306,A,Dell Latitude,21,Male,Engineering,QA Analyst,2,Contract,2,90.5,0,2,0,75.0,0.804,52,42,6,63.9,2,1,4.0,6.7,2,0
ORG03660,C,Dell Latitude,30,Female,Engineering,DevOps Engineer,3,Full-time,119,90.7,2,2,1,55.6,0.647,58,37,9,68.7,2,1,3.0,24.2,2,0
ORG00788,B,MacBook Pro,27,Male,Sales,Account Manager,2,Full-time,107,97.5,0,1,0,63.7,0.649,36,28,2,67.1,1,0,3.0,8.6,0,0
ORG05278,C,Dell Latitude,31,Female,Finance,Finance Analyst,3,Contract,2,86.8,2,5,1,90.0,0.878,26,19,4,77.4,0,1,3.0,23.6,1,0
ORG02756,B,Lenovo ThinkPad,24,Female,Finance,Accounts Executive,1,Full-time,7,93.7,0,1,2,68.3,0.686,64,59,9,68.0,3,1,2.0,14.2,1,0
ORG03752,C,HP ProBook,28,Male,Customer Support,Support Lead,2,Full-time,90,92.2,0,3,0,88.7,0.93,137,129,17,89.3,1,1,5.0,23.0,2,0
ORG04246,B,Dell Latitude,28,Male,Sales,Account Manager,3,Full-time,61,98.8,0,0,0,66.9,0.776,75,73,6,85.3,1,2,4.0,12.8,0,0
ORG06117,A,MacBook Pro,25,Male,Sales,Sales Executive,1,Full-time,37,92.3,2,2,0,59.6,0.83,41,29,5,73.3,3,0,3.0,7.7,0,0
ORG03622,B,Dell Latitude,31,Female,Sales,Account Manager,2,Full-time,105,94.3,1,1,0,83.1,0.861,77,61,4,76.5,1,1,5.0,5.2,0,0
ORG02524,C,Dell Latitude,35,Male,Operations,Process Analyst,4,Full-time,101,94.6,2,3,0,66.8,0.548,100,76,18,65.3,1,1,2.0,28.3,2,1
ORG01790,B,Lenovo ThinkPad,32,Male,Engineering,Software Engineer,4,Contract,5,88.8,2,3,0,79.7,0.847,30,21,5,66.9,3,0,4.0,9.3,1,0
ORG01358,A,Lenovo ThinkPad,30,Male,Customer Support,Support Associate,3,Full-time,93,93.2,2,2,0,55.6,0.628,82,59,11,64.3,2,1,4.0,17.6,0,0
ORG03535,B,Dell Latitude,34,Male,Finance,Finance Analyst,3,Full-time,120,95.1,1,1,0,83.6,0.872,50,45,0,99.0,0,0,5.0,7.2,0,0
ORG00566,D,Lenovo ThinkPad,30,Female,Operations,Ops Associate,3,Full-time,118,100.0,0,0,0,72.1,0.606,74,67,0,62.8,3,0,4.0,7.2,1,0
ORG02035,A,Dell Latitude,32,Male,Engineering,Software Engineer,5,Contract,2,92.4,2,5,1,84.0,,30,24,4,79.1,1,0,3.0,18.2,1,0
ORG04591,C,Dell Latitude,34,Female,Sales,Account Manager,4,Full-time,58,93.7,1,2,1,75.0,0.699,93,69,17,70.4,1,3,3.0,13.6,2,0
ORG02367,C,HP ProBook,29,Male,Sales,Inside Sales Rep,2,Contract,9,94.2,3,3,1,62.9,0.596,77,60,9,72.8,1,2,3.0,9.5,1,1
ORG05529,D,Acer TravelMate,32,Male,IT,System Admin,4,Full-time,45,94.5,0,2,1,80.4,0.821,71,65,8,71.2,1,1,4.0,8.6,1,0
ORG03166,B,HP ProBook,21,Male,Operations,Ops Associate,1,Full-time,94,94.4,0,1,0,55.8,0.802,82,61,9,57.8,1,0,3.0,5.2,2,0
ORG03361,C,HP ProBook,32,Male,Sales,Account Manager,2,Full-time,94,98.6,0,0,0,43.4,0.427,51,41,2,54.8,2,2,3.0,4.4,0,1
ORG05853,B,Dell Latitude,38,Male,Engineering,DevOps Engineer,4,Full-time,116,100.0,0,0,0,88.8,1.0,25,24,0,96.9,0,0,5.0,17.9,0,0
ORG00409,A,Dell Latitude,33,Female,Engineering,DevOps Engineer,4,Full-time,58,94.9,2,2,0,67.3,0.801,33,23,4,70.5,3,0,3.0,9.9,2,0
ORG05548,C,HP ProBook,26,Male,Operations,Ops Associate,1,Full-time,85,100.0,0,1,0,56.9,0.528,65,59,3,61.3,1,0,4.0,16.7,0,0
ORG00326,D,Lenovo ThinkPad,27,Male,Operations,Ops Associate,1,Full-time,20,100.0,0,0,0,66.9,0.711,53,41,2,60.3,2,1,4.0,5.7,0,0
ORG04718,C,HP ProBook,26,Female,Operations,Ops Lead,2,Full-time,56,88.2,1,2,1,56.5,0.614,80,53,15,,1,1,3.0,10.4,0,1
ORG01011,A,HP ProBook,30,Male,Operations,Ops Lead,2,Full-time,107,97.3,2,1,0,56.0,0.846,100,85,13,80.6,0,0,4.0,46.9,2,0
ORG06142,D,Lenovo ThinkPad,34,Male,Engineering,Software Engineer,5,Full-time,52,98.2,2,1,1,80.4,0.874,49,39,5,82.2,0,0,4.0,17.2,0,0
ORG03380,D,Dell Latitude,34,Male,IT,System Admin,3,Full-time,120,94.9,1,0,0,60.7,0.714,48,39,5,64.3,5,0,3.0,19.7,0,0
ORG03227,A,HP ProBook,23,Male,Operations,Process Analyst,2,Full-time,64,99.3,0,0,0,50.6,0.7,51,41,2,62.7,2,1,4.0,32.8,1,0
ORG04392,B,HP ProBook,29,Male,Finance,Accounts Executive,2,Full-time,28,96.8,2,0,0,84.1,0.766,31,25,1,69.0,2,0,5.0,9.0,1,0
ORG02880,B,Dell Latitude,40,Male,Engineering,DevOps Engineer,5,Full-time,108,97.7,0,1,0,46.6,0.493,46,37,0,60.8,3,1,3.0,14.9,3,0
ORG02781,C,Acer TravelMate,29,Male,Engineering,QA Analyst,2,Full-time,100,100.0,0,1,1,72.9,0.705,30,27,0,58.9,1,0,4.0,21.1,0,0
ORG05539,C,HP ProBook,27,Female,Sales,Account Manager,2,Full-time,93,97.3,0,2,0,64.7,0.607,59,47,4,65.8,3,1,4.0,,1,0
ORG04665,D,Acer TravelMate,27,Female,Operations,Process Analyst,3,Full-time,79,94.3,2,2,1,73.2,0.779,93,82,12,71.5,0,0,3.0,14.0,3,0
ORG02150,C,Lenovo ThinkPad,29,Female,Engineering,Software Engineer,3,Full-time,85,93.9,2,2,0,59.4,0.656,24,20,2,73.6,0,1,4.0,8.4,0,0
ORG04698,B,MacBook Pro,27,Female,Customer Support,Support Associate,1,Contract,14,96.4,2,1,0,66.5,0.817,61,49,8,59.5,5,3,4.0,14.6,0,0
ORG04508,D,Dell Latitude,33,Male,Engineering,DevOps Engineer,5,Full-time,20,90.8,2,4,0,86.4,1.0,68,66,8,83.2,2,0,5.0,21.4,1,0
ORG00372,C,Dell Latitude,23,Female,Sales,Sales Executive,1,Full-time,86,100.0,0,0,0,62.8,0.534,38,33,1,56.2,1,2,2.0,22.8,2,0
ORG03086,C,Dell Latitude,23,Female,Sales,Account Manager,2,Full-time,29,88.3,3,1,0,67.5,0.681,64,43,9,77.8,2,1,3.0,16.3,1,0
ORG02178,B,MacBook Pro,24,Male,HR,HR Executive,1,Full-time,23,95.5,1,2,0,65.4,0.663,45,30,3,47.3,4,4,1.0,16.3,1,1
ORG05325,B,Lenovo ThinkPad,21,Male,Engineering,Data Analyst,2,Full-time,22,95.1,1,0,0,82.7,0.811,53,43,3,84.7,3,0,4.0,7.1,1,0
ORG01003,C,Dell Latitude,28,Female,Engineering,Data Analyst,2,Full-time,89,96.8,0,2,0,89.2,0.884,39,33,3,94.8,0,0,4.0,25.0,0,0
ORG02174,D,HP ProBook,29,Male,Engineering,DevOps Engineer,4,Full-time,26,86.9,3,4,1,66.1,0.728,55,43,8,69.7,2,0,2.0,20.8,2,0
ORG04109,A,MacBook Pro,26,Male,Marketing,Performance Marketer,2,Full-time,23,94.2,0,1,0,62.8,0.4,44,34,4,,1,1,3.0,31.6,0,0
ORG06019,A,HP ProBook,28,Male,Finance,Finance Analyst,2,Full-time,88,90.6,1,1,0,60.2,0.629,34,27,3,70.4,3,2,3.0,12.4,1,0
ORG00706,D,Dell Latitude,36,Female,Operations,Ops Lead,4,Full-time,111,92.9,2,1,1,48.7,0.641,54,45,8,66.3,1,0,3.0,15.0,1,1
ORG02616,D,Lenovo ThinkPad,23,Female,Customer Support,Support Associate,1,Full-time,78,100.0,0,0,0,86.8,1.0,68,66,0,94.8,0,0,5.0,15.5,0,0
ORG01840,D,Dell Latitude,31,Male,Finance,Finance Analyst,2,Full-time,92,96.8,0,1,0,74.4,0.809,45,44,2,75.3,3,0,5.0,10.1,1,0
ORG04481,A,HP ProBook,28,Female,Customer Support,Support Associate,1,Full-time,87,94.8,3,1,1,68.1,0.628,93,64,13,49.7,2,3,3.0,28.9,1,1
ORG00997,A,Lenovo ThinkPad,30,Female,Operations,Ops Associate,2,Full-time,72,92.7,0,1,0,66.6,0.57,73,61,6,70.0,3,1,4.0,17.9,0,0
ORG05968,D,HP ProBook,27,Male,Sales,Inside Sales Rep,1,Full-time,108,91.7,3,1,1,62.2,0.617,31,26,3,71.6,2,1,3.0,11.3,2,1
ORG01870,A,HP ProBook,31,Female,HR,HR Executive,3,Full-time,39,95.4,1,0,1,42.2,0.415,35,24,3,41.3,6,3,1.0,30.8,0,1
ORG04373,D,MacBook Pro,26,Female,Customer Support,Support Lead,3,Contract,8,91.6,2,3,3,73.6,0.762,94,58,17,61.8,1,2,4.0,9.7,2,1
ORG03265,A,MacBook Pro,35,Male,Sales,Inside Sales Rep,3,Full-time,86,,1,1,0,78.1,0.816,61,46,7,68.2,3,0,3.0,28.7,1,0
ORG05905,C,Acer TravelMate,27,Female,Customer Support,Support Lead,2,Full-time,47,94.3,4,0,0,75.1,0.725,92,74,11,79.2,2,0,3.0,12.4,2,0
ORG04616,D,Lenovo ThinkPad,34,Male,Sales,Account Manager,4,Full-time,60,95.6,1,2,1,85.2,0.878,83,72,12,69.6,0,2,4.0,10.7,1,1
ORG02765,C,Dell Latitude,34,Male,Engineering,QA Analyst,4,Full-time,22,97.1,0,2,0,40.9,0.524,55,45,2,66.8,1,0,3.0,12.8,1,0
ORG00123,A,Dell Latitude,37,Male,Engineering,DevOps Engineer,5,Full-time,43,99.2,2,0,0,92.2,0.821,28,26,2,77.6,1,0,4.0,22.8,2,0
ORG04654,C,Lenovo ThinkPad,30,Female,Engineering,DevOps Engineer,5,Full-time,36,92.4,4,2,2,75.3,0.659,28,21,3,84.2,1,0,3.0,30.7,0,0
ORG01567,A,Acer TravelMate,24,Female,Engineering,DevOps Engineer,4,Full-time,13,97.5,1,4,0,78.2,0.78,18,14,1,62.3,4,2,4.0,34.7,1,0
ORG01363,C,Dell Latitude,27,Male,Operations,Ops Associate,1,Full-time,113,93.4,2,0,1,57.2,0.316,108,76,12,61.9,1,3,2.0,16.5,1,1
ORG02277,D,MacBook Pro,35,Male,Customer Support,Support Associate,3,Full-time,76,92.0,3,0,3,66.0,0.511,63,51,8,78.6,1,2,3.0,24.3,2,0
ORG00933,C,Dell Latitude,33,Male,Customer Support,Support Associate,3,Full-time,72,90.9,3,3,0,59.3,0.964,95,70,10,70.1,3,2,4.0,17.9,1,0
ORG03337,C,Lenovo ThinkPad,32,Male,Customer Support,Support Associate,2,Full-time,61,89.1,6,1,0,90.0,1.0,127,103,28,98.8,0,1,4.0,,0,0
ORG02828,A,Lenovo ThinkPad,27,Male,Engineering,Data Analyst,2,Contract,17,99.7,1,2,0,44.2,0.567,27,18,2,57.0,1,0,3.0,8.9,3,0
ORG00753,C,Acer TravelMate,22,Male,Sales,Sales Executive,1,Full-time,45,93.4,3,4,2,82.0,0.813,68,52,10,69.9,1,1,5.0,8.4,2,1
ORG00440,B,Dell Latitude,28,Female,Operations,Process Analyst,3,Full-time,36,98.3,1,3,0,75.7,0.828,83,72,7,92.5,0,0,5.0,19.3,1,0
ORG06211,B,Lenovo ThinkPad,27,Male,Engineering,Data Analyst,2,Full-time,37,92.9,1,4,0,71.4,0.981,21,19,1,86.3,0,0,5.0,14.0,1,0
ORG04521,B,Lenovo ThinkPad,37,Male,Engineering,DevOps Engineer,4,Full-time,120,90.6,3,1,3,75.6,0.913,55,42,6,84.3,1,0,5.0,12.3,0,0
ORG01865,B,Lenovo ThinkPad,23,Male,Operations,Ops Associate,1,Full-time,39,98.3,1,4,0,68.2,0.495,83,67,11,68.4,1,0,3.0,18.3,2,0
ORG04668,C,Dell Latitude,30,Male,Sales,Account Manager,3,Full-time,96,92.4,1,4,0,98.0,0.863,46,39,5,73.3,2,2,4.0,14.0,0,0
ORG04699,D,Lenovo ThinkPad,21,Female,Customer Support,Support Lead,2,Contract,4,91.5,5,2,4,88.8,0.61,108,76,22,82.5,2,1,3.0,11.2,1,0
ORG05214,A,HP ProBook,29,Female,Marketing,Content Specialist,1,Full-time,37,97.2,1,0,0,47.4,0.488,19,12,1,47.6,1,1,1.0,14.6,2,0
ORG02575,B,Lenovo ThinkPad,35,Female,Customer Support,Support Lead,4,Full-time,75,95.8,1,0,0,69.6,0.719,123,104,14,67.3,1,1,3.0,19.4,3,0
ORG04201,B,HP ProBook,32,Male,Engineering,QA Analyst,2,Full-time,59,95.6,0,2,0,56.1,0.39,20,14,1,51.0,2,1,2.0,6.9,0,0
ORG02318,C,MacBook Pro,29,Male,Finance,Accounts Executive,3,Full-time,26,89.6,1,1,2,70.8,0.839,27,19,4,83.7,0,0,3.0,21.7,0,0
ORG03075,D,Acer TravelMate,31,Male,Marketing,Performance Marketer,3,Contract,16,94.3,3,1,1,40.2,0.571,36,23,4,59.0,3,2,1.0,9.2,2,1
ORG06173,C,Lenovo ThinkPad,22,Female,Sales,Account Manager,2,Full-time,67,95.5,2,3,0,91.1,0.683,58,46,3,77.4,0,0,5.0,12.2,1,0
ORG02799,C,Lenovo ThinkPad,27,Female,Operations,Ops Lead,2,Contract,15,92.1,2,3,1,47.3,0.727,91,64,14,56.4,3,1,4.0,17.0,2,1
ORG05943,D,HP ProBook,34,Male,Engineering,Data Scientist,5,Full-time,6,96.6,0,1,1,71.6,0.786,44,39,5,85.2,3,0,4.0,18.0,1,0
ORG01047,B,Lenovo ThinkPad,38,Male,Engineering,DevOps Engineer,5,Full-time,21,92.3,1,1,1,62.6,0.758,65,53,8,65.0,3,3,4.0,35.0,2,0
ORG02058,D,Dell Latitude,33,Female,Customer Support,Support Lead,3,Full-time,16,95.7,1,0,0,86.1,1.0,126,117,12,83.2,1,0,4.0,11.3,1,0
ORG00280,C,Lenovo ThinkPad,21,Male,HR,HR Executive,1,Full-time,81,98.3,0,1,0,72.5,0.517,67,55,5,61.7,1,0,4.0,13.4,1,0
ORG04646,D,Lenovo ThinkPad,35,Male,IT,System Admin,4,Full-time,28,98.4,1,1,0,60.0,0.582,45,35,2,56.7,4,0,3.0,37.7,2,0
ORG05049,D,Lenovo ThinkPad,25,Male,Engineering,DevOps Engineer,3,Full-time,22,96.1,2,1,0,56.6,0.631,52,42,6,61.2,3,1,3.0,7.8,1,0
ORG01340,D,Dell Latitude,34,Female,Sales,Account Manager,4,Full-time,78,97.9,0,2,0,89.0,0.898,80,65,6,82.2,0,0,5.0,14.0,1,0
ORG04946,B,Dell Latitude,27,Female,HR,Talent Acquisition,3,Full-time,11,92.7,2,1,2,50.1,0.619,45,31,5,43.3,6,1,2.0,24.6,1,1
ORG05448,B,HP ProBook,28,Male,Sales,Account Manager,2,Full-time,73,89.1,2,1,0,69.9,0.863,58,45,9,58.2,3,2,3.0,13.8,0,0
ORG06222,A,Acer TravelMate,24,Male,Engineering,Data Scientist,3,Full-time,64,92.4,1,2,1,61.2,0.697,31,25,3,70.8,0,1,3.0,31.6,3,0
ORG01489,C,HP ProBook,30,Male,Marketing,Content Specialist,3,Full-time,57,94.5,1,1,0,64.3,0.73,29,21,3,67.1,0,1,4.0,17.3,1,0
ORG01048,A,Dell Latitude,30,Male,Finance,Accounts Executive,2,Full-time,35,89.8,0,3,0,52.4,0.348,33,22,4,52.2,1,0,1.0,35.2,2,0
ORG05866,D,Lenovo ThinkPad,21,Male,Sales,Sales Executive,1,Full-time,46,99.9,1,0,0,61.5,0.664,49,41,0,70.1,0,0,4.0,6.4,0,0
ORG05441,D,Dell Latitude,30,Male,Engineering,QA Analyst,2,Full-time,75,91.2,2,1,0,74.8,0.946,49,42,5,88.1,0,0,4.0,10.2,1,0
ORG03067,D,HP ProBook,30,Male,Customer Support,Support Lead,3,Full-time,108,92.7,2,3,0,76.5,0.683,130,110,21,78.3,2,3,4.0,31.1,2,0
ORG03989,D,Lenovo ThinkPad,33,Female,IT,System Admin,3,Full-time,98,96.2,1,0,1,90.5,0.785,63,59,5,86.4,0,0,5.0,17.3,1,0
ORG04012,B,Dell Latitude,25,Male,Engineering,Data Analyst,3,Full-time,21,96.0,4,1,2,57.3,0.311,31,22,2,42.1,2,2,3.0,15.3,0,0
ORG05753,B,Dell Latitude,30,Male,Finance,Finance Analyst,4,Full-time,73,93.0,0,1,1,78.4,0.947,42,38,4,74.3,1,0,5.0,36.2,0,0
ORG05953,B,Dell Latitude,28,Male,Customer Support,Support Lead,2,Contract,16,94.5,0,0,0,78.2,0.727,102,82,10,80.5,0,4,4.0,3.1,0,0
ORG04579,B,Dell Latitude,24,Female,Customer Support,Support Lead,3,Full-time,25,93.2,1,1,0,71.4,0.726,105,81,15,76.8,0,0,4.0,7.7,2,0
ORG04516,B,MacBook Pro,22,Male,Sales,Inside Sales Rep,1,Full-time,53,90.5,1,4,0,58.8,0.91,64,44,10,53.3,1,2,3.0,21.3,3,0
ORG00578,B,Dell Latitude,28,Male,Operations,Ops Lead,2,Full-time,83,94.7,2,1,0,76.4,0.929,90,82,7,76.1,0,0,5.0,7.2,0,0
ORG03750,D,Dell Latitude,28,Male,Engineering,Data Analyst,2,Full-time,117,93.8,1,2,0,85.2,0.807,18,14,1,88.3,0,0,5.0,17.9,1,0
ORG06171,A,HP ProBook,27,Male,IT,System Admin,4,Contract,15,93.7,0,3,2,48.2,0.454,70,45,8,49.8,4,3,1.0,8.0,2,1
ORG04510,A,Dell Latitude,35,Male,Sales,Account Manager,4,Full-time,23,91.8,3,4,3,59.1,0.554,70,46,10,65.3,3,6,2.0,26.1,1,1
ORG01892,D,MacBook Pro,34,Male,Finance,Finance Analyst,4,Full-time,34,94.1,3,1,1,76.7,0.989,71,62,9,71.5,2,0,4.0,18.4,2,0
ORG03936,B,Dell Latitude,32,Female,Sales,Account Manager,2,Full-time,66,86.2,2,4,0,70.6,0.895,44,36,4,70.6,2,0,3.0,11.8,1,0
ORG03870,A,Dell Latitude,32,Female,Customer Support,Support Associate,3,Full-time,81,93.9,1,5,0,76.5,0.914,107,92,14,71.0,1,2,4.0,34.9,1,0
ORG03387,A,Dell Latitude,32,Male,Customer Support,Support Lead,4,Full-time,53,100.0,1,1,0,92.3,0.815,64,61,2,83.7,0,0,5.0,46.9,4,0
ORG05549,B,Lenovo ThinkPad,25,Female,Operations,Ops Associate,2,Full-time,13,95.0,2,1,0,61.4,0.73,98,79,8,77.6,1,0,4.0,12.1,1,0
ORG03692,A,MacBook Pro,35,Male,Operations,Process Analyst,4,Full-time,98,91.0,2,1,1,85.2,1.0,109,102,12,88.4,0,0,4.0,22.4,2,0
ORG01050,A,HP ProBook,21,Male,Sales,Sales Executive,1,Contract,5,99.4,0,0,0,41.0,0.515,55,43,2,62.5,4,0,2.0,4.4,1,0
ORG00322,D,MacBook Pro,27,Female,Customer Support,Support Associate,1,Full-time,6,94.1,0,0,0,71.7,0.935,70,57,5,60.2,0,2,4.0,13.4,0,0
ORG02441,B,HP ProBook,32,Male,IT,System Admin,4,Full-time,5,98.1,3,0,0,43.9,0.336,66,44,5,42.3,4,2,2.0,12.3,1,1
ORG05061,B,Lenovo ThinkPad,35,Male,Engineering,DevOps Engineer,5,Full-time,76,99.2,1,0,1,55.9,0.601,43,36,0,58.1,2,0,4.0,12.5,1,0
ORG02743,C,Dell Latitude,27,Female,Engineering,Data Analyst,3,Full-time,53,96.4,0,1,2,88.7,0.884,38,34,2,83.1,2,0,5.0,20.4,0,0
ORG04415,D,HP ProBook,33,Female,Sales,Account Manager,4,Full-time,64,95.5,2,2,1,87.3,0.869,60,52,7,75.3,1,3,3.0,13.3,0,0
ORG01919,D,Dell Latitude,30,Male,Operations,Process Analyst,3,Full-time,95,93.9,2,2,0,74.2,0.687,90,83,10,71.0,3,0,3.0,17.8,1,0
ORG05453,C,Lenovo ThinkPad,35,Male,Finance,Accounts Executive,3,Full-time,56,87.3,3,4,3,57.8,0.627,50,31,9,44.4,1,1,3.0,22.2,3,1
ORG04975,A,MacBook Pro,24,Female,Operations,Process Analyst,2,Full-time,33,91.3,3,1,2,43.5,0.602,49,35,6,60.1,2,0,1.0,25.0,0,0
ORG01076,B,Acer TravelMate,30,Male,Sales,Account Manager,4,Contract,1,90.7,1,3,1,54.4,0.33,75,48,10,51.1,2,2,2.0,14.2,0,1
ORG04558,B,HP ProBook,29,Female,Finance,Accounts Executive,2,Full-time,51,96.0,3,0,0,63.8,0.841,62,44,6,74.1,3,0,2.0,15.6,1,0
ORG01619,B,HP ProBook,27,Male,IT,IT Support,2,Full-time,22,100.0,0,0,0,55.2,0.828,29,23,0,79.9,2,0,4.0,15.1,1,0
ORG03772,D,MacBook Pro,23,Male,IT,IT Support,3,Contract,13,93.8,2,0,1,64.6,1.0,47,36,5,82.5,0,0,4.0,28.2,1,0
ORG03177,C,Acer TravelMate,22,Female,Marketing,Performance Marketer,2,Full-time,64,99.5,0,1,0,75.1,0.603,29,27,1,78.0,1,0,5.0,21.2,0,0
ORG05841,C,Lenovo ThinkPad,32,Male,Sales,Sales Executive,1,Full-time,98,97.3,1,1,0,59.9,0.602,53,42,3,63.8,2,1,3.0,5.6,0,0
ORG00246,A,HP ProBook,35,Male,Marketing,Performance Marketer,4,Full-time,51,93.2,2,0,2,63.8,0.612,58,43,5,73.8,1,1,3.0,28.8,1,0
ORG00421,B,Dell Latitude,25,Male,Operations,Ops Associate,1,Full-time,92,92.6,4,1,0,59.3,0.54,64,42,9,69.2,4,1,3.0,28.1,1,1
ORG04394,C,HP ProBook,28,Female,Operations,Ops Lead,2,Full-time,105,97.5,2,1,0,,0.643,65,58,3,60.2,1,0,4.0,17.6,2,0
ORG00554,A,Lenovo ThinkPad,21,Male,Marketing,Content Specialist,1,Full-time,40,99.2,0,1,0,69.4,0.46,17,12,0,70.6,2,0,2.0,20.8,1,0
ORG00374,D,HP ProBook,33,Female,Sales,Sales Executive,1,Full-time,91,100.0,1,0,0,64.6,0.473,33,26,2,47.5,3,5,3.0,31.4,3,0
ORG04886,C,Lenovo ThinkPad,33,Male,HR,Talent Acquisition,3,Contract,12,93.6,2,1,0,63.7,0.723,39,33,5,54.2,6,0,4.0,39.6,2,1
ORG00737,C,Dell Latitude,21,Male,Engineering,QA Analyst,2,Full-time,9,92.9,1,2,0,51.7,0.595,45,28,4,64.9,2,0,3.0,20.8,2,1
ORG03872,A,Lenovo ThinkPad,29,Male,Engineering,DevOps Engineer,4,Full-time,25,96.8,0,1,0,92.6,0.875,32,27,1,85.5,0,0,5.0,16.3,0,0
ORG03397,D,Dell Latitude,27,Female,Engineering,Data Analyst,2,Full-time,75,94.7,0,1,0,31.0,0.569,19,12,1,45.0,4,1,2.0,10.1,2,1
ORG01407,B,HP ProBook,24,Female,IT,IT Support,1,Full-time,110,100.0,1,0,0,56.5,0.51,23,17,1,63.7,2,1,3.0,11.6,0,0
ORG01023,A,Lenovo ThinkPad,23,Female,IT,IT Support,1,Full-time,52,87.2,3,2,1,81.3,0.818,54,40,11,64.8,4,0,3.0,19.3,1,0
ORG02560,B,Dell Latitude,30,Female,Engineering,Data Analyst,3,Full-time,47,97.8,1,0,0,63.9,0.791,36,29,2,70.2,1,0,4.0,9.0,1,0
ORG05066,C,HP ProBook,30,Female,Customer Support,Support Lead,3,Full-time,44,92.9,2,1,0,79.5,0.659,62,54,9,83.5,2,0,4.0,11.8,1,0
ORG03549,C,HP ProBook,32,Female,Engineering,Software Engineer,3,Full-time,60,96.2,1,1,2,80.1,0.943,36,31,4,75.7,0,0,4.0,9.2,1,0
ORG04995,C,Lenovo ThinkPad,29,Male,Operations,Process Analyst,4,Full-time,70,92.6,0,5,0,76.8,0.777,97,83,5,79.5,1,0,4.0,38.6,2,0
ORG05492,C,Lenovo ThinkPad,31,Female,Operations,Process Analyst,4,Contract,13,94.7,0,2,0,75.9,0.74,122,99,18,70.9,2,2,3.0,20.7,2,0
ORG02681,D,Lenovo ThinkPad,26,Male,HR,HR Executive,1,Full-time,41,95.2,2,2,2,43.7,0.432,29,21,2,43.4,1,2,2.0,13.1,0,1
ORG00182,C,MacBook Pro,36,Male,Marketing,Performance Marketer,4,Full-time,60,89.8,3,3,0,52.7,0.625,34,22,3,57.5,0,1,2.0,23.7,0,1
ORG00813,D,Lenovo ThinkPad,29,Female,IT,IT Support,3,Full-time,55,100.0,0,0,0,69.3,0.833,60,50,3,67.4,1,0,4.0,10.9,1,0
ORG00764,D,HP ProBook,30,Female,Engineering,Software Engineer,2,Full-time,53,93.3,3,1,0,66.7,0.59,30,24,0,61.3,2,0,2.0,24.0,1,0
ORG02822,A,HP ProBook,32,Female,Operations,Process Analyst,4,Full-time,74,94.5,0,0,0,53.1,0.807,77,70,7,66.3,3,0,4.0,15.4,1,0
ORG03835,B,Dell Latitude,27,Male,Sales,Account Manager,2,Full-time,8,96.0,2,2,0,67.6,0.731,54,43,4,58.3,3,1,3.0,5.5,1,0
ORG05427,A,Lenovo ThinkPad,33,Male,IT,IT Support,3,Full-time,28,95.6,1,0,0,75.5,0.789,70,62,4,94.1,0,0,4.0,13.0,1,0
ORG03967,C,HP ProBook,25,Female,Customer Support,Support Associate,3,Contract,11,97.4,0,4,0,88.9,1.0,101,91,13,98.6,0,1,5.0,14.4,2,0
ORG02907,B,Dell Latitude,29,Male,IT,System Admin,3,Full-time,97,96.4,0,1,0,77.0,0.67,69,56,7,55.1,1,0,3.0,40.0,1,0
ORG01560,A,Acer TravelMate,29,Male,Marketing,Performance Marketer,2,Full-time,30,90.2,2,0,0,75.3,0.762,24,22,2,67.2,1,0,3.0,9.9,0,0
ORG05010,C,Acer TravelMate,30,Male,Customer Support,Support Lead,4,Contract,17,99.1,1,1,0,68.8,0.839,117,114,7,79.0,0,0,4.0,13.2,0,0
ORG00531,B,Dell Latitude,30,Male,Operations,Ops Associate,2,Full-time,99,93.1,0,1,0,42.1,0.347,71,44,7,42.2,6,0,2.0,6.0,0,1
ORG03154,C,HP ProBook,34,Male,Engineering,QA Analyst,3,Full-time,94,94.8,1,0,0,,0.742,39,36,3,71.6,1,0,5.0,15.1,2,0
ORG05067,B,HP ProBook,30,Female,Operations,Ops Lead,2,Contract,4,89.5,6,2,1,80.3,0.671,81,67,9,86.0,0,0,3.0,42.9,1,0
ORG01783,D,Dell Latitude,36,Male,Sales,Account Manager,3,Contract,2,93.0,2,3,1,54.3,0.609,43,27,4,69.3,0,0,3.0,6.1,0,1
ORG00711,A,Dell Latitude,28,Female,IT,System Admin,3,Full-time,40,99.2,1,1,0,46.6,0.613,65,57,3,72.2,4,1,3.0,16.9,0,0
ORG05489,D,Dell Latitude,21,Female,Customer Support,Support Associate,1,Contract,12,94.6,1,0,0,62.1,0.474,111,73,13,59.8,1,1,3.0,2.2,0,1
ORG04990,C,Dell Latitude,39,Female,Engineering,Data Scientist,5,Full-time,26,87.7,2,1,0,76.5,0.658,50,41,7,55.1,5,1,3.0,15.3,1,0
ORG03902,A,HP ProBook,31,Male,HR,Talent Acquisition,2,Full-time,50,97.9,0,0,0,69.1,0.505,58,46,5,57.8,3,1,3.0,17.1,0,0
ORG05404,C,Acer TravelMate,29,Male,Engineering,Data Analyst,2,Full-time,6,95.8,2,0,0,71.9,0.983,25,18,2,83.7,1,0,5.0,12.3,2,0
ORG06057,B,Lenovo ThinkPad,30,Male,Engineering,QA Analyst,3,Full-time,62,87.3,4,0,0,47.9,0.463,46,29,6,63.0,1,1,3.0,21.6,1,1
ORG00995,B,Dell Latitude,24,Female,Marketing,Content Specialist,2,Full-time,26,93.0,3,1,2,61.1,0.68,61,46,6,80.5,4,1,2.0,6.0,2,0
ORG06215,C,Acer TravelMate,25,Female,Sales,Sales Executive,2,Full-time,32,91.3,4,0,3,67.7,0.937,52,35,9,85.4,0,0,3.0,22.4,5,0
ORG01182,C,Lenovo ThinkPad,34,Male,Engineering,QA Analyst,3,Full-time,80,87.6,2,2,0,77.6,0.763,28,23,4,89.5,2,0,3.0,11.7,0,0
ORG02516,A,HP ProBook,28,Male,HR,Talent Acquisition,2,Full-time,89,94.9,0,0,0,92.8,1.0,36,35,3,94.5,1,0,5.0,25.0,0,0
ORG04555,C,Acer TravelMate,42,Female,Sales,Sales Executive,3,Full-time,105,100.0,1,0,0,50.1,0.468,44,34,0,60.7,1,2,4.0,16.3,1,0
ORG02440,D,HP ProBook,31,Male,Finance,Accounts Executive,1,Full-time,110,87.4,0,2,0,55.1,0.739,28,18,5,75.3,0,0,2.0,10.0,0,0
ORG05348,C,HP ProBook,25,Male,Finance,Finance Analyst,2,Full-time,14,100.0,0,0,0,71.0,0.63,54,48,2,74.4,1,0,4.0,11.7,1,0
ORG05657,D,Lenovo ThinkPad,21,Male,Marketing,Content Specialist,1,Full-time,21,93.5,3,4,0,55.3,0.614,64,42,7,58.2,3,0,2.0,5.9,2,0
ORG01200,D,Dell Latitude,34,Male,Finance,Accounts Executive,3,Full-time,70,97.7,1,0,0,75.7,0.695,45,38,6,70.6,1,0,4.0,5.7,2,0
ORG01540,D,HP ProBook,21,Female,Customer Support,Support Lead,2,Full-time,12,90.1,3,2,0,80.8,0.789,84,68,14,71.5,1,2,3.0,17.7,2,0
ORG04468,B,Dell Latitude,29,Female,Operations,Ops Associate,2,Full-time,45,98.5,0,0,0,58.2,0.652,91,76,8,61.6,2,2,3.0,15.8,2,0
ORG01965,C,Lenovo ThinkPad,33,Male,Finance,Finance Analyst,2,Full-time,89,99.0,1,0,0,64.2,0.904,66,59,5,66.7,5,1,5.0,12.6,1,0
ORG02877,C,Lenovo ThinkPad,27,Female,Sales,Sales Executive,2,Contract,11,95.2,0,2,1,59.3,0.589,57,44,5,69.6,1,1,4.0,28.6,1,0
ORG03897,B,Lenovo ThinkPad,30,Male,Sales,Account Manager,3,Full-time,102,100.0,0,0,0,68.5,0.782,47,45,1,74.0,1,1,4.0,27.6,1,0
ORG00016,C,HP ProBook,21,Female,Sales,Inside Sales Rep,1,Full-time,20,89.7,1,3,0,53.6,0.521,39,31,3,47.0,5,4,2.0,8.1,1,1
ORG05709,C,Lenovo ThinkPad,29,Male,Engineering,Data Analyst,2,Contract,12,96.1,0,0,0,67.8,0.803,34,25,4,63.5,1,0,4.0,14.7,5,0
ORG06086,B,MacBook Pro,24,Male,HR,HR Executive,1,Contract,1,98.5,1,1,1,36.1,0.527,35,24,3,58.2,5,3,3.0,6.2,0,1
ORG01744,B,Lenovo ThinkPad,32,Male,IT,System Admin,3,Full-time,100,94.3,4,2,1,72.4,0.778,66,47,11,69.9,1,0,2.0,15.1,0,0
ORG01893,C,Lenovo ThinkPad,30,Female,Customer Support,Support Lead,2,Full-time,72,94.6,0,2,1,52.7,0.595,95,76,8,66.7,0,2,3.0,54.3,2,0
ORG04480,B,Acer TravelMate,37,Male,IT,System Admin,3,Full-time,110,93.7,2,1,0,52.6,0.721,21,17,2,81.9,1,0,3.0,13.3,2,0
ORG01455,B,Dell Latitude,23,Male,Sales,Inside Sales Rep,1,Full-time,35,93.8,2,1,0,83.1,0.792,34,27,4,65.7,0,1,4.0,11.1,0,0
ORG01536,D,Lenovo ThinkPad,22,Male,Customer Support,Support Associate,3,Contract,17,95.0,1,4,0,72.2,0.739,125,99,19,80.0,1,0,3.0,48.4,2,0
ORG01972,A,Dell Latitude,33,Female,IT,IT Support,3,Full-time,109,100.0,0,0,0,54.5,0.686,37,34,0,74.4,2,0,4.0,13.6,2,0
ORG06008,D,Dell Latitude,21,Female,HR,HR Executive,2,Contract,2,92.0,3,5,0,54.3,0.682,25,16,3,82.3,1,0,3.0,6.7,2,0
ORG01269,C,Lenovo ThinkPad,36,Male,Customer Support,Support Associate,3,Full-time,120,93.9,5,1,2,67.9,0.612,86,58,8,68.2,4,1,3.0,16.3,2,0
ORG04796,B,Lenovo ThinkPad,29,Male,Engineering,Software Engineer,4,Contract,1,100.0,0,1,0,59.7,0.546,46,39,3,63.1,0,1,4.0,15.2,2,0
ORG01478,A,Dell Latitude,29,Female,IT,System Admin,3,Full-time,116,97.8,3,0,0,75.8,0.597,52,44,5,57.5,2,0,3.0,23.2,0,0
ORG01920,A,Dell Latitude,24,Female,IT,System Admin,2,Full-time,24,98.4,1,1,0,42.3,0.663,23,15,1,67.8,0,1,2.0,21.8,2,0
ORG01877,A,HP ProBook,21,Male,Sales,Inside Sales Rep,2,Full-time,31,89.2,2,3,2,74.4,0.82,39,28,3,86.8,0,0,4.0,13.0,0,0
ORG02228,B,HP ProBook,27,Male,Engineering,QA Analyst,2,Full-time,66,92.7,1,2,1,62.1,0.782,50,37,7,71.0,0,0,3.0,19.5,0,0
ORG06089,C,Acer TravelMate,33,Male,Sales,Sales Executive,3,Contract,11,96.5,1,1,1,55.0,,58,46,6,63.8,3,3,4.0,7.9,2,0
ORG01057,D,Dell Latitude,29,Male,Marketing,Performance Marketer,3,Full-time,11,91.3,3,0,0,71.1,0.513,51,39,8,68.0,5,1,,21.0,1,0
ORG05246,B,HP ProBook,38,Female,Operations,Process Analyst,4,Full-time,108,95.3,1,0,1,57.1,0.656,88,82,8,77.9,1,0,3.0,43.7,1,0
ORG05491,D,HP ProBook,21,Male,Sales,Inside Sales Rep,2,Contract,4,92.2,1,0,0,60.0,0.462,63,47,5,63.9,1,1,2.0,8.0,0,0
ORG02819,D,Lenovo ThinkPad,27,Male,Customer Support,Support Lead,2,Full-time,76,92.7,0,2,0,25.0,0.413,109,58,12,30.0,7,8,1.0,13.5,1,1
ORG02499,B,Lenovo ThinkPad,28,Female,HR,HR Executive,2,Full-time,63,94.0,0,1,0,98.0,1.0,49,48,3,92.2,0,0,5.0,24.6,0,0
ORG06078,D,Lenovo ThinkPad,29,Male,Sales,Sales Executive,2,Full-time,77,96.0,1,0,0,53.3,0.582,67,51,4,51.4,3,1,3.0,12.6,1,1
ORG02869,A,Lenovo ThinkPad,36,Male,Marketing,Performance Marketer,4,Full-time,90,95.1,0,2,0,57.6,0.64,31,17,4,48.7,3,0,2.0,21.6,0,1
ORG06045,A,Lenovo ThinkPad,29,Female,Customer Support,Support Lead,3,Full-time,56,97.8,1,1,0,64.8,0.77,89,70,5,79.1,1,2,4.0,8.8,1,0
ORG02896,A,Lenovo ThinkPad,37,Male,Engineering,Data Scientist,5,Full-time,117,,4,1,0,68.5,0.762,38,30,3,67.0,4,0,3.0,14.4,2,0
ORG03625,B,Acer TravelMate,25,Male,Operations,Process Analyst,2,Full-time,72,92.8,1,2,0,46.3,0.568,61,46,7,57.3,1,1,3.0,12.1,2,0
ORG04732,B,Dell Latitude,37,Male,Marketing,Performance Marketer,3,Full-time,98,95.8,2,2,2,87.0,0.892,46,42,5,77.0,1,0,4.0,45.4,1,0
ORG05185,B,HP ProBook,32,Female,Engineering,QA Analyst,2,Full-time,116,93.9,0,4,0,50.0,0.413,26,17,2,53.2,1,1,2.0,28.1,1,1
ORG02084,C,Acer TravelMate,21,Male,Engineering,Data Analyst,2,Contract,16,90.2,1,0,0,47.1,0.513,29,19,4,59.6,1,1,1.0,25.5,3,1
ORG03701,B,Dell Latitude,30,Male,Marketing,Marketing Executive,1,Full-time,104,92.1,0,2,0,41.0,0.544,20,16,2,62.3,2,0,3.0,30.9,1,0
ORG00677,A,HP ProBook,35,Female,Marketing,Performance Marketer,4,Full-time,74,96.1,1,0,0,45.5,0.611,68,52,6,65.0,0,0,3.0,15.5,2,0
ORG00587,C,MacBook Pro,36,Female,Engineering,Data Scientist,5,Full-time,107,95.6,1,0,1,66.0,0.594,59,49,7,70.4,3,0,4.0,35.5,0,0
ORG04336,D,Dell Latitude,34,Male,Engineering,Data Scientist,3,Contract,9,97.8,1,1,0,98.0,0.842,47,46,1,89.3,1,0,5.0,36.7,4,0
ORG06003,D,HP ProBook,31,Male,Operations,Process Analyst,3,Full-time,66,92.9,2,2,1,48.1,0.684,103,70,13,59.4,6,2,2.0,19.4,3,1
ORG03575,D,Lenovo ThinkPad,28,Female,Sales,Inside Sales Rep,3,Contract,2,98.1,0,1,0,68.0,0.802,56,46,5,66.7,4,0,3.0,7.1,1,0
ORG01873,B,MacBook Pro,23,Female,IT,IT Support,1,Full-time,11,93.7,4,3,1,47.7,0.658,40,27,5,55.5,1,1,2.0,38.0,1,0
ORG05684,C,Dell Latitude,33,Male,Operations,Ops Lead,3,Full-time,109,95.6,1,2,0,37.3,0.521,85,53,11,47.6,4,2,2.0,7.6,1,1
ORG00009,A,Dell Latitude,34,Male,Engineering,Data Analyst,4,Full-time,77,85.5,7,6,1,62.2,0.525,40,27,8,62.5,0,1,1.0,22.2,1,1
ORG04007,A,HP ProBook,24,Male,Customer Support,Support Associate,2,Contract,9,94.1,2,3,0,70.6,0.763,138,123,17,82.0,1,0,4.0,13.3,1,0
ORG03162,C,Dell Latitude,37,Other,IT,System Admin,3,Full-time,77,99.0,1,2,1,93.4,1.0,36,35,3,99.0,1,0,5.0,18.1,1,0
ORG02104,A,MacBook Pro,28,Male,Marketing,Marketing Executive,1,Full-time,75,93.8,1,0,0,70.7,0.449,39,28,5,63.8,4,3,3.0,14.4,1,0
ORG04976,D,Lenovo ThinkPad,25,Male,Customer Support,Support Associate,1,Full-time,89,92.8,1,1,1,55.3,0.786,81,57,6,57.9,3,1,4.0,12.7,0,0
ORG01384,B,Dell Latitude,32,Female,IT,System Admin,4,Full-time,60,95.1,1,0,0,69.9,0.817,32,25,3,60.2,4,0,5.0,12.0,0,0
ORG05983,C,Lenovo ThinkPad,30,Female,HR,Talent Acquisition,3,Contract,4,97.5,1,0,0,48.8,0.747,28,23,0,76.3,1,0,3.0,7.9,0,0
ORG00550,C,Acer TravelMate,22,Female,Customer Support,Support Associate,3,Full-time,6,94.1,1,2,0,87.1,0.92,111,107,17,95.5,1,0,4.0,35.1,1,0
ORG00743,D,HP ProBook,36,Female,Marketing,Performance Marketer,4,Full-time,23,98.8,2,1,0,65.2,0.739,70,62,6,72.1,2,1,4.0,8.3,2,0
ORG02324,A,Lenovo ThinkPad,38,Male,Engineering,Software Engineer,5,Full-time,93,89.4,3,2,1,68.1,0.719,37,29,5,71.2,1,0,4.0,19.9,0,0
ORG03806,B,HP ProBook,33,Female,Engineering,Software Engineer,4,Full-time,25,100.0,0,0,0,60.2,0.498,24,19,0,60.9,2,0,4.0,49.0,3,0
ORG00692,A,Dell Latitude,24,Female,Marketing,Marketing Executive,1,Full-time,26,88.1,2,0,1,68.4,0.736,33,28,4,70.5,1,0,2.0,19.1,4,0
ORG03662,C,Acer TravelMate,31,Female,Marketing,Performance Marketer,3,Full-time,7,93.7,4,4,3,69.7,0.769,28,19,3,69.7,1,0,4.0,10.0,0,0
ORG01872,C,Dell Latitude,30,Male,Customer Support,Support Associate,3,Full-time,81,99.8,0,0,1,70.6,0.651,132,107,10,75.7,1,2,3.0,17.4,3,0
ORG04429,B,MacBook Pro,27,Female,Sales,Account Manager,2,Full-time,61,93.3,0,3,0,63.2,0.708,62,46,8,58.8,0,2,3.0,7.0,1,1
ORG00427,A,Lenovo ThinkPad,34,Female,Sales,Account Manager,2,Full-time,119,94.6,2,2,0,98.0,0.976,43,39,2,84.0,1,0,4.0,24.5,1,0
ORG03219,A,Acer TravelMate,28,Male,Sales,Sales Executive,1,Full-time,114,86.2,0,3,0,57.1,0.473,52,29,6,51.1,1,1,2.0,11.8,1,1
ORG00034,B,Dell Latitude,30,Female,Sales,Account Manager,2,Contract,9,96.1,1,2,0,81.1,0.791,73,57,8,76.9,1,1,3.0,26.4,2,1
ORG01177,C,MacBook Pro,35,Male,Customer Support,Support Lead,3,Full-time,111,100.0,0,0,0,98.0,0.895,88,85,1,76.7,2,1,5.0,31.3,0,0
ORG05876,B,Lenovo ThinkPad,26,Female,Customer Support,Support Associate,3,Full-time,16,89.3,5,1,2,75.8,0.759,87,78,15,83.0,0,1,5.0,17.7,4,0
ORG00045,D,Lenovo ThinkPad,33,Male,HR,Talent Acquisition,3,Full-time,35,98.5,0,0,0,81.8,1.0,34,32,1,89.5,0,0,5.0,18.6,2,0
ORG05726,C,Acer TravelMate,41,Female,Marketing,Performance Marketer,4,Full-time,114,98.7,1,0,1,55.7,0.865,71,63,7,62.8,1,0,3.0,25.5,1,0
ORG03948,A,Dell Latitude,34,Male,Engineering,Data Scientist,3,Full-time,107,100.0,0,1,0,53.3,0.695,58,56,0,66.3,1,0,4.0,5.9,0,0
ORG06094,B,Lenovo ThinkPad,34,Male,Operations,Process Analyst,2,Full-time,39,86.8,2,2,0,60.6,0.77,67,45,8,78.6,3,0,3.0,12.4,0,0
ORG05818,B,Lenovo ThinkPad,28,Male,Engineering,Software Engineer,2,Full-time,43,93.5,2,5,1,94.6,0.68,34,28,5,77.0,1,0,4.0,31.6,2,0
ORG04093,C,Lenovo ThinkPad,24,Male,HR,HR Executive,1,Full-time,89,98.5,0,0,0,54.1,0.653,30,24,0,58.6,1,0,4.0,12.0,2,0
ORG01434,B,HP ProBook,34,Female,Engineering,Software Engineer,5,Full-time,40,97.1,4,1,0,62.3,0.819,44,35,5,69.7,1,0,3.0,14.5,3,1
ORG04099,D,HP ProBook,30,Female,Operations,Process Analyst,3,Full-time,38,94.9,3,2,1,87.1,0.828,53,45,5,93.9,0,0,4.0,30.9,3,0
ORG00978,D,Lenovo ThinkPad,36,Male,Customer Support,Support Lead,4,Full-time,87,93.7,3,1,0,40.5,0.532,142,99,17,65.1,2,1,2.0,30.7,4,1
ORG02527,A,Dell Latitude,32,Male,Marketing,Performance Marketer,4,Full-time,18,92.9,2,7,0,90.1,0.94,38,35,3,82.1,3,0,5.0,14.9,0,0
ORG04697,C,Acer TravelMate,31,Female,Customer Support,Support Lead,3,Full-time,28,97.0,1,3,1,56.4,0.89,97,85,11,67.0,2,0,4.0,30.4,6,0
ORG05360,A,Acer TravelMate,31,Male,HR,Talent Acquisition,2,Full-time,73,93.0,1,1,1,29.9,0.608,33,22,3,,2,0,2.0,11.1,1,1
ORG01722,C,HP ProBook,31,Female,Sales,Account Manager,3,Full-time,71,95.8,1,1,0,90.6,1.0,42,36,6,99.0,0,0,5.0,9.8,1,0
ORG05281,C,Dell Latitude,30,Male,IT,IT Support,2,Full-time,64,96.7,1,1,0,50.7,0.602,23,18,1,64.0,1,2,3.0,14.6,1,1
ORG00064,A,HP ProBook,36,Female,Finance,Finance Analyst,2,Full-time,106,92.4,2,1,0,72.9,0.895,52,40,5,80.2,1,0,5.0,11.2,1,0
ORG04327,D,Lenovo ThinkPad,33,Female,Engineering,QA Analyst,3,Full-time,5,90.7,3,2,0,61.4,0.625,54,40,5,54.7,1,1,3.0,14.1,0,0
ORG04036,A,Lenovo ThinkPad,33,Male,Sales,Sales Executive,3,Full-time,73,97.1,0,0,0,36.1,0.52,58,45,7,54.8,4,1,2.0,10.4,0,1
ORG03908,D,Acer TravelMate,28,Female,Marketing,Content Specialist,2,Full-time,85,98.6,0,1,0,64.5,0.688,34,27,1,79.1,1,0,3.0,19.8,2,0
ORG06071,D,Dell Latitude,38,Male,Marketing,Marketing Executive,3,Full-time,104,100.0,0,0,0,56.1,0.646,32,30,0,66.0,3,0,4.0,28.0,0,0
ORG05985,C,HP ProBook,32,Female,Operations,Process Analyst,3,Full-time,44,92.0,4,1,1,75.7,0.926,57,39,11,81.5,1,1,3.0,21.4,2,0
ORG01515,C,MacBook Pro,33,Female,Marketing,Performance Marketer,4,Full-time,68,90.3,3,2,1,72.2,0.783,69,51,12,75.2,2,1,3.0,24.3,0,0
ORG00228,C,Lenovo ThinkPad,27,Female,Customer Support,Support Associate,2,Full-time,71,96.7,0,1,0,79.5,0.834,119,107,16,75.4,0,2,4.0,27.1,1,1
ORG02514,A,HP ProBook,27,Male,Engineering,Software Engineer,2,Full-time,59,95.1,0,1,0,89.9,0.872,30,27,3,82.3,0,0,5.0,22.4,0,0
ORG02943,A,Dell Latitude,26,Male,HR,HR Executive,3,Full-time,41,90.6,0,0,0,98.0,0.864,71,64,9,82.4,0,0,5.0,41.9,2,0
ORG03892,C,Lenovo ThinkPad,28,Female,Operations,Process Analyst,2,Full-time,61,96.0,1,1,1,74.8,0.694,97,87,5,68.8,6,1,4.0,14.0,3,0
ORG05515,D,Dell Latitude,26,Female,Engineering,Software Engineer,3,Full-time,22,95.5,1,0,1,83.8,0.737,37,30,2,83.9,0,0,4.0,7.4,1,0
ORG02953,C,Acer TravelMate,28,Female,Engineering,Data Analyst,2,Full-time,57,91.0,2,0,1,67.2,0.532,39,29,5,69.9,1,0,2.0,9.8,0,1
ORG00180,D,Dell Latitude,25,Male,Finance,Finance Analyst,2,Full-time,111,93.8,0,2,0,67.7,0.567,69,62,6,63.6,2,0,3.0,31.4,1,1
ORG05219,D,Lenovo ThinkPad,26,Female,Sales,Sales Executive,1,Full-time,17,98.4,0,0,0,63.8,0.693,60,49,5,65.8,5,1,5.0,15.0,1,0
ORG03917,B,Lenovo ThinkPad,28,Male,Customer Support,Support Associate,2,Full-time,120,92.1,3,2,1,56.5,0.578,112,78,15,53.9,2,2,2.0,6.0,0,1
ORG04123,D,Dell Latitude,25,Female,Marketing,Marketing Executive,1,Full-time,105,99.8,0,0,0,80.1,0.813,16,15,0,73.9,1,0,4.0,10.4,0,0
ORG01040,A,HP ProBook,39,Male,Engineering,Software Engineer,5,Full-time,84,94.0,2,0,0,88.0,0.876,30,26,3,94.7,0,0,5.0,11.1,2,0
ORG03440,B,HP ProBook,32,Female,Operations,Process Analyst,3,Full-time,83,95.3,0,0,0,57.2,0.572,105,86,13,76.6,0,0,3.0,10.9,1,0
ORG03972,A,Lenovo ThinkPad,29,Male,Engineering,Data Analyst,3,Full-time,10,99.2,0,1,1,68.0,0.694,33,29,1,67.1,1,1,3.0,17.6,1,1
ORG02447,D,Dell Latitude,33,Male,Engineering,QA Analyst,3,Full-time,53,96.7,1,3,0,66.1,0.611,40,28,4,58.9,1,1,3.0,19.6,1,1
ORG02433,C,HP ProBook,29,Male,Operations,Ops Lead,3,Full-time,114,95.6,1,2,0,45.7,0.65,59,53,5,79.9,2,0,4.0,10.1,3,0
ORG01222,C,Dell Latitude,32,Female,Engineering,DevOps Engineer,4,Contract,12,96.6,1,0,0,40.2,0.589,35,24,2,58.9,3,1,3.0,38.6,0,0
ORG01245,A,HP ProBook,33,Male,Sales,Account Manager,3,Full-time,21,94.5,3,0,0,54.3,0.599,45,36,6,62.1,1,2,3.0,9.9,3,0
ORG03411,D,Lenovo ThinkPad,31,Female,Operations,Ops Associate,2,Full-time,88,94.6,0,1,0,75.2,0.563,101,92,9,58.1,1,2,4.0,15.4,2,0
ORG03130,B,MacBook Pro,21,Male,IT,IT Support,1,Full-time,42,97.0,0,0,0,79.8,0.794,47,46,0,88.0,0,0,5.0,20.8,1,0
ORG01729,A,Lenovo ThinkPad,41,Male,Engineering,Data Scientist,5,Full-time,60,97.2,0,0,0,81.8,0.749,33,28,2,78.4,1,0,4.0,15.6,2,0
ORG04412,A,Lenovo ThinkPad,28,Male,Engineering,Data Analyst,2,Full-time,87,92.4,1,4,0,83.6,0.612,38,29,3,65.2,2,0,3.0,10.0,1,0
ORG03558,D,Dell Latitude,30,Female,Marketing,Marketing Executive,3,Full-time,3,90.9,3,2,0,75.0,0.888,74,59,12,76.5,1,1,4.0,31.4,1,0
ORG06047,D,HP ProBook,22,Male,Sales,Sales Executive,1,Full-time,107,96.9,0,1,0,83.9,0.452,58,41,5,70.9,3,0,3.0,12.2,0,0
ORG02489,D,Acer TravelMate,26,Male,Engineering,Software Engineer,2,Full-time,21,96.6,0,1,0,76.1,0.797,18,16,1,86.9,1,0,4.0,16.2,1,0
ORG05072,B,HP ProBook,31,Female,Sales,Sales Executive,2,Full-time,75,89.9,1,2,2,34.7,0.276,65,45,9,55.7,1,4,1.0,19.2,0,1
ORG04113,D,HP ProBook,24,Female,Finance,Accounts Executive,1,Full-time,60,97.8,1,1,0,55.6,0.581,23,17,1,67.8,1,0,4.0,16.1,0,0
ORG05713,C,Dell Latitude,25,Male,IT,System Admin,2,Full-time,39,94.2,2,1,0,46.2,0.336,43,36,5,67.0,0,0,2.0,16.0,0,1
ORG05081,C,Acer TravelMate,25,Male,Engineering,Software Engineer,2,Full-time,6,96.0,2,0,0,66.8,0.785,45,37,4,56.2,5,1,3.0,8.2,1,0
ORG05707,C,HP ProBook,26,Male,Marketing,Content Specialist,3,Full-time,45,88.4,1,1,0,73.3,0.933,45,39,5,85.1,1,0,4.0,21.1,0,0
ORG02081,A,HP ProBook,22,Male,Sales,Sales Executive,1,Contract,3,93.7,2,7,0,44.9,0.495,49,31,6,53.0,3,3,2.0,0.0,0,1
ORG04630,B,HP ProBook,27,Female,Sales,Inside Sales Rep,1,Full-time,55,95.0,2,4,0,54.6,0.52,31,24,1,61.6,2,1,3.0,22.8,0,0
ORG04595,D,Dell Latitude,37,Other,Engineering,Software Engineer,5,Full-time,39,98.3,2,3,0,85.9,1.0,41,39,4,89.3,0,0,5.0,29.9,2,0
ORG02656,A,HP ProBook,28,Female,Marketing,Performance Marketer,2,Full-time,31,92.4,1,1,1,61.6,0.592,58,41,7,59.0,3,3,2.0,20.0,2,1
ORG03196,D,HP ProBook,22,Female,Sales,Inside Sales Rep,2,Contract,12,96.4,0,2,1,70.1,0.885,77,68,10,83.0,0,0,4.0,1.8,1,0
ORG04600,C,HP ProBook,24,Male,Sales,Sales Executive,1,Full-time,57,100.0,0,0,0,61.7,0.657,69,60,3,45.2,2,1,3.0,2.5,1,0
ORG06224,C,Dell Latitude,25,Male,Engineering,QA Analyst,2,Full-time,31,98.5,1,0,0,60.0,0.623,44,35,2,66.7,1,0,3.0,11.6,2,0
ORG03859,C,Lenovo ThinkPad,35,Female,Finance,Finance Analyst,3,Full-time,119,97.3,0,1,0,62.7,0.527,63,44,6,68.3,1,0,3.0,27.0,2,0
ORG06042,C,Lenovo ThinkPad,34,Male,Engineering,DevOps Engineer,3,Full-time,117,96.4,0,0,0,73.2,0.802,29,26,0,81.6,1,0,5.0,10.8,0,0
ORG03968,C,HP ProBook,30,Male,Engineering,DevOps Engineer,3,Full-time,76,95.2,0,2,0,68.9,0.894,32,27,3,85.0,3,1,5.0,36.9,4,0
ORG05963,B,Dell Latitude,28,Male,Customer Support,Support Lead,2,Full-time,100,94.2,0,1,0,68.3,0.786,81,66,10,81.1,0,0,5.0,9.6,2,0
ORG03165,D,Dell Latitude,31,Male,Operations,Process Analyst,3,Full-time,10,96.3,1,1,0,64.9,0.541,93,71,12,60.8,1,1,3.0,35.5,0,0
ORG01371,A,MacBook Pro,34,Male,Engineering,Software Engineer,3,Full-time,112,90.8,4,2,0,86.7,0.824,23,18,2,81.0,0,0,2.0,15.9,0,0
ORG00474,A,Dell Latitude,28,Female,Engineering,Data Scientist,4,Full-time,43,97.2,3,7,0,35.8,0.445,43,27,5,41.7,3,1,2.0,22.5,2,1
ORG00642,A,MacBook Pro,23,Male,HR,HR Executive,2,Contract,12,94.8,3,4,1,61.4,0.904,65,48,7,58.1,3,2,3.0,4.6,0,0
ORG05952,B,HP ProBook,29,Male,Customer Support,Support Lead,4,Full-time,59,97.2,1,2,1,56.8,0.982,69,62,3,71.0,2,1,,26.3,0,1
ORG01420,D,Dell Latitude,27,Male,IT,System Admin,3,Full-time,44,95.3,1,1,1,75.9,0.695,72,63,6,84.3,1,1,4.0,22.7,0,0
ORG04253,C,HP ProBook,33,Female,Engineering,DevOps Engineer,4,Full-time,77,91.1,3,5,1,83.6,0.999,41,34,6,99.0,0,0,4.0,36.9,2,0
ORG05261,A,Lenovo ThinkPad,33,Male,Operations,Process Analyst,3,Full-time,6,93.5,1,2,0,66.1,0.729,97,72,11,59.4,2,1,3.0,22.3,0,1
ORG05751,A,Dell Latitude,29,Female,Engineering,QA Analyst,2,Full-time,72,90.2,1,4,0,66.2,0.487,22,14,1,61.6,0,0,2.0,13.6,0,0
ORG00298,A,Dell Latitude,30,Male,HR,Talent Acquisition,2,Full-time,110,95.5,0,3,0,62.7,0.699,64,52,5,66.6,2,1,4.0,11.2,1,0
ORG00304,D,Dell Latitude,37,Male,Customer Support,Support Lead,4,Contract,17,97.9,6,0,1,75.4,0.79,88,58,15,71.8,1,1,4.0,13.0,0,0
ORG03415,C,Dell Latitude,21,Male,Sales,Sales Executive,2,Full-time,22,92.3,1,2,0,64.3,0.624,48,35,5,63.3,2,0,3.0,16.9,0,0
ORG02678,A,MacBook Pro,29,Female,HR,HR Executive,2,Full-time,83,94.9,2,1,0,65.2,0.653,31,23,4,85.4,0,0,3.0,14.5,2,0
ORG04776,D,Acer TravelMate,28,Male,Engineering,DevOps Engineer,4,Full-time,64,96.2,3,1,0,79.9,0.726,29,23,3,82.9,2,0,4.0,32.8,2,0
ORG02881,A,HP ProBook,34,Female,Engineering,Software Engineer,4,Full-time,23,92.3,2,2,1,65.8,0.828,44,43,3,89.5,0,0,5.0,16.0,3,0
ORG02307,A,Lenovo ThinkPad,26,Male,Customer Support,Support Associate,2,Full-time,94,95.3,0,2,0,70.7,0.857,96,87,8,87.4,0,1,5.0,29.1,1,0
ORG00656,B,MacBook Pro,25,Female,Sales,Account Manager,2,Full-time,90,96.5,0,0,1,72.4,0.845,60,47,6,69.4,0,1,3.0,24.7,4,0
ORG05771,C,MacBook Pro,31,Male,HR,HR Executive,3,Full-time,62,91.6,1,0,0,36.1,0.712,29,21,3,58.1,0,0,3.0,15.0,2,0
ORG04274,A,HP ProBook,27,Female,Marketing,Content Specialist,1,Full-time,115,92.7,1,0,0,55.0,0.469,28,20,1,49.1,5,0,3.0,2.8,0,1
ORG04252,A,Dell Latitude,29,Female,Engineering,DevOps Engineer,4,Full-time,16,99.1,3,0,0,61.7,0.587,36,27,1,64.0,1,0,3.0,13.7,1,0
ORG03008,D,Lenovo ThinkPad,31,Male,Engineering,DevOps Engineer,3,Full-time,84,94.7,2,1,0,65.0,0.633,22,15,1,49.6,4,0,2.0,17.4,0,1
ORG04529,D,Lenovo ThinkPad,31,Male,Sales,Account Manager,3,Full-time,81,91.4,1,3,2,70.4,0.466,58,43,9,59.9,3,0,1.0,23.7,1,0
ORG00241,D,Dell Latitude,33,Female,HR,Talent Acquisition,3,Full-time,25,93.8,0,1,1,53.5,0.734,35,24,5,69.9,2,1,3.0,19.3,0,0
ORG00784,C,Acer TravelMate,28,Male,Operations,Ops Associate,1,Full-time,26,89.9,1,5,0,52.2,0.294,51,31,10,43.7,4,2,2.0,8.8,1,1
ORG01704,D,Lenovo ThinkPad,29,Female,Operations,Ops Lead,2,Full-time,23,100.0,0,0,0,70.4,0.783,88,77,6,68.9,0,0,5.0,20.6,0,0
ORG03785,D,HP ProBook,27,Male,Customer Support,Support Associate,2,Full-time,102,93.0,0,2,1,77.8,0.781,106,75,19,66.7,3,1,4.0,4.3,0,0
ORG05899,B,HP ProBook,27,Female,Customer Support,Support Associate,1,Full-time,70,99.0,1,2,1,64.6,0.841,82,69,6,72.3,3,0,5.0,24.5,1,0
ORG05766,B,Lenovo ThinkPad,33,Male,Customer Support,Support Lead,3,Full-time,19,97.3,2,3,0,87.2,0.739,134,122,22,72.4,0,1,3.0,28.0,0,0
ORG01150,B,Dell Latitude,32,Male,Marketing,Performance Marketer,4,Full-time,31,95.0,1,1,0,88.1,0.897,34,33,3,84.6,2,1,4.0,10.9,1,0
ORG00258,C,MacBook Pro,33,Female,Engineering,QA Analyst,2,Full-time,90,97.1,1,2,0,79.0,0.765,26,21,2,79.6,1,0,4.0,14.9,1,0
ORG02986,D,Acer TravelMate,21,Male,Sales,Account Manager,3,Full-time,20,92.7,2,0,1,69.8,0.654,66,54,7,60.9,1,2,3.0,15.0,2,0
ORG00894,A,Lenovo ThinkPad,32,Male,Engineering,DevOps Engineer,3,Full-time,59,92.0,2,1,0,75.0,0.627,36,28,5,70.6,2,0,4.0,14.9,2,0
ORG00448,C,Lenovo ThinkPad,25,Male,Operations,Ops Associate,1,Full-time,78,100.0,0,0,0,72.5,0.748,81,75,4,62.1,2,0,4.0,14.4,0,0
ORG02551,A,HP ProBook,39,Male,Customer Support,Support Lead,4,Full-time,83,91.6,2,3,0,98.0,0.892,83,73,15,92.8,1,0,4.0,21.3,0,0
ORG04849,A,HP ProBook,32,Male,Engineering,DevOps Engineer,3,Full-time,100,95.3,1,2,0,98.0,1.0,28,26,1,91.4,0,0,5.0,13.0,2,0
ORG01091,B,Dell Latitude,26,Male,Sales,Sales Executive,2,Full-time,35,100.0,1,1,0,55.6,0.595,75,63,6,62.0,1,2,3.0,6.2,0,0
ORG05782,C,HP ProBook,27,Male,IT,IT Support,3,Full-time,88,96.2,1,2,0,77.1,0.685,53,47,4,61.9,3,1,3.0,12.4,1,0
ORG04605,C,Dell Latitude,31,Male,Operations,Ops Associate,3,Full-time,24,93.1,3,3,1,62.8,0.61,71,51,8,68.0,2,0,3.0,11.2,1,0
ORG01130,D,Lenovo ThinkPad,30,Male,IT,System Admin,3,Full-time,110,93.9,4,3,1,43.5,0.637,34,22,3,46.7,5,2,2.0,15.2,4,1
ORG04407,A,Lenovo ThinkPad,30,Male,Marketing,Performance Marketer,3,Full-time,118,94.5,0,2,1,48.0,0.7,47,34,3,39.4,4,3,4.0,14.5,0,1
ORG03810,C,Lenovo ThinkPad,21,Male,Finance,Accounts Executive,1,Full-time,22,93.3,3,2,0,62.0,0.692,50,36,5,71.3,0,0,3.0,14.3,1,0
ORG01685,C,HP ProBook,34,Female,Engineering,Software Engineer,4,Contract,15,94.8,1,2,0,61.0,0.629,22,15,2,53.1,0,1,2.0,12.3,1,1
ORG06009,A,Lenovo ThinkPad,29,Female,Finance,Accounts Executive,1,Full-time,102,93.7,0,3,0,68.6,0.689,29,21,2,50.9,7,2,3.0,4.5,2,1
ORG05655,B,HP ProBook,26,Female,Sales,Sales Executive,2,Full-time,84,98.7,1,0,0,86.1,0.729,62,59,4,75.4,1,1,5.0,9.3,2,0
ORG03442,C,MacBook Pro,24,Female,Engineering,Data Analyst,3,Full-time,69,95.7,1,3,0,55.0,0.42,43,30,5,57.8,5,1,2.0,29.1,0,0
ORG03996,D,HP ProBook,32,Female,Engineering,QA Analyst,3,Full-time,107,97.1,1,1,1,73.2,0.334,55,44,4,55.8,1,2,2.0,11.0,1,1
ORG01882,C,Lenovo ThinkPad,21,Female,Operations,Ops Associate,1,Full-time,55,94.2,0,0,0,47.4,0.641,103,79,5,53.5,1,1,3.0,5.6,1,1
ORG01075,D,Dell Latitude,24,Female,HR,HR Executive,1,Full-time,96,92.9,3,2,0,70.5,0.572,25,19,2,58.8,1,0,3.0,21.6,1,0
ORG00334,B,Dell Latitude,23,Male,Marketing,Content Specialist,1,Contract,14,92.4,0,0,0,69.0,0.955,30,24,3,77.3,2,1,3.0,9.2,0,0
ORG05383,C,Lenovo ThinkPad,31,Female,Finance,Accounts Executive,3,Full-time,120,100.0,0,0,0,32.6,0.606,59,43,4,48.6,2,1,2.0,23.6,2,1
ORG04820,C,HP ProBook,22,Female,Customer Support,Support Lead,2,Contract,7,90.1,5,1,2,64.4,0.682,126,90,24,68.0,1,2,3.0,8.6,1,1
ORG01884,A,Lenovo ThinkPad,31,Male,Finance,Finance Analyst,3,Full-time,64,100.0,0,2,0,58.3,0.791,61,50,3,72.2,1,2,4.0,17.7,0,0
ORG03435,A,Dell Latitude,22,Male,Engineering,QA Analyst,2,Contract,1,92.9,0,2,0,72.1,0.775,24,18,0,70.1,1,0,3.0,28.9,2,0
ORG05232,B,Dell Latitude,27,Female,Marketing,Marketing Executive,3,Full-time,83,97.1,1,1,0,54.5,0.546,66,49,8,58.3,0,0,3.0,16.0,1,0
ORG01832,B,Dell Latitude,31,Male,IT,System Admin,2,Full-time,108,99.1,3,0,0,71.9,0.525,28,21,2,75.0,0,0,3.0,6.1,1,0
ORG01481,A,HP ProBook,36,Male,Customer Support,Support Lead,4,Full-time,60,87.3,4,3,2,56.9,0.705,93,74,12,68.2,1,6,2.0,17.6,1,0
ORG04393,A,HP ProBook,32,Male,Customer Support,Support Associate,3,Full-time,3,90.1,0,3,0,37.8,0.49,124,73,17,44.4,6,4,,11.5,0,1
ORG03986,C,Dell Latitude,31,Male,Engineering,DevOps Engineer,5,Full-time,26,99.1,0,1,0,78.2,0.712,42,37,1,75.3,1,0,4.0,28.0,1,0
ORG00586,D,Dell Latitude,34,Female,Operations,Process Analyst,2,Full-time,117,97.8,0,1,0,71.6,0.658,98,84,5,66.2,2,0,4.0,10.9,1,0
ORG03218,B,Lenovo ThinkPad,39,Female,Engineering,Software Engineer,5,Full-time,26,93.6,1,3,1,68.3,0.809,31,23,2,81.4,1,0,4.0,22.7,0,0
ORG04307,B,HP ProBook,27,Male,Customer Support,Support Associate,2,Full-time,48,95.9,0,1,1,78.2,0.927,92,84,6,89.3,2,0,5.0,11.7,0,0
ORG01372,D,Dell Latitude,23,Female,IT,IT Support,1,Contract,2,93.4,3,1,0,51.4,0.582,50,33,4,57.9,0,1,3.0,18.9,1,0
ORG00248,A,Dell Latitude,27,Male,Customer Support,Support Associate,2,Full-time,118,97.0,2,1,1,77.4,0.603,130,97,19,78.2,0,1,3.0,12.4,0,0
ORG02465,C,Lenovo ThinkPad,34,Male,Sales,Account Manager,3,Full-time,61,90.8,1,0,0,48.1,0.647,54,36,10,60.3,0,1,2.0,14.5,0,0
ORG05857,A,Dell Latitude,27,Male,Operations,Process Analyst,3,Full-time,90,93.7,3,0,1,76.5,0.687,88,72,15,70.1,2,0,3.0,18.9,1,0
ORG03297,D,Dell Latitude,25,Female,Finance,Finance Analyst,2,Full-time,99,95.6,2,1,1,70.6,0.782,25,19,2,70.3,2,1,3.0,16.5,1,0
ORG05819,B,Dell Latitude,27,Female,Sales,Sales Executive,2,Full-time,48,94.5,0,2,1,64.2,0.83,56,38,6,51.8,2,1,3.0,15.8,2,1
ORG01808,B,HP ProBook,32,Female,Customer Support,Support Associate,3,Full-time,86,94.5,1,0,2,68.8,0.705,115,92,19,81.0,1,2,3.0,19.3,1,0
ORG05012,D,HP ProBook,21,Male,Customer Support,Support Associate,1,Full-time,3,90.6,0,5,2,64.3,0.632,77,59,13,74.0,0,0,3.0,,2,0
ORG01193,A,Dell Latitude,33,Male,Marketing,Marketing Executive,3,Full-time,87,97.5,1,0,0,65.8,0.593,53,49,3,62.5,0,0,4.0,19.7,0,0
ORG04923,A,MacBook Pro,32,Female,Sales,Sales Executive,3,Full-time,106,88.1,2,4,1,64.6,0.749,70,50,11,59.4,6,4,4.0,44.7,1,1
ORG05976,A,MacBook Pro,24,Male,Sales,Inside Sales Rep,1,Full-time,27,93.6,3,0,0,80.4,0.8,71,61,5,70.5,1,3,4.0,24.7,1,0
ORG06144,D,Dell Latitude,34,Female,Operations,Ops Lead,4,Full-time,94,94.0,1,1,0,75.1,0.716,75,64,7,83.8,0,0,5.0,31.2,0,0
ORG00125,B,Lenovo ThinkPad,31,Male,Engineering,DevOps Engineer,5,Contract,12,91.5,5,4,2,84.2,0.838,46,39,7,79.7,1,0,4.0,15.8,0,0
ORG03833,A,Lenovo ThinkPad,21,Male,Customer Support,Support Associate,1,Full-time,45,100.0,0,3,0,77.6,0.859,130,107,14,78.2,3,1,4.0,10.1,0,0
ORG01316,A,Dell Latitude,28,Female,Operations,Ops Associate,2,Full-time,43,97.2,1,0,0,76.8,0.753,84,81,6,73.0,0,0,4.0,19.7,1,0
ORG06166,D,Lenovo ThinkPad,26,Female,Operations,Ops Associate,2,Full-time,18,90.3,5,4,3,66.9,0.646,104,74,16,65.8,3,1,3.0,7.1,1,1
ORG03621,B,HP ProBook,30,Male,Operations,Process Analyst,2,Full-time,98,95.8,0,2,0,48.6,0.562,70,51,6,69.9,3,0,4.0,14.1,3,0
ORG02553,C,HP ProBook,29,Male,Operations,Ops Associate,3,Full-time,70,95.2,1,0,1,82.0,0.937,96,83,11,87.9,0,1,5.0,25.4,2,0
ORG03584,A,HP ProBook,29,Male,Finance,Finance Analyst,4,Full-time,25,98.4,0,2,0,61.5,0.541,74,72,5,65.9,3,0,5.0,15.2,0,0
ORG02255,D,MacBook Pro,34,Male,IT,System Admin,4,Full-time,73,95.6,0,0,0,76.4,0.837,27,22,2,75.0,0,0,4.0,14.7,1,0
ORG01175,D,Lenovo ThinkPad,31,Male,Customer Support,Support Lead,2,Full-time,118,90.2,2,3,3,42.8,0.602,86,59,18,53.0,6,3,3.0,5.1,0,1
ORG02576,C,MacBook Pro,32,Male,Operations,Process Analyst,3,Full-time,117,92.1,1,1,1,73.7,0.718,66,52,7,77.3,3,1,3.0,12.0,0,0
ORG01401,A,Dell Latitude,23,Female,Customer Support,Support Associate,1,Full-time,12,98.9,0,0,0,50.7,0.464,60,49,5,44.0,2,1,3.0,15.7,1,0
ORG00599,B,Dell Latitude,31,Male,IT,System Admin,3,Full-time,106,92.7,2,1,1,32.8,0.562,28,15,3,48.6,1,3,3.0,40.2,2,1
ORG00076,D,Dell Latitude,32,Male,Sales,Account Manager,3,Full-time,32,96.0,0,2,0,67.4,0.992,63,61,2,82.9,0,0,4.0,21.0,1,0
ORG00316,A,HP ProBook,24,Male,Sales,Sales Executive,1,Full-time,33,96.2,2,2,0,74.7,0.828,56,47,8,88.8,1,1,4.0,10.5,0,0
ORG03546,B,HP ProBook,27,Male,Customer Support,Support Lead,4,Full-time,6,89.7,1,7,0,83.1,0.736,99,77,14,85.8,1,0,5.0,20.4,1,0
ORG01658,D,HP ProBook,25,Male,HR,HR Executive,2,Full-time,34,89.5,2,0,0,52.5,0.71,44,33,5,62.1,3,0,3.0,19.5,0,1
ORG03127,C,Lenovo ThinkPad,27,Male,Customer Support,Support Lead,2,Full-time,101,93.7,2,0,0,49.9,0.635,121,88,16,47.9,1,1,3.0,17.0,3,0
ORG05291,B,HP ProBook,25,Female,Sales,Inside Sales Rep,2,Full-time,59,97.2,0,0,0,64.6,0.704,40,33,3,83.3,0,1,3.0,31.7,3,0
ORG05476,B,Lenovo ThinkPad,34,Male,Engineering,DevOps Engineer,3,Full-time,71,98.9,1,0,1,81.2,0.984,55,51,5,93.6,0,0,4.0,13.9,0,0
ORG03128,D,HP ProBook,26,Female,Engineering,QA Analyst,3,Full-time,11,85.2,1,1,0,56.9,0.527,42,26,5,66.4,3,1,2.0,11.0,1,1
ORG05956,D,Dell Latitude,26,Female,Operations,Process Analyst,3,Full-time,29,93.5,5,1,1,68.1,0.469,62,40,10,56.9,1,2,1.0,15.0,2,0
ORG00150,A,Lenovo ThinkPad,30,Male,Engineering,Data Scientist,3,Full-time,47,97.6,4,0,0,51.9,0.426,56,46,3,57.1,2,2,3.0,22.5,2,0
ORG03524,D,Dell Latitude,28,Male,Sales,Inside Sales Rep,3,Full-time,15,98.7,2,1,1,71.5,0.759,77,74,8,68.5,2,2,4.0,17.2,3,0
ORG02139,C,Dell Latitude,26,Male,Finance,Finance Analyst,3,Full-time,12,95.8,0,3,1,64.0,0.71,54,44,6,79.9,1,0,4.0,12.3,0,0
ORG01727,A,Dell Latitude,29,Male,Sales,Inside Sales Rep,2,Full-time,44,93.6,1,1,0,84.5,0.872,53,43,6,66.7,2,3,4.0,21.1,3,0
ORG00291,D,HP ProBook,30,Female,HR,HR Executive,3,Full-time,11,96.3,1,0,0,74.1,0.83,27,23,1,78.0,1,0,4.0,22.3,3,0
ORG00454,A,Lenovo ThinkPad,25,Male,Engineering,Software Engineer,2,Full-time,113,91.1,3,4,1,75.1,0.778,18,14,2,72.8,2,0,5.0,9.7,1,0
ORG00504,D,HP ProBook,31,Female,Customer Support,Support Lead,4,Full-time,77,97.7,0,0,0,81.5,0.627,127,118,8,85.2,1,1,4.0,14.0,2,0
ORG05153,C,Lenovo ThinkPad,25,Female,Customer Support,Support Lead,3,Full-time,88,100.0,0,0,0,82.4,0.898,138,135,2,69.2,1,1,5.0,22.6,3,0
ORG03839,B,Lenovo ThinkPad,27,Female,Finance,Finance Analyst,2,Full-time,31,94.9,0,1,1,65.0,0.67,61,42,4,65.4,2,0,3.0,12.6,0,1
ORG01631,C,Dell Latitude,24,Male,Customer Support,Support Associate,2,Full-time,57,92.0,1,1,0,65.5,0.587,122,108,14,73.8,2,1,4.0,,2,1
ORG03430,D,HP ProBook,29,Female,HR,Talent Acquisition,2,Full-time,94,92.5,1,4,0,58.3,0.623,23,17,1,56.6,1,1,3.0,7.5,1,0
ORG00809,A,HP ProBook,28,Male,Customer Support,Support Lead,4,Full-time,32,98.3,1,1,0,58.2,0.765,67,58,4,71.7,2,1,3.0,18.9,1,0
ORG01120,B,MacBook Pro,34,Female,Marketing,Marketing Executive,3,Full-time,107,99.7,0,1,0,48.4,0.722,47,37,1,76.8,1,0,3.0,14.4,3,0
ORG02276,D,Dell Latitude,37,Female,Engineering,DevOps Engineer,4,Full-time,71,89.7,1,2,1,84.1,0.891,68,58,8,98.0,0,0,4.0,14.1,1,0
ORG03071,C,HP ProBook,24,Male,Engineering,DevOps Engineer,3,Contract,17,92.7,1,2,1,84.8,0.635,46,35,8,79.4,1,0,2.0,29.8,2,0
ORG01361,B,Lenovo ThinkPad,26,Male,Operations,Ops Lead,2,Contract,2,88.7,1,2,0,80.3,0.814,105,76,20,75.1,0,1,4.0,16.9,1,0
ORG03594,A,Lenovo ThinkPad,30,Female,Engineering,QA Analyst,3,Full-time,56,97.0,1,0,1,60.0,0.795,23,20,1,71.5,0,1,3.0,13.2,1,0
ORG06206,D,Dell Latitude,36,Female,Operations,Process Analyst,4,Full-time,117,97.7,1,1,1,93.6,1.0,105,90,12,89.4,1,0,4.0,16.9,1,0
ORG00811,B,Acer TravelMate,28,Female,Engineering,Data Analyst,3,Full-time,94,94.2,2,1,1,84.3,0.749,47,32,6,76.8,1,0,4.0,37.5,1,0
ORG00835,C,Dell Latitude,28,Male,Finance,Accounts Executive,1,Full-time,39,93.4,2,4,2,35.3,0.436,26,18,4,61.7,2,0,1.0,17.6,1,1
ORG03429,A,MacBook Pro,36,Female,Marketing,Performance Marketer,4,Full-time,114,98.1,0,0,1,98.0,1.0,24,23,2,99.0,0,0,5.0,13.9,1,0
ORG04848,A,Lenovo ThinkPad,32,Female,Operations,Process Analyst,4,Full-time,13,94.5,6,2,2,53.1,0.716,59,40,6,50.0,5,2,2.0,21.2,0,0
ORG04076,B,Dell Latitude,33,Male,Customer Support,Support Lead,3,Full-time,73,94.2,2,1,1,82.4,0.725,79,61,11,77.0,1,1,4.0,8.7,1,0
ORG01273,D,MacBook Pro,27,Female,Sales,Inside Sales Rep,3,Full-time,22,98.3,0,1,0,69.2,0.884,51,43,0,70.8,2,1,5.0,22.5,2,0
ORG05498,B,Dell Latitude,22,Male,Sales,Sales Executive,1,Full-time,27,92.5,1,1,0,36.4,0.374,63,46,6,42.2,4,3,1.0,16.4,1,1
ORG02046,A,Dell Latitude,30,Male,Engineering,QA Analyst,3,Full-time,47,100.0,0,0,0,67.0,0.83,44,38,1,57.9,4,0,4.0,21.1,2,0
ORG03104,C,HP ProBook,25,Male,Finance,Accounts Executive,1,Full-time,103,91.8,3,0,0,79.2,0.72,60,48,8,70.6,2,1,2.0,15.5,1,0
ORG04413,C,MacBook Pro,34,Male,Finance,Finance Analyst,3,Full-time,82,97.9,0,0,2,64.4,0.563,31,22,2,57.0,1,0,3.0,22.0,2,0
ORG01028,A,Lenovo ThinkPad,26,Female,Sales,Inside Sales Rep,2,Full-time,28,92.8,3,1,2,46.0,0.47,71,49,11,40.4,5,0,2.0,33.5,0,1
ORG02030,A,HP ProBook,28,Female,Operations,Ops Lead,2,Full-time,82,97.8,0,0,0,74.6,0.678,53,45,3,61.8,2,2,3.0,24.5,0,0
ORG01514,D,MacBook Pro,22,Male,Finance,Accounts Executive,1,Full-time,28,91.7,1,0,3,98.0,0.982,34,33,4,97.8,0,0,4.0,10.9,1,0
ORG00350,C,Dell Latitude,30,Female,Engineering,QA Analyst,3,Full-time,29,93.4,0,2,0,89.6,0.958,53,43,3,78.9,1,0,5.0,8.2,2,0
ORG04619,A,MacBook Pro,31,Male,Customer Support,Support Lead,4,Full-time,46,95.1,1,1,0,90.2,0.932,119,110,10,98.5,0,0,4.0,12.8,4,0
ORG03893,A,Dell Latitude,30,Male,Customer Support,Support Lead,3,Full-time,81,100.0,1,2,0,84.6,0.996,142,127,17,82.5,1,3,5.0,21.8,2,0
ORG04095,C,Acer TravelMate,31,Female,Engineering,Software Engineer,2,Full-time,107,95.7,1,2,0,61.4,0.694,23,17,3,67.0,0,0,3.0,17.8,2,0
ORG01058,D,Dell Latitude,30,Male,Engineering,DevOps Engineer,3,Full-time,3,95.6,2,2,1,82.8,0.93,54,47,5,99.0,0,0,5.0,8.1,1,0
ORG05071,C,HP ProBook,23,Female,Sales,Sales Executive,1,Full-time,80,98.9,2,0,0,93.4,0.828,43,37,4,91.9,2,0,4.0,7.6,1,0
ORG00423,A,MacBook Pro,26,Female,Engineering,Data Analyst,3,Contract,3,92.9,3,2,2,65.7,0.913,19,13,2,72.6,3,1,3.0,10.7,1,0
ORG06129,C,Dell Latitude,24,Male,Customer Support,Support Associate,1,Full-time,86,95.9,2,2,0,60.3,0.743,65,46,5,68.7,3,3,3.0,14.8,1,0
ORG00882,C,Dell Latitude,23,Female,Operations,Ops Lead,2,Full-time,17,90.1,5,2,4,78.5,0.681,72,60,8,78.6,2,1,4.0,13.5,0,0
ORG01766,B,Lenovo ThinkPad,30,Male,Engineering,DevOps Engineer,3,Full-time,20,96.5,1,0,0,91.5,0.622,29,25,2,72.2,2,1,5.0,15.8,0,0
ORG05566,D,Dell Latitude,32,Male,Sales,Inside Sales Rep,2,Full-time,105,98.9,0,1,0,61.7,0.772,63,54,4,46.9,6,1,4.0,7.3,2,0
ORG02624,D,HP ProBook,25,Male,Marketing,Content Specialist,1,Contract,17,99.0,0,1,0,76.0,0.967,37,36,1,93.1,0,0,4.0,2.4,2,0
ORG01221,B,MacBook Pro,36,Male,Engineering,Software Engineer,4,Full-time,74,98.6,1,1,0,53.6,0.747,35,26,2,85.1,1,0,4.0,23.7,2,0
ORG00103,D,HP ProBook,32,Male,Sales,Inside Sales Rep,1,Full-time,58,98.3,0,0,1,56.6,0.733,49,43,5,71.8,2,0,3.0,11.9,1,0
ORG01913,C,MacBook Pro,27,Female,Marketing,Performance Marketer,4,Full-time,27,90.7,2,4,2,66.7,0.646,45,37,6,67.4,1,1,3.0,21.8,4,1
ORG03661,C,Lenovo ThinkPad,30,Female,Engineering,Data Analyst,4,Full-time,55,100.0,0,0,1,70.0,0.521,54,51,0,65.5,4,1,5.0,36.3,1,0
ORG05933,B,Lenovo ThinkPad,29,Male,Sales,Inside Sales Rep,2,Full-time,65,96.6,1,3,1,40.8,0.274,71,52,5,49.0,0,2,2.0,16.4,0,1
ORG05406,D,Lenovo ThinkPad,35,Female,Finance,Finance Analyst,4,Full-time,69,100.0,0,0,0,84.5,0.813,25,24,0,91.9,1,0,5.0,22.4,1,0
ORG03050,B,Acer TravelMate,30,Male,Sales,Account Manager,3,Full-time,32,96.1,1,1,0,56.5,0.606,47,38,1,62.9,2,0,3.0,17.8,1,0
ORG02535,C,HP ProBook,22,Female,IT,System Admin,2,Contract,6,96.1,0,0,1,66.3,0.817,22,18,2,80.1,1,0,5.0,12.0,1,0
ORG04086,C,Lenovo ThinkPad,25,Male,Marketing,Performance Marketer,2,Full-time,36,91.4,0,2,0,85.6,1.0,58,53,8,70.3,1,1,4.0,8.7,1,0
ORG04652,D,MacBook Pro,21,Male,HR,HR Executive,2,Contract,3,89.1,0,2,0,62.7,0.675,20,14,1,74.6,0,0,3.0,19.2,2,0
ORG00136,B,Dell Latitude,28,Female,Engineering,DevOps Engineer,3,Full-time,114,98.2,0,1,0,64.8,0.781,36,31,1,67.8,2,0,4.0,17.2,0,0
ORG01336,A,Lenovo ThinkPad,26,Female,HR,Talent Acquisition,2,Full-time,87,87.6,2,4,1,62.7,0.659,49,31,7,55.5,1,1,2.0,18.6,0,0
ORG05107,B,Dell Latitude,26,Male,Engineering,QA Analyst,2,Full-time,41,87.1,3,3,1,69.8,0.705,30,23,4,70.7,3,2,3.0,20.2,1,1
ORG06015,D,Dell Latitude,34,Female,Engineering,DevOps Engineer,5,Full-time,32,97.5,0,0,0,70.4,0.572,45,39,2,59.3,1,0,4.0,24.4,2,0
ORG03159,C,Dell Latitude,27,Male,Marketing,Content Specialist,1,Full-time,99,99.8,1,1,0,64.4,0.612,24,15,0,55.2,4,0,3.0,3.4,2,0
ORG02733,D,HP ProBook,26,Female,Customer Support,Support Lead,2,Full-time,92,97.6,0,0,0,60.9,0.606,135,118,6,68.8,2,2,4.0,21.7,2,0
ORG01145,D,Dell Latitude,36,Female,Customer Support,Support Associate,3,Full-time,58,97.1,1,0,0,69.5,0.741,102,95,12,73.9,3,1,4.0,21.6,1,0
ORG01412,A,Acer TravelMate,21,Female,IT,System Admin,2,Full-time,23,92.5,2,2,2,59.5,0.554,29,23,2,59.9,1,0,2.0,6.1,0,1
ORG00808,C,Lenovo ThinkPad,42,Male,Engineering,Software Engineer,5,Full-time,24,93.9,1,5,0,74.8,0.614,41,32,4,66.8,1,1,3.0,29.7,0,0
ORG03876,D,HP ProBook,28,Male,Customer Support,Support Lead,2,Full-time,61,98.8,0,3,0,55.1,0.642,97,78,6,74.0,1,1,4.0,7.4,3,0
ORG00880,D,HP ProBook,31,Male,Operations,Ops Lead,3,Full-time,91,94.4,2,1,0,46.0,0.637,89,72,5,63.9,3,2,4.0,20.1,0,1
ORG02619,C,Dell Latitude,29,Female,HR,Talent Acquisition,2,Full-time,91,92.5,4,4,0,66.8,0.828,64,56,8,73.5,2,0,3.0,19.3,0,0
ORG04743,C,Lenovo ThinkPad,31,Male,Finance,Finance Analyst,4,Contract,4,94.1,0,2,0,66.8,0.549,63,52,7,65.7,1,0,3.0,16.2,2,0
ORG00800,C,HP ProBook,35,Female,Finance,Finance Analyst,4,Full-time,116,97.7,1,1,0,87.6,0.826,37,36,2,94.5,0,0,5.0,15.0,2,0
ORG00355,C,HP ProBook,21,Male,Customer Support,Support Associate,1,Full-time,23,97.1,0,1,0,57.9,0.573,100,82,3,65.5,0,0,3.0,15.2,2,0
ORG01074,A,HP ProBook,30,Female,Marketing,Performance Marketer,3,Full-time,51,92.3,3,5,1,74.4,0.89,57,44,6,70.7,0,0,4.0,8.3,1,0
ORG01993,B,Dell Latitude,26,Male,Sales,Inside Sales Rep,1,Full-time,99,98.2,2,3,0,62.4,0.642,73,55,6,64.6,5,2,3.0,11.8,0,0
ORG00145,B,MacBook Pro,24,Male,Customer Support,Support Associate,2,Full-time,15,96.2,1,2,0,73.1,0.696,94,67,9,70.6,2,0,2.0,9.6,0,0
ORG00381,C,Dell Latitude,24,Male,Customer Support,Support Lead,3,Full-time,15,100.0,0,1,1,45.7,0.706,100,80,4,55.7,4,4,4.0,16.8,1,1
ORG03586,B,Dell Latitude,36,Male,HR,Talent Acquisition,3,Full-time,92,94.8,2,1,1,77.2,1.0,60,46,10,68.1,3,0,3.0,29.3,0,0
ORG03734,D,HP ProBook,28,Female,Operations,Ops Associate,3,Full-time,83,95.1,0,0,0,51.3,0.403,90,79,8,59.7,2,0,3.0,20.0,0,1
ORG00122,D,Acer TravelMate,21,Female,Operations,Ops Associate,1,Full-time,45,94.7,0,1,0,48.4,0.556,101,66,9,62.1,0,0,3.0,11.0,1,0
ORG04901,A,Lenovo ThinkPad,30,Male,Customer Support,Support Lead,3,Contract,13,91.7,3,1,0,44.6,0.519,67,54,2,69.7,1,1,2.0,8.1,0,1
ORG00419,A,Dell Latitude,30,Male,Engineering,Software Engineer,4,Full-time,18,90.8,2,3,0,73.6,0.783,35,25,5,71.2,2,0,3.0,13.7,1,0
ORG02922,A,Lenovo ThinkPad,31,Female,Engineering,Data Analyst,4,Full-time,75,95.7,1,1,1,68.9,0.579,48,37,6,57.6,3,1,3.0,15.2,2,1
ORG01887,C,Lenovo ThinkPad,25,Female,Engineering,Software Engineer,2,Full-time,36,94.7,1,1,0,66.4,0.72,35,25,2,65.9,3,0,3.0,23.3,0,0
ORG01821,C,MacBook Pro,27,Female,Marketing,Marketing Executive,1,Full-time,117,99.6,1,0,0,59.1,0.779,20,16,0,49.6,1,0,3.0,15.3,1,1
ORG04484,A,Dell Latitude,32,Male,Sales,Sales Executive,2,Full-time,116,92.2,1,2,0,73.7,0.837,37,29,4,74.8,0,1,4.0,44.1,1,0
ORG04450,C,HP ProBook,40,Male,Engineering,Data Scientist,5,Full-time,42,93.5,1,2,0,75.2,0.901,18,13,1,61.6,0,1,3.0,24.5,2,0
ORG00556,D,Dell Latitude,27,Male,Sales,Account Manager,2,Full-time,90,97.7,0,1,0,87.2,0.995,60,56,4,89.3,2,0,5.0,23.2,0,0
ORG03941,A,Dell Latitude,33,Female,Engineering,Data Scientist,4,Full-time,40,97.5,2,3,0,59.1,0.774,40,30,4,59.8,3,0,3.0,22.4,1,0
ORG01746,C,MacBook Pro,26,Male,Operations,Process Analyst,2,Full-time,119,95.4,2,1,1,57.2,0.684,94,65,8,55.0,4,0,2.0,10.5,0,0
ORG01331,A,HP ProBook,31,Male,Finance,Accounts Executive,3,Contract,9,96.2,2,2,0,83.9,1.0,29,24,1,71.8,1,0,5.0,5.6,2,0
ORG03765,A,HP ProBook,36,Male,Engineering,DevOps Engineer,5,Full-time,53,95.5,0,1,0,62.2,,56,45,4,55.1,1,0,3.0,52.4,2,1
ORG05917,D,Lenovo ThinkPad,25,Male,Finance,Finance Analyst,2,Full-time,30,96.4,1,3,0,75.5,0.782,41,37,2,77.8,0,0,,12.5,1,0
ORG05948,B,MacBook Pro,29,Male,Operations,Ops Associate,3,Full-time,11,90.3,2,3,4,75.7,0.873,78,60,13,94.9,0,0,4.0,20.0,1,0
ORG05767,D,HP ProBook,27,Male,Sales,Inside Sales Rep,3,Full-time,57,94.2,1,4,0,52.0,0.926,54,50,3,83.8,0,0,3.0,18.4,1,0
ORG02285,C,Lenovo ThinkPad,31,Female,Engineering,Data Scientist,4,Full-time,6,,0,0,0,77.1,0.679,52,45,4,72.2,3,1,4.0,21.8,0,0
ORG04928,C,HP ProBook,26,Female,Customer Support,Support Associate,1,Full-time,28,95.4,1,1,0,52.5,0.588,72,51,7,50.6,1,1,3.0,11.8,1,0
ORG04457,C,HP ProBook,31,Female,Engineering,Data Scientist,4,Contract,9,91.2,3,3,2,56.6,0.602,59,40,10,56.4,1,0,2.0,15.9,2,0
ORG01559,B,MacBook Pro,25,Male,Operations,Ops Associate,3,Contract,14,98.1,0,0,0,70.9,0.516,94,79,5,74.4,0,1,4.0,36.6,3,0
ORG01216,A,Dell Latitude,31,Female,Customer Support,Support Associate,2,Full-time,97,95.7,3,0,0,72.0,0.779,103,75,13,66.6,2,6,3.0,7.8,0,0
ORG03760,B,Dell Latitude,34,Female,Engineering,Data Scientist,4,Full-time,29,95.3,3,2,2,83.7,1.0,38,34,4,86.1,1,0,5.0,9.1,1,0
ORG02317,A,HP ProBook,28,Female,Engineering,Data Scientist,3,Full-time,68,94.8,1,0,0,83.1,0.925,34,25,4,71.2,1,0,4.0,22.7,4,0
ORG01510,D,MacBook Pro,29,Male,Finance,Accounts Executive,3,Full-time,119,93.3,3,1,0,37.5,0.442,28,14,3,40.1,1,1,2.0,24.3,2,1
ORG03389,B,Dell Latitude,30,Female,Customer Support,Support Associate,2,Full-time,38,96.4,1,1,0,76.5,0.855,119,100,8,81.6,2,1,4.0,22.9,2,0
ORG05399,B,Dell Latitude,21,Male,Operations,Ops Associate,1,Full-time,97,96.9,1,1,0,57.3,0.439,99,81,9,73.6,2,0,3.0,9.4,0,0
ORG03871,B,HP ProBook,25,Female,Sales,Inside Sales Rep,2,Full-time,57,92.2,1,1,2,62.4,0.784,70,56,12,72.8,0,1,3.0,12.8,1,0
ORG02612,A,Lenovo ThinkPad,29,Female,HR,HR Executive,1,Full-time,98,100.0,0,0,0,90.5,0.869,30,29,0,77.1,2,0,5.0,9.6,1,0
ORG05563,B,Lenovo ThinkPad,31,Female,Engineering,Software Engineer,3,Full-time,10,96.4,0,1,0,90.8,0.687,23,21,1,73.5,1,0,4.0,8.8,0,0
ORG00415,A,MacBook Pro,32,Female,Engineering,QA Analyst,4,Full-time,36,96.2,3,0,0,98.0,1.0,27,26,2,89.4,3,1,5.0,16.7,1,0
ORG05950,B,Dell Latitude,25,Male,Operations,Ops Associate,1,Full-time,104,86.9,3,1,1,67.4,0.827,86,61,11,74.5,1,0,3.0,3.9,0,0
ORG00655,B,Dell Latitude,29,Female,HR,Talent Acquisition,4,Full-time,59,94.6,1,1,0,65.7,0.827,43,35,3,78.9,0,0,5.0,11.3,2,0
ORG05998,C,Lenovo ThinkPad,25,Female,HR,Talent Acquisition,2,Full-time,74,92.8,0,0,1,80.4,0.676,60,52,9,82.6,0,0,3.0,16.6,2,0
ORG01826,D,Dell Latitude,28,Male,Engineering,DevOps Engineer,3,Contract,8,93.5,2,1,0,58.3,0.413,45,32,6,70.2,2,0,1.0,13.8,0,0
ORG02844,C,Dell Latitude,31,Female,Sales,Inside Sales Rep,3,Full-time,26,93.4,1,1,0,59.2,0.828,44,34,6,70.6,2,1,3.0,16.3,2,0
ORG04802,B,MacBook Pro,40,Female,Engineering,Software Engineer,4,Full-time,93,94.0,3,1,0,65.6,0.874,21,18,1,80.7,0,0,5.0,16.5,0,0
ORG01906,C,HP ProBook,31,Female,Customer Support,Support Lead,2,Full-time,76,90.1,3,3,0,78.4,0.594,125,100,20,72.3,3,1,2.0,25.7,0,0
ORG00590,A,HP ProBook,26,Female,Engineering,QA Analyst,3,Full-time,66,92.3,1,2,0,91.4,0.877,26,22,1,82.7,0,0,5.0,15.2,1,0
ORG02345,B,Dell Latitude,28,Male,Finance,Accounts Executive,1,Full-time,92,92.3,4,1,0,68.6,0.654,28,23,2,77.0,1,0,,26.3,0,0
ORG01322,D,Lenovo ThinkPad,30,Male,Customer Support,Support Associate,3,Full-time,13,97.2,0,4,0,78.5,0.8,74,66,6,70.3,3,0,3.0,16.5,1,0
ORG03735,D,HP ProBook,36,Male,Engineering,DevOps Engineer,3,Full-time,102,97.5,0,0,0,58.8,0.572,43,40,4,75.1,1,0,,21.5,2,0
ORG02894,A,Dell Latitude,22,Male,Operations,Ops Lead,2,Contract,15,95.2,4,1,1,61.2,0.702,86,70,7,74.1,0,1,4.0,11.9,0,0
ORG03211,B,Dell Latitude,33,Male,Sales,Sales Executive,2,Full-time,92,89.9,1,3,0,70.2,0.662,50,37,5,70.1,1,1,,11.1,2,0
ORG01942,C,Dell Latitude,31,Male,Customer Support,Support Lead,4,Full-time,67,93.4,1,0,0,91.4,0.849,107,104,14,88.1,0,3,5.0,21.2,1,0
ORG00702,D,Lenovo ThinkPad,34,Female,Sales,Sales Executive,2,Full-time,99,93.3,4,2,1,74.8,1.0,65,61,7,84.0,2,3,5.0,19.3,2,0
ORG05184,C,MacBook Pro,29,Female,Operations,Ops Lead,4,Full-time,70,90.9,1,4,0,83.2,0.73,49,40,6,93.8,0,0,4.0,17.6,2,0
ORG04305,D,Acer TravelMate,28,Male,Engineering,Software Engineer,4,Full-time,55,88.0,1,7,0,67.8,0.894,46,33,9,78.5,0,0,2.0,11.7,0,0
ORG04215,B,Dell Latitude,38,Male,Operations,Process Analyst,3,Full-time,118,95.7,2,0,0,67.6,0.529,56,43,4,66.2,0,3,3.0,21.0,1,0
ORG03576,B,Acer TravelMate,28,Female,Sales,Inside Sales Rep,1,Full-time,71,89.6,1,5,1,58.4,0.728,51,36,8,61.7,3,0,3.0,32.9,2,0
ORG02537,A,Dell Latitude,25,Male,Finance,Accounts Executive,1,Full-time,57,92.8,4,2,1,45.7,0.495,48,29,8,54.3,1,1,1.0,3.0,0,1
ORG01618,C,Dell Latitude,23,Female,Operations,Ops Lead,2,Full-time,18,90.9,2,3,0,58.4,0.76,65,48,10,71.8,0,1,3.0,9.2,0,0
ORG03818,B,HP ProBook,24,Male,Sales,Inside Sales Rep,1,Full-time,65,96.8,4,2,1,76.9,0.783,67,48,6,67.2,3,0,4.0,8.2,1,0
ORG05547,A,Lenovo ThinkPad,21,Female,IT,IT Support,2,Full-time,6,94.8,2,1,0,56.1,0.5,25,20,2,47.6,5,0,3.0,16.7,2,1
ORG00111,D,HP ProBook,23,Male,Customer Support,Support Associate,2,Contract,16,90.2,5,4,0,68.4,0.832,93,64,17,71.7,0,1,4.0,12.4,2,1
ORG03942,C,MacBook Pro,37,Male,Engineering,QA Analyst,4,Full-time,101,92.3,1,1,0,46.2,0.862,51,38,6,65.2,0,2,5.0,19.8,2,0
ORG04818,C,Lenovo ThinkPad,31,Female,Customer Support,Support Associate,3,Contract,8,89.9,7,2,3,39.7,0.356,62,40,10,57.2,0,2,2.0,10.2,1,1
ORG04316,A,HP ProBook,35,Female,Operations,Process Analyst,4,Full-time,114,95.8,0,1,0,84.6,0.984,73,67,4,84.5,1,0,5.0,14.1,3,0
ORG02118,C,Lenovo ThinkPad,40,Male,Engineering,DevOps Engineer,5,Full-time,71,100.0,0,0,0,70.4,0.616,47,42,2,74.2,1,1,4.0,20.2,2,0
ORG04142,A,HP ProBook,32,Female,Customer Support,Support Lead,2,Full-time,120,95.8,4,1,0,50.9,0.738,116,97,14,63.1,0,1,3.0,10.3,4,0
ORG02688,D,HP ProBook,26,Male,Operations,Process Analyst,2,Full-time,78,98.5,0,0,0,62.5,0.635,68,58,4,57.7,4,1,4.0,13.0,4,0
ORG03795,A,Dell Latitude,35,Female,Operations,Ops Associate,3,Full-time,115,93.2,1,4,1,63.7,0.93,92,76,10,77.1,1,0,4.0,30.7,2,0
ORG05793,B,Dell Latitude,31,Female,Engineering,Data Analyst,4,Full-time,34,92.8,3,2,0,63.3,0.755,30,26,4,72.4,2,0,3.0,22.3,0,1
ORG02579,D,Lenovo ThinkPad,27,Female,Engineering,DevOps Engineer,3,Full-time,17,94.0,0,1,0,55.9,0.728,39,32,5,77.8,0,0,3.0,23.9,1,0
ORG01324,B,Dell Latitude,32,Female,Finance,Accounts Executive,3,Full-time,62,87.5,1,2,0,64.5,0.612,73,49,14,74.1,1,1,2.0,6.9,1,0
ORG03949,C,Lenovo ThinkPad,29,Female,Marketing,Marketing Executive,1,Full-time,70,92.5,1,0,0,76.0,0.708,27,23,1,53.8,2,2,4.0,21.6,2,0
ORG04686,C,Dell Latitude,33,Male,Sales,Account Manager,2,Full-time,20,92.1,1,3,0,56.0,0.724,76,62,9,68.3,3,2,4.0,25.1,1,0
ORG03526,A,HP ProBook,28,Female,Customer Support,Support Associate,3,Full-time,51,99.8,1,3,0,72.6,0.658,99,76,10,68.9,3,1,3.0,16.5,1,0
ORG03448,A,Acer TravelMate,30,Female,Finance,Accounts Executive,3,Full-time,87,100.0,0,1,0,83.6,0.525,39,37,0,64.3,2,2,4.0,36.1,2,0
ORG01355,A,Dell Latitude,25,Male,Marketing,Marketing Executive,2,Full-time,53,89.5,3,3,2,79.3,0.885,22,16,3,80.2,1,0,4.0,21.6,1,0
ORG03775,C,Acer TravelMate,27,Female,Finance,Accounts Executive,1,Full-time,28,93.5,2,1,1,58.1,0.735,33,24,3,70.1,2,1,3.0,31.7,3,1
ORG00108,C,HP ProBook,28,Male,Sales,Inside Sales Rep,2,Contract,6,86.2,2,4,0,64.0,0.847,64,36,11,82.4,2,1,3.0,5.8,0,1
ORG00030,C,HP ProBook,31,Male,Operations,Process Analyst,2,Full-time,76,98.1,0,0,0,63.2,0.57,79,64,4,,0,0,4.0,11.5,2,1
ORG02700,B,MacBook Pro,37,Female,Marketing,Performance Marketer,3,Full-time,111,95.9,2,2,0,67.7,0.816,25,20,2,69.1,1,1,3.0,21.4,0,0
ORG04296,C,Dell Latitude,25,Male,Customer Support,Support Lead,2,Full-time,66,96.2,0,2,0,63.5,0.608,95,83,13,62.8,1,2,3.0,12.5,2,0
ORG00752,B,Lenovo ThinkPad,27,Male,Sales,Sales Executive,1,Full-time,105,89.4,5,2,0,40.5,0.533,36,25,4,58.6,2,1,2.0,21.6,0,0
ORG00585,D,Dell Latitude,21,Female,Marketing,Marketing Executive,1,Full-time,6,96.2,1,3,0,52.5,0.738,16,13,1,55.9,2,0,3.0,14.3,0,0
ORG05844,B,Acer TravelMate,31,Male,Operations,Process Analyst,4,Full-time,24,98.9,1,2,2,58.3,0.646,98,83,10,57.0,4,4,3.0,20.4,1,1
ORG04538,C,Lenovo ThinkPad,24,Female,Marketing,Content Specialist,1,Full-time,103,97.4,0,2,0,53.8,0.492,39,29,1,58.3,6,0,3.0,22.9,3,0
ORG05928,A,Dell Latitude,21,Female,HR,HR Executive,1,Full-time,60,96.2,0,1,0,64.6,0.836,38,30,2,62.5,1,0,3.0,13.4,0,0
ORG00549,C,Acer TravelMate,29,Male,Finance,Finance Analyst,2,Full-time,67,91.9,1,1,0,55.6,0.621,53,40,5,56.7,3,1,2.0,10.3,1,0
ORG04881,A,HP ProBook,21,Female,Engineering,Data Analyst,2,Full-time,20,91.8,7,1,0,45.9,0.556,43,28,7,74.5,0,0,2.0,15.5,0,0
ORG05874,C,Lenovo ThinkPad,27,Female,Engineering,QA Analyst,3,Full-time,85,97.3,2,1,0,97.3,0.801,39,36,3,81.3,2,0,4.0,14.0,0,0
ORG04360,C,Dell Latitude,26,Male,Finance,Finance Analyst,2,Full-time,47,100.0,0,1,0,63.0,0.697,32,28,1,69.7,4,0,3.0,9.3,1,0
ORG02096,B,MacBook Pro,23,Male,Sales,Sales Executive,1,Contract,16,93.9,1,1,0,55.2,0.862,74,61,6,64.6,3,1,4.0,14.6,1,0
ORG06083,C,Dell Latitude,27,Female,Operations,Ops Associate,2,Full-time,89,98.8,1,0,0,82.8,0.864,101,87,9,72.9,2,0,4.0,8.8,0,0
ORG06178,A,Acer TravelMate,27,Male,Sales,Sales Executive,1,Full-time,77,100.0,0,0,0,59.1,0.607,67,60,1,64.8,1,2,3.0,17.5,0,0
ORG05068,B,Lenovo ThinkPad,25,Male,Sales,Inside Sales Rep,1,Contract,8,93.2,1,2,0,69.0,0.79,59,46,7,66.2,1,1,4.0,13.6,2,0
ORG03939,A,Acer TravelMate,29,Female,Customer Support,Support Associate,2,Full-time,98,95.4,0,2,0,64.0,0.759,111,92,6,63.7,3,0,4.0,17.8,1,0
ORG03858,C,Dell Latitude,25,Female,Customer Support,Support Associate,2,Contract,7,95.7,3,0,0,62.0,0.592,89,72,5,58.6,0,1,3.0,14.5,2,0
ORG05594,C,Dell Latitude,30,Female,Engineering,DevOps Engineer,3,Full-time,85,90.9,4,3,2,71.2,0.446,26,18,2,67.4,3,0,2.0,33.3,4,0
ORG04464,B,HP ProBook,27,Female,IT,System Admin,4,Full-time,38,93.5,4,0,0,70.8,0.454,34,29,3,76.0,0,0,1.0,16.2,1,0
ORG03018,D,Dell Latitude,44,Male,Engineering,Software Engineer,5,Full-time,110,98.4,0,0,0,73.7,0.822,36,34,1,82.9,1,0,3.0,31.2,1,0
ORG04703,A,Dell Latitude,38,Male,Sales,Account Manager,4,Full-time,70,91.9,0,2,0,43.4,0.498,65,49,6,61.2,3,1,3.0,37.7,5,0
ORG01323,B,MacBook Pro,35,Male,Engineering,Data Scientist,5,Full-time,5,95.0,2,0,0,69.9,0.766,40,33,3,65.6,0,0,5.0,18.3,1,0
ORG03379,A,HP ProBook,25,Male,Customer Support,Support Associate,1,Full-time,10,88.5,1,2,2,60.2,0.584,130,97,17,57.9,2,2,3.0,6.8,1,1
ORG00091,A,HP ProBook,35,Male,Engineering,Data Analyst,4,Full-time,85,99.9,0,0,0,59.5,0.776,43,36,1,67.4,2,1,3.0,25.0,2,0
ORG05317,B,HP ProBook,35,Female,Engineering,DevOps Engineer,4,Full-time,57,95.2,1,0,0,83.2,0.76,46,37,4,66.3,1,0,3.0,26.7,2,0
ORG05849,D,Lenovo ThinkPad,32,Female,Engineering,Software Engineer,3,Full-time,95,97.4,0,0,0,52.4,0.664,25,21,2,66.4,2,0,4.0,17.5,2,0
ORG02088,D,HP ProBook,22,Female,Sales,Sales Executive,1,Full-time,3,93.3,3,1,0,52.0,0.445,71,56,10,54.8,3,1,1.0,7.1,0,0
ORG00625,A,Dell Latitude,27,Male,IT,IT Support,2,Full-time,106,98.5,2,1,0,55.3,0.556,40,35,2,60.1,4,2,2.0,22.8,1,0
ORG00070,C,HP ProBook,30,Male,Customer Support,Support Associate,3,Full-time,61,97.5,2,1,0,52.5,0.56,137,91,23,77.7,0,1,2.0,32.1,1,1
ORG00890,A,HP ProBook,35,Female,Operations,Ops Associate,3,Full-time,66,91.1,0,0,0,65.2,0.861,95,84,12,80.6,0,1,5.0,16.0,4,0
ORG05610,B,HP ProBook,37,Female,Finance,Finance Analyst,4,Full-time,53,98.5,0,0,1,67.3,0.829,60,52,0,70.9,1,1,4.0,17.8,2,0
ORG05532,B,Dell Latitude,29,Male,HR,Talent Acquisition,2,Full-time,103,97.2,0,0,0,58.8,0.726,38,29,0,71.0,1,0,5.0,45.4,3,0
ORG04044,B,HP ProBook,31,Female,Marketing,Marketing Executive,2,Full-time,114,100.0,1,0,0,59.8,0.689,21,17,1,66.2,0,1,3.0,12.6,0,0
ORG04149,D,HP ProBook,27,Male,Customer Support,Support Lead,2,Full-time,107,97.9,1,2,1,72.3,0.638,74,55,8,69.0,1,2,4.0,10.4,0,0
ORG01742,B,Lenovo ThinkPad,25,Male,Sales,Inside Sales Rep,1,Full-time,54,95.7,2,2,1,85.4,0.681,63,54,6,80.0,1,3,4.0,12.1,0,0
ORG00948,A,Dell Latitude,24,Male,HR,Talent Acquisition,2,Full-time,65,95.3,2,0,1,55.8,0.55,29,22,2,61.7,7,1,3.0,25.1,0,1
ORG00878,C,Lenovo ThinkPad,27,Male,Sales,Sales Executive,1,Full-time,63,91.5,0,0,0,80.9,0.738,31,24,3,75.7,3,3,3.0,6.1,0,0
ORG01833,A,HP ProBook,36,Female,Customer Support,Support Associate,2,Full-time,105,100.0,0,0,0,91.2,0.908,65,62,4,77.9,3,0,5.0,21.0,2,0
ORG05973,C,Dell Latitude,27,Male,Customer Support,Support Lead,2,Full-time,32,100.0,0,1,0,50.9,0.97,74,66,0,65.2,0,0,5.0,15.6,5,0
ORG00294,B,Dell Latitude,31,Male,Engineering,Software Engineer,4,Full-time,77,95.2,1,2,0,72.2,0.811,56,49,3,65.0,2,0,5.0,29.3,1,0
ORG03012,D,MacBook Pro,24,Male,Marketing,Performance Marketer,2,Full-time,86,91.9,1,1,0,65.6,0.643,20,13,2,49.4,2,0,3.0,14.8,0,0
ORG00446,D,Lenovo ThinkPad,36,Male,Finance,Accounts Executive,3,Full-time,92,100.0,0,0,0,46.2,0.592,28,22,1,60.5,4,1,4.0,15.1,0,0
ORG01497,B,MacBook Pro,31,Female,HR,HR Executive,2,Full-time,58,90.3,3,2,0,91.7,0.898,67,56,10,94.3,1,0,4.0,33.4,3,0
ORG05100,B,Lenovo ThinkPad,28,Female,Marketing,Content Specialist,1,Full-time,103,98.4,4,1,0,46.2,0.514,51,32,5,55.3,0,0,2.0,10.2,0,1
ORG05433,D,Lenovo ThinkPad,34,Male,Operations,Ops Associate,3,Full-time,106,100.0,0,0,0,98.0,0.98,81,79,3,90.5,1,0,5.0,9.9,1,0
ORG06005,D,Dell Latitude,30,Male,Engineering,QA Analyst,3,Full-time,53,98.8,1,0,0,45.8,0.55,46,36,3,64.9,1,1,3.0,30.2,0,0
ORG05365,A,Dell Latitude,27,Female,Marketing,Marketing Executive,1,Full-time,65,96.5,2,1,0,67.9,0.681,30,23,2,66.4,2,2,3.0,15.5,2,0
ORG04405,B,HP ProBook,29,Male,Customer Support,Support Associate,2,Full-time,116,99.5,0,1,1,56.8,0.667,99,75,7,62.7,0,3,3.0,26.6,4,0
ORG00368,C,Lenovo ThinkPad,24,Female,Operations,Process Analyst,2,Full-time,82,90.8,1,3,1,61.3,0.646,73,51,11,61.9,2,1,2.0,27.2,2,1
ORG03304,A,Dell Latitude,30,Female,IT,System Admin,3,Full-time,81,,1,0,0,91.7,0.945,22,19,1,76.3,0,0,4.0,20.5,0,0
ORG06036,C,Dell Latitude,32,Female,Marketing,Content Specialist,3,Full-time,31,91.7,0,1,0,77.2,0.74,57,46,9,79.7,2,0,4.0,31.3,4,0
ORG00019,C,Dell Latitude,27,Male,HR,HR Executive,1,Full-time,78,95.4,2,1,0,71.4,0.513,18,15,1,63.4,4,1,4.0,18.2,0,0
ORG02938,B,Lenovo ThinkPad,27,Female,Engineering,Software Engineer,2,Full-time,5,86.4,4,2,0,67.2,0.708,28,18,6,58.3,4,0,2.0,25.8,0,0
ORG05790,B,HP ProBook,27,Male,Customer Support,Support Associate,3,Full-time,69,94.7,1,1,0,47.8,0.702,116,94,6,61.5,4,0,3.0,13.1,2,0
ORG02759,C,Lenovo ThinkPad,23,Male,Operations,Process Analyst,2,Full-time,5,98.0,0,0,0,59.0,0.758,109,96,5,80.2,1,0,4.0,12.4,2,0
ORG03774,B,Lenovo ThinkPad,26,Female,HR,HR Executive,2,Full-time,16,89.9,1,4,0,35.2,0.361,23,15,2,35.9,5,2,1.0,7.7,0,1
ORG05585,A,Acer TravelMate,36,Male,Finance,Finance Analyst,4,Full-time,74,95.1,1,0,0,75.3,0.639,75,63,7,62.8,1,1,3.0,21.1,1,0
ORG04904,A,Lenovo ThinkPad,23,Male,Marketing,Marketing Executive,1,Contract,17,86.2,2,4,0,45.7,0.653,19,10,3,75.3,2,0,1.0,6.0,2,0
ORG03618,A,Dell Latitude,29,Male,Engineering,QA Analyst,3,Full-time,27,99.4,3,2,0,57.8,0.706,58,47,4,64.2,1,1,4.0,10.4,0,0
ORG01187,C,Lenovo ThinkPad,29,Male,Sales,Inside Sales Rep,2,Full-time,43,85.8,2,2,1,45.9,0.529,62,36,12,54.9,0,1,2.0,23.8,3,0
ORG05087,D,HP ProBook,29,Female,Finance,Finance Analyst,3,Contract,13,89.7,2,5,1,63.6,0.412,66,41,15,49.8,1,2,2.0,5.5,0,1
ORG05274,B,Lenovo ThinkPad,30,Female,HR,Talent Acquisition,4,Full-time,7,96.8,1,2,0,54.0,0.293,51,34,5,58.7,0,1,2.0,21.7,1,0
ORG04650,A,Lenovo ThinkPad,29,Male,Customer Support,Support Associate,2,Full-time,14,98.0,1,1,0,66.8,0.658,101,76,7,58.3,6,2,3.0,7.2,2,1
ORG06179,B,Lenovo ThinkPad,31,Male,Sales,Inside Sales Rep,2,Full-time,108,100.0,1,0,0,62.1,0.435,61,51,1,69.1,2,1,3.0,22.1,0,0
ORG00152,A,Dell Latitude,31,Male,Marketing,Performance Marketer,3,Full-time,73,98.5,1,1,0,55.4,0.54,57,47,3,57.2,3,1,,33.7,3,0
ORG01034,D,HP ProBook,29,Female,Marketing,Content Specialist,2,Full-time,74,91.8,3,4,1,63.5,0.992,67,47,14,64.3,1,0,2.0,31.3,0,0
ORG00916,B,Acer TravelMate,21,Male,IT,IT Support,1,Full-time,101,95.7,1,1,0,37.0,0.499,51,38,3,58.5,3,1,3.0,4.8,1,0
ORG01537,D,Lenovo ThinkPad,25,Female,Finance,Finance Analyst,2,Full-time,8,97.1,2,3,1,77.8,0.729,45,36,4,63.9,3,2,3.0,13.3,1,0
ORG04656,C,MacBook Pro,29,Female,Marketing,Performance Marketer,3,Full-time,72,94.4,2,0,0,83.3,0.878,42,36,4,85.4,0,0,5.0,8.6,1,0
ORG02064,D,Dell Latitude,30,Female,Engineering,DevOps Engineer,3,Full-time,22,95.2,1,4,0,62.2,0.528,27,19,3,61.1,4,1,2.0,7.4,1,0
ORG00510,C,Acer TravelMate,33,Female,Engineering,DevOps Engineer,5,Contract,13,93.7,2,4,1,71.9,0.935,34,25,5,61.4,0,1,4.0,39.5,0,0
ORG01667,D,Lenovo ThinkPad,28,Female,HR,HR Executive,1,Full-time,111,99.9,0,0,0,74.7,0.796,23,20,0,74.1,1,0,4.0,18.9,2,0
ORG02134,C,Dell Latitude,24,Male,Marketing,Marketing Executive,1,Full-time,69,97.2,1,2,0,43.8,0.397,29,21,2,54.7,2,0,2.0,26.9,1,1
ORG05868,A,HP ProBook,31,Male,Finance,Finance Analyst,4,Full-time,63,90.5,2,4,1,81.2,0.608,49,37,4,74.8,1,0,3.0,18.9,0,0
ORG00749,B,Lenovo ThinkPad,35,Male,Finance,Finance Analyst,4,Contract,12,92.1,2,2,0,70.2,0.803,73,55,12,63.6,1,0,3.0,9.1,1,0
ORG06103,A,Lenovo ThinkPad,34,Male,HR,HR Executive,3,Full-time,41,97.5,0,0,0,98.0,1.0,50,47,4,85.0,1,0,5.0,9.1,3,0
ORG02054,C,Lenovo ThinkPad,30,Male,HR,HR Executive,2,Full-time,93,100.0,1,0,0,57.7,0.444,45,39,0,57.7,1,2,3.0,7.1,0,0
ORG04285,D,HP ProBook,28,Female,Marketing,Marketing Executive,1,Full-time,65,95.4,2,2,0,63.4,0.734,21,16,1,86.1,0,0,4.0,31.0,1,0
ORG01413,C,Lenovo ThinkPad,32,Male,HR,Talent Acquisition,3,Contract,10,100.0,0,0,0,74.8,0.715,65,53,4,73.6,1,0,4.0,6.7,0,0
ORG02155,A,Lenovo ThinkPad,25,Female,Operations,Ops Associate,1,Full-time,22,90.0,1,4,1,81.4,0.452,70,51,9,75.5,3,1,3.0,10.7,2,1
ORG05145,A,Lenovo ThinkPad,35,Female,Sales,Account Manager,3,Full-time,90,95.1,2,0,0,98.0,0.857,43,42,1,99.0,0,0,5.0,15.5,1,0
ORG01748,D,MacBook Pro,29,Female,Customer Support,Support Lead,3,Full-time,17,91.5,0,5,0,70.1,0.874,127,87,16,66.0,0,1,3.0,14.7,1,1
ORG04559,D,Dell Latitude,28,Female,Engineering,Data Analyst,2,Full-time,74,96.6,1,2,0,39.3,0.572,45,29,4,57.1,3,0,2.0,15.4,2,1
ORG05786,A,HP ProBook,24,Female,Finance,Finance Analyst,2,Full-time,83,96.0,2,0,0,86.3,0.936,38,34,1,90.9,0,0,5.0,24.7,0,0
ORG00472,D,HP ProBook,25,Female,Customer Support,Support Associate,1,Full-time,76,92.7,2,3,0,78.8,0.65,93,77,13,66.1,0,2,3.0,10.5,0,0
ORG03341,B,Dell Latitude,21,Male,Sales,Inside Sales Rep,2,Full-time,14,92.7,3,0,1,58.9,0.67,52,39,7,73.8,3,0,2.0,9.5,1,0
ORG03324,B,Acer TravelMate,33,Male,HR,Talent Acquisition,2,Full-time,56,99.3,0,0,0,68.9,0.703,23,21,0,59.2,1,1,4.0,8.5,1,0
ORG01422,C,Dell Latitude,31,Female,Customer Support,Support Lead,3,Full-time,16,94.2,2,2,0,72.6,0.766,66,57,3,70.2,0,0,4.0,12.2,1,0
ORG04122,D,Dell Latitude,30,Female,Finance,Accounts Executive,1,Full-time,103,91.6,3,6,2,65.9,0.766,66,44,10,82.0,1,1,3.0,11.1,1,0
ORG05965,B,HP ProBook,37,Male,Operations,Ops Associate,3,Full-time,114,96.1,0,1,0,51.2,0.752,102,84,10,65.6,2,0,3.0,15.4,1,0
ORG04230,D,HP ProBook,38,Female,Sales,Account Manager,3,Full-time,100,92.5,2,5,0,73.5,0.927,73,60,9,73.4,1,2,3.0,18.7,1,0
ORG00897,C,HP ProBook,36,Male,Sales,Account Manager,4,Full-time,39,96.2,2,0,0,77.6,0.912,70,68,8,80.1,2,2,5.0,13.2,1,0
ORG04771,D,Acer TravelMate,32,Male,Operations,Process Analyst,4,Full-time,11,92.3,1,2,2,66.5,0.669,90,66,17,74.2,3,1,3.0,26.5,1,0
ORG00252,D,MacBook Pro,33,Female,Marketing,Performance Marketer,3,Full-time,106,100.0,0,1,0,53.9,0.556,72,62,6,67.3,2,1,3.0,7.5,2,1
ORG01210,B,HP ProBook,32,Male,Customer Support,Support Lead,4,Full-time,60,96.9,0,2,0,65.9,1.0,126,107,8,76.6,1,0,5.0,30.2,0,0
ORG02169,C,HP ProBook,32,Male,Sales,Inside Sales Rep,3,Full-time,45,96.4,0,1,0,76.3,0.827,60,49,4,76.0,0,0,5.0,7.9,2,0
ORG03686,C,HP ProBook,36,Male,Engineering,Data Analyst,4,Full-time,10,92.0,2,3,1,66.4,0.823,42,35,6,80.1,1,1,4.0,12.8,3,0
ORG01129,B,HP ProBook,38,Male,Operations,Ops Associate,3,Full-time,104,100.0,1,0,0,74.5,0.769,97,95,0,79.5,1,0,4.0,22.9,2,0
ORG03797,A,Dell Latitude,21,Male,Operations,Ops Lead,3,Full-time,25,100.0,1,1,0,87.5,0.594,62,52,5,71.6,0,0,4.0,32.5,1,0
ORG02804,D,Lenovo ThinkPad,24,Female,Operations,Process Analyst,3,Full-time,32,94.1,1,4,1,85.0,0.592,71,51,12,59.7,3,3,3.0,17.5,1,1
ORG00058,A,Dell Latitude,25,Female,Operations,Ops Associate,3,Full-time,15,96.4,1,1,0,59.8,0.679,95,71,15,73.8,1,0,3.0,28.8,0,0
ORG02665,D,Dell Latitude,32,Male,Customer Support,Support Lead,3,Full-time,63,93.7,1,2,0,68.3,0.72,77,73,1,69.6,1,0,4.0,13.2,1,0
ORG01427,A,HP ProBook,32,Male,Engineering,DevOps Engineer,5,Contract,16,93.9,2,1,0,61.1,0.748,64,56,5,79.0,2,0,5.0,11.1,2,0
ORG00293,C,Dell Latitude,27,Male,Marketing,Performance Marketer,2,Full-time,93,92.8,2,1,1,98.0,0.829,30,27,1,91.4,2,0,5.0,23.4,0,0
ORG01143,D,Dell Latitude,26,Female,HR,Talent Acquisition,2,Contract,16,91.9,3,0,0,50.0,0.567,60,47,8,56.6,1,4,3.0,3.8,0,1
ORG03801,D,Lenovo ThinkPad,30,Male,Engineering,Data Analyst,2,Full-time,79,96.2,1,0,0,64.3,0.58,48,37,5,63.1,1,1,2.0,9.6,1,0
ORG01447,C,Lenovo ThinkPad,27,Male,Marketing,Performance Marketer,2,Full-time,119,99.3,0,0,0,83.7,0.86,44,42,2,78.4,2,0,5.0,17.4,1,0
ORG01171,C,MacBook Pro,28,Male,Sales,Account Manager,3,Contract,7,97.8,2,0,0,57.1,0.857,74,67,7,69.1,2,2,4.0,36.4,1,0
ORG05022,B,HP ProBook,31,Female,HR,Talent Acquisition,3,Full-time,16,86.1,1,4,0,59.5,0.84,51,36,7,58.1,1,0,3.0,14.2,0,1
ORG04757,D,Acer TravelMate,33,Female,Customer Support,Support Lead,4,Full-time,109,93.4,3,5,1,74.5,0.711,85,75,9,80.9,0,0,3.0,11.9,3,1
ORG01927,B,Lenovo ThinkPad,33,Male,Sales,Account Manager,4,Contract,15,91.0,4,1,0,86.2,0.971,67,59,8,85.0,0,0,5.0,11.1,1,0
ORG02305,A,Dell Latitude,29,Male,Customer Support,Support Associate,2,Full-time,77,98.7,0,0,0,42.8,0.506,107,80,3,62.5,3,1,3.0,17.3,0,0
ORG05518,A,HP ProBook,31,Female,Engineering,DevOps Engineer,4,Full-time,70,100.0,1,3,1,78.7,0.824,40,31,3,80.4,4,0,4.0,11.6,1,0
ORG01087,C,MacBook Pro,32,Male,Finance,Finance Analyst,4,Contract,10,97.5,2,0,0,44.0,0.672,53,40,4,61.3,1,0,5.0,12.2,0,0
ORG03317,D,MacBook Pro,24,Male,Finance,Accounts Executive,1,Full-time,23,96.8,2,1,1,85.3,0.922,65,63,8,86.4,1,0,4.0,15.5,3,0
ORG01173,C,HP ProBook,21,Female,Sales,Inside Sales Rep,1,Contract,12,89.9,2,0,0,66.1,0.644,70,53,9,58.6,4,1,2.0,19.9,0,0
ORG03759,A,Dell Latitude,30,Female,Marketing,Performance Marketer,3,Full-time,54,89.9,3,1,0,83.0,0.86,50,43,5,60.6,2,0,4.0,8.3,1,0
ORG03347,B,HP ProBook,23,Male,Finance,Finance Analyst,2,Full-time,86,90.9,2,5,2,73.4,0.668,49,34,8,77.2,1,0,3.0,10.2,1,0
ORG02900,A,HP ProBook,35,Male,Customer Support,Support Associate,3,Full-time,44,91.7,3,4,0,48.2,0.134,71,59,7,50.8,2,1,2.0,7.8,1,1
ORG02230,A,Dell Latitude,27,Female,Operations,Ops Lead,2,Full-time,60,97.2,2,1,0,85.0,0.834,63,55,5,78.4,1,1,4.0,20.6,0,0
ORG03906,B,Acer TravelMate,27,Female,Operations,Ops Associate,2,Full-time,28,95.5,1,2,0,50.8,0.41,64,55,6,62.3,4,3,3.0,29.2,2,1
ORG02407,D,Acer TravelMate,31,Male,Customer Support,Support Lead,3,Contract,15,94.3,0,2,0,70.1,0.821,117,100,9,79.4,1,1,4.0,25.2,2,0
ORG02448,A,Dell Latitude,31,Female,Customer Support,Support Lead,3,Full-time,73,100.0,3,0,1,75.3,0.74,71,65,0,81.7,1,0,5.0,19.0,0,0
ORG02982,B,Lenovo ThinkPad,28,Male,Sales,Account Manager,4,Full-time,4,96.2,1,1,0,86.6,0.655,66,56,6,79.0,1,0,4.0,24.1,1,0
ORG01971,A,HP ProBook,30,Male,Sales,Inside Sales Rep,2,Full-time,52,96.3,0,0,0,86.3,0.716,41,40,1,77.6,1,1,5.0,29.9,1,0
ORG00614,C,Dell Latitude,28,Male,IT,IT Support,1,Full-time,50,94.2,0,1,0,65.1,0.769,33,22,4,78.0,0,1,4.0,5.8,0,0
ORG04523,D,Lenovo ThinkPad,26,Male,Finance,Accounts Executive,2,Contract,4,94.6,0,0,0,49.7,0.587,43,35,3,58.9,1,3,2.0,16.5,1,0
ORG04032,A,Dell Latitude,24,Male,Sales,Sales Executive,3,Contract,15,100.0,0,1,0,63.8,0.692,69,55,7,61.2,1,0,4.0,8.7,0,0
ORG05583,B,Acer TravelMate,32,Male,Sales,Account Manager,3,Full-time,11,92.4,0,2,0,81.9,1.0,39,38,5,94.3,0,0,5.0,22.9,0,0
ORG03296,A,HP ProBook,28,Male,IT,IT Support,2,Full-time,16,96.9,0,1,0,45.3,0.603,48,38,3,63.0,2,2,3.0,6.7,2,0
ORG05690,C,HP ProBook,30,Female,Marketing,Marketing Executive,3,Full-time,87,97.9,2,1,0,66.5,0.615,51,44,6,70.6,0,0,3.0,9.4,1,0
ORG00506,B,HP ProBook,33,Female,Finance,Accounts Executive,2,Full-time,74,96.3,2,1,0,49.5,0.59,46,32,2,59.2,0,1,3.0,4.2,1,0
ORG02352,A,Dell Latitude,28,Male,HR,Talent Acquisition,2,Full-time,3,87.3,3,1,0,69.4,0.831,37,26,6,80.8,1,0,3.0,14.3,1,0
ORG00273,C,HP ProBook,29,Male,Engineering,Software Engineer,2,Full-time,71,100.0,0,0,0,81.6,0.694,51,46,2,84.8,0,0,3.0,27.8,1,0
ORG02634,D,HP ProBook,24,Male,Operations,Ops Associate,1,Full-time,110,97.5,0,0,0,75.8,0.719,67,59,6,81.1,0,0,4.0,8.1,0,0
ORG02389,C,HP ProBook,24,Male,Finance,Accounts Executive,1,Full-time,71,98.7,0,0,0,72.6,0.557,39,30,1,62.2,5,1,2.0,20.4,4,0
ORG01903,C,Lenovo ThinkPad,30,Male,HR,HR Executive,2,Full-time,109,96.0,4,1,0,62.6,0.758,65,49,7,64.6,1,0,3.0,19.0,1,0
ORG02264,B,Dell Latitude,36,Male,Engineering,DevOps Engineer,4,Full-time,68,95.8,1,1,0,82.8,0.582,34,24,4,74.3,0,0,3.0,29.6,1,0
ORG05276,A,MacBook Pro,27,Male,Finance,Accounts Executive,2,Full-time,21,99.8,0,0,0,76.1,0.879,45,41,2,72.2,2,0,4.0,9.2,1,0
ORG01898,A,Lenovo ThinkPad,31,Male,Sales,Sales Executive,1,Full-time,63,94.7,0,0,0,65.2,0.559,57,50,1,63.6,0,1,3.0,12.8,0,0
ORG00107,B,Dell Latitude,29,Female,Customer Support,Support Lead,2,Full-time,108,93.0,1,1,0,70.6,0.677,78,66,15,73.3,0,1,4.0,19.9,2,0
ORG04052,B,HP ProBook,26,Male,Operations,Process Analyst,2,Full-time,46,96.0,3,2,0,67.8,0.77,67,56,6,68.9,1,1,4.0,12.4,3,0
ORG02830,D,Dell Latitude,27,Male,Finance,Finance Analyst,2,Full-time,39,92.5,1,1,1,76.4,0.613,45,32,5,71.9,0,0,3.0,17.7,2,0
ORG01663,B,HP ProBook,29,Male,Finance,Accounts Executive,3,Full-time,49,94.5,3,1,1,71.7,0.755,47,39,6,87.7,1,0,3.0,9.7,1,0
ORG03164,C,Dell Latitude,22,Male,Finance,Accounts Executive,1,Full-time,7,98.4,0,0,1,76.0,0.655,29,26,1,74.8,0,0,2.0,15.3,2,0
ORG00953,D,Lenovo ThinkPad,36,Male,Sales,Account Manager,3,Full-time,104,100.0,0,1,1,55.3,0.53,82,69,0,67.9,0,1,4.0,29.2,2,0
ORG04910,A,Acer TravelMate,34,Male,Engineering,Data Scientist,4,Full-time,53,89.3,3,0,0,80.9,0.676,44,36,4,81.8,2,0,3.0,11.4,1,0
ORG03616,C,HP ProBook,23,Female,Operations,Process Analyst,2,Contract,7,90.5,4,0,2,65.7,0.65,93,69,21,60.7,0,0,3.0,13.8,0,0
ORG03257,B,Dell Latitude,31,Female,Engineering,DevOps Engineer,4,Full-time,33,97.2,1,0,0,80.4,0.688,24,18,2,68.3,2,0,4.0,20.9,0,0
ORG02252,A,Acer TravelMate,29,Female,Finance,Finance Analyst,3,Full-time,115,91.3,1,1,1,94.0,0.865,42,35,5,82.0,0,0,4.0,10.8,1,0
ORG03488,D,MacBook Pro,29,Female,Finance,Accounts Executive,3,Full-time,52,95.1,3,4,1,82.6,0.802,41,33,4,79.0,1,0,3.0,18.5,0,0
ORG01513,B,Dell Latitude,29,Male,Operations,Process Analyst,4,Full-time,31,98.9,1,1,1,90.6,0.751,84,68,6,71.8,0,0,4.0,21.7,0,0
ORG04880,C,HP ProBook,21,Female,Sales,Inside Sales Rep,1,Full-time,36,99.7,0,0,0,44.3,0.607,42,35,0,58.2,1,2,3.0,12.9,1,0
ORG02618,A,Dell Latitude,21,Female,Marketing,Marketing Executive,2,Full-time,31,93.4,3,1,0,76.6,0.66,56,47,6,80.2,1,0,4.0,13.8,0,0
ORG01025,B,Lenovo ThinkPad,35,Male,Operations,Ops Associate,3,Full-time,93,92.8,1,1,1,68.3,0.902,110,86,15,85.2,1,2,4.0,11.2,1,0
ORG02105,C,HP ProBook,31,Male,Operations,Ops Associate,3,Full-time,21,88.9,2,3,1,62.3,0.611,49,29,10,67.1,2,0,2.0,9.4,0,1
ORG03126,C,Lenovo ThinkPad,29,Female,Engineering,Software Engineer,4,Full-time,47,98.0,1,1,1,97.1,0.833,31,27,1,95.6,0,0,5.0,16.3,0,0
ORG00417,B,HP ProBook,27,Female,Engineering,Data Analyst,2,Full-time,13,97.6,0,1,0,58.5,0.61,23,19,1,58.2,2,0,3.0,10.5,2,0
ORG01558,D,Dell Latitude,25,Female,Customer Support,Support Associate,2,Contract,12,95.8,0,5,0,53.9,0.727,76,60,7,62.3,0,1,4.0,10.4,2,0
ORG05379,C,Lenovo ThinkPad,31,Female,Engineering,Data Scientist,3,Full-time,108,89.2,7,2,1,73.0,0.728,25,19,3,89.0,3,0,4.0,9.8,2,0
ORG01616,A,Dell Latitude,23,Male,Engineering,Software Engineer,2,Full-time,84,91.0,3,5,1,62.0,0.768,39,27,5,60.9,2,0,3.0,9.3,0,1
ORG00565,B,HP ProBook,27,Male,Operations,Ops Lead,2,Full-time,84,97.2,2,0,0,90.6,0.839,50,46,4,81.8,0,0,5.0,16.8,1,0
ORG00479,B,Lenovo ThinkPad,34,Male,Operations,Ops Lead,4,Full-time,49,93.4,2,2,0,54.6,0.719,120,82,18,70.1,3,2,3.0,15.6,2,0
ORG04597,A,Lenovo ThinkPad,22,Male,Customer Support,Support Lead,2,Full-time,31,99.3,1,1,0,81.2,0.613,124,121,10,65.6,1,3,4.0,17.8,2,0
ORG01204,C,HP ProBook,24,Female,Finance,Accounts Executive,1,Full-time,79,89.8,6,4,1,33.6,0.545,20,12,3,51.6,3,1,2.0,10.0,2,1
ORG03459,D,Dell Latitude,26,Male,Engineering,Software Engineer,2,Full-time,58,97.6,0,1,1,60.0,0.546,23,18,0,51.3,3,0,3.0,9.4,2,0
ORG00143,B,Lenovo ThinkPad,26,Female,Marketing,Marketing Executive,2,Full-time,35,100.0,0,0,0,46.8,0.529,36,27,1,69.4,1,1,4.0,33.2,2,0
ORG01555,D,HP ProBook,25,Male,Sales,Account Manager,4,Contract,16,94.7,4,1,4,75.0,0.76,84,65,6,79.4,1,1,3.0,30.6,3,0
ORG06123,B,Lenovo ThinkPad,25,Male,Operations,Process Analyst,3,Full-time,13,95.2,2,0,2,45.4,0.431,98,71,10,51.9,2,0,1.0,60.9,1,1
ORG03571,B,Dell Latitude,32,Male,Finance,Accounts Executive,2,Full-time,116,97.0,0,1,0,62.4,0.736,64,56,1,62.8,2,1,4.0,10.7,0,0
ORG02408,C,HP ProBook,26,Female,Sales,Sales Executive,3,Full-time,43,98.9,2,1,0,73.5,0.738,45,41,3,88.2,0,0,4.0,9.4,1,0
ORG00606,C,Lenovo ThinkPad,27,Male,Finance,Accounts Executive,1,Full-time,63,93.0,3,1,1,62.3,0.78,63,50,5,81.2,3,1,4.0,11.6,1,0
ORG01195,C,Lenovo ThinkPad,31,Male,Marketing,Marketing Executive,3,Full-time,69,96.1,3,1,0,82.0,0.701,48,39,6,80.9,1,0,4.0,23.2,3,0
ORG04106,B,HP ProBook,24,Male,Engineering,QA Analyst,2,Full-time,11,91.6,1,3,0,83.4,0.855,32,28,2,82.0,0,0,4.0,11.0,3,0
ORG02095,B,Acer TravelMate,34,Male,Marketing,Content Specialist,3,Full-time,93,97.6,0,0,0,60.1,0.616,28,24,0,63.6,4,1,3.0,23.3,0,0
ORG05556,B,Lenovo ThinkPad,31,Male,Marketing,Performance Marketer,2,Full-time,77,95.0,1,0,0,74.2,0.6,41,37,1,76.9,1,0,5.0,13.7,0,0
ORG00498,B,HP ProBook,24,Male,Operations,Ops Associate,2,Full-time,55,96.3,0,1,2,72.0,0.643,93,84,8,77.5,1,0,4.0,12.6,2,0
ORG04374,D,Lenovo ThinkPad,35,Male,Engineering,Data Scientist,5,Full-time,40,93.6,1,3,1,89.4,1.0,51,44,6,86.2,2,0,5.0,22.9,2,0
ORG04980,C,HP ProBook,32,Male,Marketing,Performance Marketer,3,Full-time,97,92.9,3,3,1,89.6,0.894,67,53,8,71.3,2,0,4.0,10.4,1,0
ORG03780,A,Dell Latitude,23,Male,IT,IT Support,3,Full-time,74,90.4,1,2,2,72.1,0.695,53,40,4,70.1,4,0,3.0,13.0,0,0
ORG03955,B,Acer TravelMate,29,Female,Engineering,Data Analyst,2,Full-time,40,93.9,1,2,2,70.0,0.754,28,22,3,63.0,2,0,3.0,19.2,0,0
ORG02670,B,Dell Latitude,26,Male,Customer Support,Support Associate,2,Full-time,14,100.0,0,1,0,82.9,0.654,98,96,1,62.8,3,2,4.0,15.4,0,0
ORG00722,C,Lenovo ThinkPad,26,Male,Customer Support,Support Associate,1,Full-time,61,93.0,1,0,0,42.8,0.382,83,54,8,65.6,0,0,3.0,14.2,1,0
ORG04367,C,Dell Latitude,28,Male,Customer Support,Support Lead,3,Full-time,66,93.6,2,2,0,75.5,0.607,79,58,10,73.9,2,0,2.0,23.4,2,0
ORG01026,D,Acer TravelMate,24,Male,Sales,Inside Sales Rep,1,Full-time,100,89.8,1,3,0,49.7,0.6,50,32,7,64.0,4,0,2.0,38.6,2,1
ORG01738,C,HP ProBook,31,Male,Engineering,Software Engineer,4,Full-time,27,97.4,0,0,0,67.4,0.667,61,58,1,71.1,2,1,5.0,16.4,2,0
ORG01296,C,HP ProBook,26,Male,Sales,Sales Executive,1,Full-time,92,96.3,2,1,3,38.5,0.618,57,40,7,68.1,0,0,3.0,29.1,0,1
ORG03291,A,HP ProBook,27,Male,Sales,Account Manager,2,Full-time,53,98.4,2,0,0,65.4,0.793,56,47,4,84.4,1,1,4.0,14.6,2,0
ORG06000,A,Lenovo ThinkPad,24,Male,HR,Talent Acquisition,2,Contract,6,94.4,2,2,1,43.6,0.275,28,17,3,,4,0,2.0,11.1,1,1
ORG02893,B,Dell Latitude,36,Male,Operations,Process Analyst,4,Full-time,101,94.8,3,1,0,69.3,0.795,108,99,13,74.9,4,2,5.0,18.3,2,0
ORG04272,C,HP ProBook,29,Female,Customer Support,Support Lead,4,Full-time,31,98.3,0,1,0,63.6,0.76,122,93,13,51.4,5,2,4.0,15.4,1,0
ORG05079,B,MacBook Pro,22,Female,Sales,Sales Executive,1,Full-time,30,90.6,3,3,1,98.0,0.899,43,35,7,86.1,3,2,4.0,5.7,0,0
ORG03946,D,HP ProBook,25,Female,Marketing,Content Specialist,1,Full-time,30,96.1,1,0,0,62.7,0.74,42,38,1,74.7,1,0,4.0,18.4,1,0
ORG05737,C,HP ProBook,32,Male,Operations,Ops Associate,2,Full-time,98,93.0,3,2,0,60.8,0.833,83,62,9,78.6,2,0,3.0,21.1,0,0
ORG01303,D,MacBook Pro,31,Male,Finance,Finance Analyst,4,Full-time,48,99.8,0,1,0,67.8,0.592,54,46,4,61.1,2,0,3.0,21.7,4,0
ORG00109,B,Lenovo ThinkPad,37,Male,Engineering,Data Scientist,4,Full-time,76,88.2,3,2,2,93.1,0.761,48,34,6,80.2,1,1,4.0,12.0,1,0
ORG05644,A,MacBook Pro,34,Male,Sales,Inside Sales Rep,3,Full-time,103,95.8,0,2,0,52.5,0.563,67,43,7,68.7,1,4,3.0,19.7,1,1
ORG02477,B,Lenovo ThinkPad,31,Female,Engineering,Software Engineer,3,Full-time,54,93.2,2,2,1,47.9,0.513,45,35,6,57.0,1,0,3.0,6.0,1,1
ORG02961,D,Dell Latitude,29,Male,Finance,Finance Analyst,3,Full-time,111,93.8,5,1,1,93.2,0.946,27,26,3,76.3,3,0,5.0,11.6,0,0
ORG05262,D,Lenovo ThinkPad,32,Male,Operations,Ops Lead,3,Full-time,116,97.1,0,1,0,,0.747,108,90,10,93.5,0,0,4.0,26.3,1,0
ORG03287,D,Dell Latitude,26,Male,Operations,Process Analyst,2,Full-time,115,100.0,1,0,0,57.3,0.739,55,50,2,61.5,2,0,4.0,18.7,0,0
ORG00337,B,Acer TravelMate,32,Female,Engineering,QA Analyst,3,Contract,8,100.0,2,2,0,60.9,0.384,29,25,2,80.2,0,0,3.0,30.7,1,0
ORG06126,D,Dell Latitude,28,Male,Sales,Sales Executive,3,Full-time,73,99.3,1,2,0,58.4,0.533,58,44,6,64.7,2,1,3.0,22.0,1,0
ORG03011,B,Dell Latitude,31,Female,Sales,Inside Sales Rep,3,Full-time,74,95.0,1,5,0,49.3,0.439,74,60,7,65.0,2,1,3.0,12.2,1,0
ORG01508,C,Lenovo ThinkPad,24,Female,Customer Support,Support Lead,2,Full-time,26,95.6,0,1,1,65.7,0.742,126,99,17,74.5,5,2,3.0,26.6,2,0
ORG04816,A,HP ProBook,35,Male,Engineering,Software Engineer,3,Full-time,69,94.4,3,2,0,60.9,0.465,40,28,4,60.7,3,1,3.0,18.2,3,1
ORG06035,B,HP ProBook,23,Male,IT,IT Support,1,Full-time,80,92.5,3,1,0,50.4,0.556,33,22,4,58.8,2,0,2.0,18.8,1,0
ORG02272,C,Lenovo ThinkPad,23,Male,Operations,Ops Associate,2,Contract,14,98.5,0,0,0,57.1,0.681,54,45,4,59.1,0,2,4.0,14.7,0,0
ORG03489,D,Dell Latitude,31,Male,Engineering,Data Scientist,3,Full-time,8,85.0,2,7,2,62.8,0.812,38,24,5,73.0,0,0,3.0,13.6,0,0
ORG03160,A,Lenovo ThinkPad,25,Female,Sales,Account Manager,2,Full-time,112,97.2,2,0,0,71.2,0.75,43,36,2,91.4,1,0,4.0,21.1,1,0
ORG03456,A,HP ProBook,23,Male,Finance,Accounts Executive,1,Full-time,24,100.0,0,0,2,40.3,0.403,58,41,5,50.4,2,1,1.0,2.8,1,1
ORG00725,B,HP ProBook,35,Female,Engineering,DevOps Engineer,4,Full-time,50,94.0,3,3,1,84.7,0.598,43,38,6,85.0,2,0,4.0,15.8,0,0
ORG00766,A,Dell Latitude,28,Male,Engineering,Data Analyst,2,Full-time,19,98.4,1,3,0,45.3,0.752,43,34,5,64.8,1,2,3.0,9.8,2,0
ORG00287,C,Lenovo ThinkPad,30,Male,Engineering,QA Analyst,3,Contract,11,96.0,1,1,1,77.0,0.634,27,20,3,77.4,1,0,3.0,8.9,0,0
ORG05543,C,Lenovo ThinkPad,26,Female,Operations,Process Analyst,2,Contract,3,87.4,1,2,0,74.6,0.783,54,43,9,78.0,0,0,3.0,20.0,1,0
ORG00308,D,Lenovo ThinkPad,36,Male,Operations,Ops Associate,3,Full-time,88,90.3,0,1,0,49.6,0.644,75,51,13,61.7,1,0,4.0,7.3,0,1
ORG04754,A,Dell Latitude,21,Female,Customer Support,Support Lead,2,Full-time,12,91.7,4,3,0,78.7,0.906,106,91,16,85.0,0,0,3.0,16.8,0,0
ORG03405,A,Dell Latitude,27,Male,Marketing,Marketing Executive,2,Full-time,19,97.3,1,0,0,88.9,0.794,68,59,5,90.7,0,0,5.0,5.1,1,0
ORG04908,D,Acer TravelMate,31,Female,Engineering,Data Analyst,4,Full-time,9,96.1,0,2,0,56.4,0.792,38,28,3,71.0,1,2,3.0,49.8,3,0
ORG05429,C,Lenovo ThinkPad,28,Female,Marketing,Content Specialist,2,Full-time,76,97.4,0,0,0,98.0,0.901,57,55,8,99.0,0,0,5.0,13.6,1,0
ORG05941,C,Lenovo ThinkPad,26,Male,Operations,Ops Associate,1,Full-time,33,88.2,1,6,0,87.3,0.903,65,50,14,80.0,2,1,4.0,12.2,1,0
ORG05720,D,Dell Latitude,29,Male,Engineering,DevOps Engineer,3,Contract,3,96.0,5,3,0,57.8,0.715,22,17,2,66.2,3,0,3.0,7.1,3,0
ORG06149,B,Dell Latitude,28,Female,Marketing,Content Specialist,1,Full-time,64,95.3,2,2,0,73.9,0.988,51,45,3,69.3,0,0,4.0,10.3,1,0
ORG01739,A,Lenovo ThinkPad,27,Male,Customer Support,Support Associate,1,Full-time,102,96.4,3,3,0,55.8,0.713,77,58,10,57.4,1,3,2.0,11.1,0,1
ORG04425,A,HP ProBook,33,Male,Operations,Process Analyst,4,Full-time,120,92.4,0,3,0,83.9,0.904,108,77,17,93.5,0,0,4.0,11.6,1,0
ORG05397,D,HP ProBook,25,Male,Sales,Account Manager,2,Contract,5,87.8,3,1,0,47.6,0.755,76,41,13,47.4,1,2,2.0,15.9,0,0
ORG03689,C,Dell Latitude,34,Male,Operations,Process Analyst,4,Full-time,91,92.3,2,3,0,70.6,0.708,62,50,5,74.5,2,1,4.0,15.1,1,0
ORG00072,D,Acer TravelMate,27,Female,Customer Support,Support Lead,2,Full-time,57,90.5,2,0,0,54.7,0.553,133,101,17,72.0,3,3,3.0,14.4,1,0
ORG02432,B,Acer TravelMate,23,Male,Finance,Accounts Executive,2,Contract,1,98.7,0,0,3,52.1,0.559,21,13,2,59.7,2,0,2.0,8.9,1,0
ORG00712,A,Lenovo ThinkPad,36,Female,Operations,Ops Lead,4,Full-time,104,90.2,1,3,0,63.1,0.87,120,82,12,63.3,3,1,5.0,16.5,0,0
ORG00422,A,Lenovo ThinkPad,36,Female,Engineering,Software Engineer,3,Full-time,73,96.2,1,2,0,70.6,0.91,29,22,2,81.5,0,0,,20.1,1,0
ORG01021,D,Dell Latitude,25,Female,Marketing,Marketing Executive,2,Full-time,15,94.9,0,3,0,82.5,0.663,24,19,2,84.2,2,0,4.0,22.7,1,0
ORG06122,A,MacBook Pro,25,Female,Sales,Inside Sales Rep,1,Full-time,109,94.6,1,3,1,62.6,0.826,34,29,3,80.4,1,0,4.0,19.1,2,0
ORG03506,B,Acer TravelMate,34,Male,Operations,Ops Associate,3,Full-time,79,98.2,0,0,0,61.9,0.614,79,75,4,67.6,4,0,4.0,11.6,0,0
ORG05873,A,Dell Latitude,31,Female,Engineering,Data Analyst,2,Contract,10,90.9,1,1,0,52.1,0.731,38,29,3,53.6,5,1,3.0,11.3,1,0
ORG00738,D,HP ProBook,29,Female,Sales,Sales Executive,3,Contract,10,100.0,0,2,0,44.0,0.575,64,48,5,62.6,1,0,3.0,29.8,1,0
ORG01974,B,MacBook Pro,28,Male,Sales,Sales Executive,2,Full-time,69,97.3,0,0,0,75.3,0.769,75,65,6,74.4,3,0,4.0,17.8,2,0
ORG03425,D,Lenovo ThinkPad,30,Male,Engineering,Software Engineer,4,Full-time,49,93.7,1,3,0,58.3,0.764,52,38,4,64.0,2,3,3.0,37.6,2,0
ORG05380,A,HP ProBook,24,Female,HR,HR Executive,3,Full-time,5,91.8,2,3,0,87.2,1.0,48,40,7,78.9,1,0,4.0,23.9,2,0
ORG05136,C,Dell Latitude,33,Female,Customer Support,Support Lead,3,Full-time,75,90.3,1,1,1,61.2,0.665,80,55,11,66.0,3,3,3.0,14.2,1,0
ORG05860,A,Dell Latitude,28,Female,Sales,Sales Executive,2,Full-time,76,98.2,1,2,0,61.4,0.694,55,42,8,74.6,3,0,3.0,19.5,1,0
ORG01633,A,Lenovo ThinkPad,26,Other,Operations,Ops Associate,2,Full-time,84,97.0,1,3,0,,0.712,80,78,11,76.2,3,2,4.0,11.8,1,0
ORG04275,D,Lenovo ThinkPad,26,Male,Engineering,Data Analyst,4,Full-time,16,95.9,0,0,1,80.1,0.851,35,31,3,82.6,2,0,5.0,16.0,3,0
ORG01211,D,Lenovo ThinkPad,24,Male,Finance,Accounts Executive,2,Contract,8,90.6,3,4,0,42.7,0.414,30,17,4,52.0,4,3,2.0,8.7,0,0
ORG05838,A,HP ProBook,25,Female,Customer Support,Support Associate,1,Full-time,4,91.8,4,2,0,94.6,0.87,81,73,12,86.8,0,2,4.0,5.6,1,0
ORG01096,C,Dell Latitude,35,Male,Customer Support,Support Lead,4,Full-time,85,97.4,2,1,0,87.2,0.801,141,123,19,81.2,1,1,3.0,14.9,2,0
ORG03791,B,MacBook Pro,30,Male,Sales,Sales Executive,3,Full-time,20,,1,1,0,71.8,0.688,67,51,7,81.9,3,0,4.0,20.1,0,0
ORG04490,A,Dell Latitude,27,Male,Customer Support,Support Lead,2,Full-time,96,100.0,0,0,0,68.0,0.638,136,116,11,72.2,0,1,4.0,11.5,0,0
ORG05103,C,Dell Latitude,32,Male,Engineering,Software Engineer,4,Full-time,67,96.8,2,0,2,,0.539,47,39,3,,1,0,4.0,18.1,0,0
ORG05654,D,MacBook Pro,34,Male,Sales,Account Manager,4,Full-time,35,92.2,1,3,0,71.5,0.723,61,51,6,76.3,1,0,3.0,18.9,1,0
ORG06081,D,Lenovo ThinkPad,27,Male,Engineering,QA Analyst,2,Full-time,31,91.6,2,1,0,87.2,1.0,36,31,4,92.0,1,0,5.0,21.7,1,0
ORG00979,C,Dell Latitude,21,Female,Customer Support,Support Associate,1,Full-time,4,96.8,1,2,0,61.8,0.665,64,47,6,59.5,1,1,3.0,11.1,1,0
ORG04472,D,Dell Latitude,21,Male,Sales,Sales Executive,1,Contract,16,92.2,6,2,0,50.5,0.376,46,28,5,61.3,0,1,2.0,0.9,0,1
ORG04583,B,Dell Latitude,30,Male,HR,HR Executive,2,Contract,17,92.2,2,3,0,78.7,0.725,21,18,2,74.8,3,0,4.0,4.2,1,0
ORG05375,C,HP ProBook,29,Female,Operations,Process Analyst,3,Contract,13,86.0,3,3,1,75.0,0.715,47,29,8,,1,1,3.0,47.5,3,0
ORG04476,A,Lenovo ThinkPad,27,Female,Operations,Ops Lead,4,Contract,6,97.7,0,1,0,80.5,0.794,49,47,1,69.0,2,0,5.0,18.4,0,0
ORG01551,B,Dell Latitude,33,Male,Engineering,DevOps Engineer,4,Full-time,91,96.3,2,3,0,98.0,0.967,45,40,5,99.0,0,0,4.0,9.9,1,0
ORG05558,C,Acer TravelMate,21,Male,Sales,Inside Sales Rep,1,Contract,7,92.9,2,0,2,59.8,0.483,45,34,5,53.9,2,0,2.0,0.0,0,1
ORG00345,D,Lenovo ThinkPad,25,Female,Finance,Accounts Executive,1,Full-time,67,100.0,0,0,0,55.4,0.552,25,20,0,63.0,1,0,3.0,9.4,0,0
ORG02464,B,HP ProBook,25,Male,Operations,Process Analyst,3,Full-time,9,94.6,3,2,0,74.5,1.0,97,77,11,81.8,1,0,4.0,13.0,0,0
ORG00912,A,Dell Latitude,28,Female,Marketing,Marketing Executive,3,Full-time,9,89.8,0,5,0,55.4,0.766,33,24,4,60.0,0,0,2.0,24.2,0,0
ORG05014,C,HP ProBook,26,Female,Finance,Accounts Executive,1,Full-time,49,93.2,0,0,0,66.5,0.882,37,32,2,78.6,2,1,3.0,8.6,1,0
ORG00048,B,HP ProBook,23,Female,Sales,Inside Sales Rep,1,Full-time,33,95.7,3,2,1,41.2,0.373,36,19,4,56.5,7,3,1.0,21.5,1,1
ORG03026,C,HP ProBook,26,Female,Engineering,DevOps Engineer,3,Full-time,25,95.5,1,5,0,82.7,0.798,38,34,3,91.6,0,0,4.0,20.1,1,0
ORG05591,A,Dell Latitude,23,Male,Customer Support,Support Associate,3,Contract,12,98.9,0,3,1,65.8,,138,114,19,54.8,2,4,3.0,6.2,3,1
ORG01351,D,HP ProBook,36,Male,Finance,Accounts Executive,3,Full-time,47,94.5,2,1,1,65.5,0.725,70,51,8,71.2,2,0,4.0,7.1,0,0
ORG00444,B,Lenovo ThinkPad,34,Female,Engineering,Data Scientist,4,Full-time,102,98.3,1,0,0,78.6,0.656,56,50,2,79.6,2,0,4.0,20.2,3,0
ORG03658,C,Dell Latitude,26,Female,Customer Support,Support Associate,2,Full-time,112,100.0,0,0,0,37.0,0.397,110,71,9,48.7,2,1,2.0,14.8,2,1
ORG01062,C,Lenovo ThinkPad,26,Male,Operations,Ops Lead,2,Contract,2,95.5,1,2,0,53.0,0.733,82,68,5,67.1,1,1,4.0,31.8,3,0
ORG03500,A,MacBook Pro,29,Male,HR,Talent Acquisition,3,Full-time,110,95.0,3,2,0,64.8,0.68,62,44,9,62.2,3,0,3.0,18.8,0,0
ORG05809,D,Acer TravelMate,25,Female,Engineering,QA Analyst,2,Full-time,40,95.2,1,4,0,66.3,0.765,53,39,7,68.7,3,0,3.0,4.7,0,0
ORG03320,A,Dell Latitude,34,Female,Sales,Sales Executive,2,Full-time,110,100.0,0,0,0,25.0,0.401,47,39,0,46.2,6,2,3.0,23.4,0,1
ORG03129,A,Dell Latitude,25,Female,Operations,Ops Associate,3,Full-time,7,89.2,1,5,0,67.5,0.818,59,42,11,64.5,0,0,3.0,31.0,2,1
ORG03378,B,MacBook Pro,28,Female,Marketing,Marketing Executive,3,Full-time,13,99.3,1,2,1,70.8,0.471,72,58,5,58.0,4,1,4.0,8.3,2,0
ORG04202,A,Dell Latitude,23,Male,HR,HR Executive,1,Full-time,116,100.0,0,0,0,37.9,0.348,60,47,0,48.2,3,1,2.0,24.3,2,1
ORG01563,A,Dell Latitude,27,Male,Marketing,Performance Marketer,3,Full-time,65,84.6,2,2,2,86.1,0.793,41,36,6,80.5,2,0,4.0,13.3,0,0
ORG01863,A,Dell Latitude,21,Female,IT,IT Support,1,Contract,6,96.4,1,2,2,77.0,0.477,36,27,3,57.6,1,0,2.0,10.2,2,0
ORG02843,D,Dell Latitude,28,Male,Customer Support,Support Associate,2,Full-time,98,100.0,1,2,0,45.4,0.61,83,63,5,62.2,3,2,2.0,12.6,0,1
ORG01056,D,HP ProBook,34,Male,Operations,Ops Lead,4,Full-time,94,91.9,4,3,1,59.5,0.762,69,45,9,72.0,2,0,3.0,16.6,2,0
ORG00849,D,Acer TravelMate,34,Male,Engineering,DevOps Engineer,3,Full-time,72,95.2,2,3,2,61.2,0.778,32,25,5,65.9,2,1,3.0,49.0,1,0
ORG04690,C,HP ProBook,21,Male,Finance,Accounts Executive,1,Full-time,64,95.6,1,1,0,74.4,0.742,56,42,4,64.6,1,0,4.0,7.0,1,0
ORG04185,D,Acer TravelMate,29,Male,Marketing,Content Specialist,1,Full-time,109,95.9,1,2,0,65.0,0.647,66,54,7,71.3,1,0,3.0,16.9,0,0
ORG01295,D,Dell Latitude,21,Male,Sales,Inside Sales Rep,1,Full-time,44,89.3,0,4,1,41.0,0.607,47,31,4,58.1,4,0,3.0,24.9,1,1
ORG02863,C,Dell Latitude,28,Male,Sales,Sales Executive,2,Full-time,71,91.8,1,2,0,71.5,0.685,75,53,10,57.9,1,1,3.0,13.5,1,0
ORG02393,C,Dell Latitude,28,Male,Sales,Inside Sales Rep,2,Full-time,32,94.5,1,1,0,90.1,0.813,38,33,3,91.8,0,1,5.0,19.8,4,0
ORG03078,C,HP ProBook,25,Male,Operations,Ops Associate,1,Full-time,111,96.5,1,0,0,68.2,0.624,51,42,4,61.8,0,1,4.0,8.6,1,0
ORG05897,D,Dell Latitude,32,Female,Engineering,Software Engineer,4,Full-time,87,95.2,0,0,0,59.2,0.614,53,40,4,62.5,1,2,2.0,31.5,2,0
ORG04505,A,HP ProBook,26,Female,Engineering,DevOps Engineer,3,Full-time,44,100.0,0,1,0,39.3,0.31,38,27,2,49.0,1,2,3.0,30.1,2,0
ORG04501,C,Acer TravelMate,31,Female,Engineering,Software Engineer,3,Full-time,23,92.3,2,4,1,74.1,0.446,40,29,5,69.2,2,1,2.0,8.5,1,1
ORG01700,A,Dell Latitude,25,Female,Finance,Finance Analyst,2,Full-time,55,95.8,1,4,0,62.3,0.659,25,19,2,68.6,1,0,2.0,8.1,2,0
ORG01113,C,Lenovo ThinkPad,33,Female,Operations,Ops Lead,4,Full-time,37,93.4,3,0,0,71.3,0.876,100,71,12,66.2,2,0,4.0,23.9,0,0
ORG01472,C,HP ProBook,27,Female,Engineering,Data Analyst,2,Full-time,69,95.1,0,3,0,67.0,0.732,20,17,1,60.9,1,1,3.0,24.9,3,0
ORG00777,C,MacBook Pro,34,Male,Operations,Ops Lead,4,Full-time,68,91.4,4,2,2,51.0,0.664,101,77,14,58.2,3,4,3.0,21.6,0,1
ORG05971,D,Dell Latitude,27,Female,Sales,Inside Sales Rep,3,Full-time,37,90.6,1,2,1,52.5,0.597,46,32,7,56.9,3,0,2.0,34.6,0,0
ORG00184,B,Dell Latitude,28,Female,Sales,Inside Sales Rep,2,Full-time,106,95.2,0,2,0,73.2,0.864,72,59,6,72.6,2,2,5.0,27.2,0,0
ORG04229,A,Lenovo ThinkPad,32,Male,Customer Support,Support Lead,3,Full-time,53,99.8,0,4,0,65.1,0.724,97,87,7,68.9,1,1,3.0,23.7,0,0
ORG04756,B,MacBook Pro,26,Male,Customer Support,Support Lead,2,Full-time,52,96.2,0,2,0,47.1,0.853,134,101,14,63.8,2,1,3.0,14.6,1,1
ORG05013,A,Lenovo ThinkPad,30,Male,Engineering,Data Scientist,5,Full-time,73,92.4,4,0,0,93.2,0.983,36,32,2,95.5,0,1,5.0,17.1,1,0
ORG03298,D,Dell Latitude,32,Female,Customer Support,Support Lead,3,Contract,12,97.2,0,1,0,90.3,0.874,112,96,9,80.3,0,0,4.0,22.7,2,0
ORG00735,D,Dell Latitude,36,Female,Engineering,Data Analyst,4,Full-time,66,93.7,1,0,1,60.1,0.658,38,28,4,61.8,4,0,3.0,41.3,1,1
ORG05247,A,HP ProBook,26,Female,Customer Support,Support Associate,1,Full-time,51,95.2,1,5,0,80.3,0.773,102,71,15,60.9,0,3,4.0,8.5,1,0
ORG03983,D,Lenovo ThinkPad,30,Female,Operations,Ops Lead,2,Full-time,56,96.4,3,2,2,77.3,0.719,71,51,8,63.4,2,2,3.0,13.4,1,0
ORG01169,D,HP ProBook,26,Female,HR,Talent Acquisition,2,Full-time,4,97.6,0,3,0,75.3,0.704,48,45,4,63.3,2,0,3.0,20.6,1,0
ORG01612,C,Acer TravelMate,27,Male,Finance,Accounts Executive,3,Full-time,24,100.0,2,0,0,67.6,0.554,45,42,2,68.1,1,1,3.0,18.0,0,0
ORG05826,C,Lenovo ThinkPad,27,Female,Engineering,QA Analyst,3,Full-time,23,95.3,1,0,1,71.6,0.645,52,45,4,59.1,6,1,4.0,13.0,1,0
ORG03663,A,Acer TravelMate,28,Male,Marketing,Marketing Executive,2,Full-time,34,95.4,5,1,2,68.5,0.701,38,30,4,77.8,4,0,3.0,20.3,0,0
ORG04153,D,HP ProBook,37,Male,Customer Support,Support Associate,3,Full-time,18,98.3,4,3,1,72.7,0.772,98,89,7,86.4,2,0,4.0,7.5,1,0
ORG02292,D,HP ProBook,26,Male,Finance,Accounts Executive,2,Full-time,39,92.5,0,1,0,70.5,0.647,60,51,6,74.6,1,1,4.0,42.5,3,0
ORG05065,B,Dell Latitude,25,Male,Marketing,Performance Marketer,2,Contract,14,89.8,0,2,0,65.5,0.735,51,38,6,67.3,1,0,4.0,11.5,0,0
ORG02776,D,Dell Latitude,28,Male,Sales,Inside Sales Rep,2,Full-time,42,100.0,0,0,0,74.2,0.746,67,57,3,78.7,1,1,4.0,7.4,2,0
ORG00486,A,Acer TravelMate,29,Other,Customer Support,Support Lead,3,Full-time,14,94.9,4,2,1,78.1,0.766,128,107,21,79.4,1,1,2.0,22.1,2,0
ORG02834,C,Lenovo ThinkPad,28,Female,HR,Talent Acquisition,2,Full-time,48,94.2,1,1,0,42.4,0.348,60,44,5,47.3,3,0,3.0,13.8,1,0
ORG00453,B,HP ProBook,24,Male,Finance,Finance Analyst,3,Contract,8,96.5,0,0,0,77.2,0.68,50,40,1,81.6,2,0,5.0,6.1,0,0
ORG03143,A,MacBook Pro,21,Female,IT,System Admin,2,Full-time,19,92.8,4,1,2,72.5,0.726,69,56,7,72.0,2,0,5.0,11.2,4,0
ORG03652,D,HP ProBook,32,Female,Engineering,Data Analyst,3,Full-time,45,92.3,5,1,1,98.0,0.908,20,19,2,96.5,1,0,4.0,9.8,1,0
ORG03319,A,Lenovo ThinkPad,31,Male,Engineering,DevOps Engineer,3,Full-time,89,97.1,3,1,0,72.6,0.712,49,42,5,70.2,0,1,4.0,42.6,2,0
ORG04829,C,Dell Latitude,31,Male,Finance,Finance Analyst,4,Full-time,50,91.3,0,1,1,71.0,0.693,29,23,2,72.0,2,0,3.0,13.8,1,0
ORG03276,A,Dell Latitude,31,Male,HR,Talent Acquisition,3,Full-time,57,96.4,3,0,0,61.0,0.55,58,44,4,55.6,0,0,4.0,,1,0
ORG00031,B,Dell Latitude,27,Female,Finance,Accounts Executive,2,Full-time,15,96.2,2,2,1,90.8,0.619,22,19,3,,0,0,4.0,15.4,3,0
ORG00790,B,HP ProBook,28,Male,Operations,Process Analyst,3,Full-time,24,100.0,1,1,0,36.7,0.293,100,76,9,44.9,2,2,1.0,16.1,0,1
ORG05889,B,Lenovo ThinkPad,25,Female,HR,HR Executive,2,Full-time,98,88.3,1,1,0,77.1,0.53,26,19,3,63.6,5,0,3.0,21.2,0,0
ORG05581,D,HP ProBook,38,Male,Operations,Ops Lead,3,Full-time,106,93.9,4,0,1,94.1,0.874,85,77,11,91.1,0,0,5.0,31.5,2,0
ORG02928,B,Dell Latitude,31,Female,Operations,Ops Lead,4,Full-time,55,95.1,2,4,0,82.8,0.636,113,89,15,75.9,1,3,4.0,21.1,1,0
ORG02459,D,Lenovo ThinkPad,29,Male,Sales,Sales Executive,1,Full-time,33,91.0,4,2,0,51.2,0.517,54,30,10,54.1,3,1,1.0,8.2,0,0
ORG05234,B,Dell Latitude,29,Female,Customer Support,Support Lead,4,Full-time,109,94.5,5,2,0,73.7,0.676,116,86,17,75.1,1,1,2.0,28.1,2,1
ORG01110,D,HP ProBook,30,Female,Engineering,Data Scientist,3,Full-time,25,85.0,4,2,1,76.3,0.829,20,15,3,79.5,0,0,4.0,22.1,1,0
ORG00101,B,Lenovo ThinkPad,31,Female,Marketing,Performance Marketer,4,Contract,6,93.4,1,1,0,87.9,0.911,55,48,4,75.2,2,1,3.0,16.4,3,0
ORG06110,B,Dell Latitude,21,Male,Operations,Ops Associate,1,Full-time,11,91.3,0,1,0,64.4,0.629,101,78,13,67.5,1,0,2.0,2.7,1,0
ORG02654,A,Acer TravelMate,27,Male,Finance,Finance Analyst,2,Full-time,11,95.3,3,3,2,56.9,0.647,27,21,2,67.5,2,1,3.0,7.1,0,1
ORG03880,D,Lenovo ThinkPad,23,Female,Customer Support,Support Associate,1,Full-time,49,86.5,1,6,1,68.0,0.798,110,83,25,78.8,1,1,4.0,19.4,2,0
ORG01444,D,Dell Latitude,27,Female,Engineering,Data Analyst,2,Full-time,24,99.9,2,0,0,86.8,0.803,26,21,2,91.1,0,0,4.0,21.6,1,0
ORG01880,D,Dell Latitude,24,Male,Operations,Ops Associate,1,Full-time,52,95.4,2,0,0,53.9,0.442,48,37,5,52.2,5,2,2.0,21.0,2,1
ORG03909,B,Lenovo ThinkPad,29,Male,Customer Support,Support Lead,3,Full-time,82,100.0,0,0,0,47.2,0.716,124,102,11,60.3,1,2,4.0,40.9,4,1
ORG03800,B,Lenovo ThinkPad,21,Male,Sales,Sales Executive,1,Full-time,10,97.8,0,0,0,75.6,0.786,73,66,5,75.3,4,0,4.0,4.5,1,0
ORG01084,D,Lenovo ThinkPad,26,Female,HR,HR Executive,2,Full-time,120,,1,1,0,82.6,0.742,35,31,3,72.4,2,0,3.0,6.4,0,1
ORG03131,B,MacBook Pro,25,Male,Customer Support,Support Lead,2,Contract,8,97.8,1,3,0,,0.458,119,91,15,50.9,3,2,3.0,15.5,1,1
ORG00862,B,Lenovo ThinkPad,31,Male,Finance,Finance Analyst,3,Contract,11,90.4,0,4,0,34.0,0.416,67,49,10,61.7,1,0,1.0,8.6,1,1
ORG01922,B,Acer TravelMate,29,Male,Sales,Account Manager,3,Full-time,108,91.6,1,2,0,82.2,0.856,64,47,7,77.0,2,0,3.0,26.8,3,0
ORG00904,D,Dell Latitude,28,Female,Customer Support,Support Associate,1,Full-time,101,94.6,1,2,0,60.8,0.527,67,49,6,58.3,2,2,2.0,3.4,0,0
ORG03114,C,Acer TravelMate,25,Female,Operations,Ops Associate,1,Full-time,76,93.6,1,1,1,74.7,0.821,39,32,3,67.0,1,0,4.0,5.6,0,0
ORG00110,B,Lenovo ThinkPad,22,Female,Marketing,Marketing Executive,1,Full-time,99,92.0,7,3,3,65.6,0.646,55,39,7,72.8,1,0,3.0,5.5,2,1
ORG03013,B,HP ProBook,22,Male,Finance,Finance Analyst,2,Full-time,12,95.7,1,2,0,90.0,0.604,59,48,4,59.4,3,0,3.0,17.6,0,0
ORG02216,D,MacBook Pro,23,Male,Engineering,QA Analyst,2,Full-time,28,92.4,3,4,2,26.7,0.716,22,14,2,64.1,2,0,2.0,19.9,1,1
ORG05299,D,Lenovo ThinkPad,30,Male,Sales,Account Manager,2,Full-time,48,88.4,2,1,0,66.5,0.659,71,42,14,74.6,2,1,1.0,15.0,1,0
ORG02043,C,Lenovo ThinkPad,24,Male,Operations,Ops Lead,2,Full-time,69,90.5,0,2,0,73.1,0.598,106,78,14,71.5,2,2,3.0,5.8,0,1
ORG03107,B,HP ProBook,25,Male,Sales,Inside Sales Rep,1,Full-time,98,95.1,1,1,0,51.7,0.671,69,44,8,54.4,2,1,3.0,10.4,0,0
ORG03338,D,Acer TravelMate,30,Male,Marketing,Performance Marketer,4,Full-time,52,91.9,5,2,1,63.1,0.789,73,57,12,66.6,1,2,3.0,36.6,1,0
ORG02338,B,HP ProBook,28,Female,Sales,Account Manager,3,Full-time,97,91.4,0,2,0,93.3,0.855,69,61,6,86.4,2,1,4.0,21.7,0,0
ORG03935,D,Dell Latitude,32,Male,Customer Support,Support Lead,2,Contract,15,96.0,2,3,0,76.5,0.9,113,89,16,78.0,1,1,5.0,2.3,0,0
ORG06168,C,Dell Latitude,42,Male,Customer Support,Support Lead,4,Full-time,82,88.8,2,1,0,97.5,0.835,142,126,26,82.7,0,0,4.0,21.6,2,0
ORG00928,D,HP ProBook,31,Female,HR,HR Executive,3,Full-time,46,92.7,4,1,1,59.0,0.574,29,21,4,71.5,4,1,3.0,20.4,3,1
ORG02942,D,Acer TravelMate,31,Male,Sales,Account Manager,3,Full-time,81,91.2,0,4,0,72.5,0.423,59,47,4,74.1,1,0,3.0,39.2,3,0
ORG04873,A,Acer TravelMate,30,Male,Operations,Ops Associate,3,Full-time,46,98.0,1,0,0,78.9,0.845,95,80,8,80.6,1,0,5.0,15.4,1,0
ORG02789,A,Lenovo ThinkPad,30,Female,Marketing,Performance Marketer,2,Full-time,93,97.4,1,1,0,59.4,0.707,23,16,3,64.7,2,0,4.0,25.6,1,0
ORG02245,B,Lenovo ThinkPad,27,Male,Sales,Inside Sales Rep,1,Full-time,89,95.8,0,1,0,39.7,0.817,33,26,0,67.5,2,0,3.0,8.3,0,1
ORG05430,B,Lenovo ThinkPad,34,Male,Operations,Ops Lead,3,Full-time,52,90.8,0,1,0,66.7,0.899,61,50,7,69.7,1,0,4.0,9.3,0,0
ORG05671,B,Dell Latitude,31,Female,Operations,Ops Lead,4,Full-time,7,100.0,1,0,0,66.8,0.609,93,72,4,50.0,3,0,3.0,14.9,1,0
ORG05931,A,HP ProBook,31,Male,IT,System Admin,3,Contract,15,94.8,2,3,0,68.9,0.941,55,50,4,80.8,1,0,4.0,19.2,1,0
ORG04197,C,HP ProBook,36,Male,Engineering,Data Analyst,3,Full-time,96,93.6,1,1,0,70.1,0.745,43,36,3,74.1,2,0,4.0,8.7,0,0
ORG01095,A,Dell Latitude,26,Male,Operations,Ops Lead,2,Full-time,8,89.8,1,2,0,69.7,0.845,99,70,16,70.2,0,1,3.0,17.1,0,0
ORG01122,A,HP ProBook,34,Male,Engineering,QA Analyst,2,Full-time,84,98.7,0,1,0,60.9,0.656,49,30,6,51.9,2,2,3.0,11.9,1,0
ORG02111,B,Dell Latitude,28,Male,Customer Support,Support Lead,2,Contract,13,100.0,1,0,1,94.7,0.84,63,54,4,86.9,1,0,5.0,47.4,2,0
ORG05807,C,Dell Latitude,28,Female,Finance,Finance Analyst,2,Full-time,68,99.9,0,0,0,65.7,0.854,57,48,0,67.9,1,1,4.0,14.5,0,0
ORG03732,C,Dell Latitude,21,Male,Marketing,Marketing Executive,2,Full-time,8,97.3,0,2,0,64.1,0.764,56,42,5,66.0,2,1,4.0,8.2,2,0
ORG00810,B,Dell Latitude,26,Male,IT,System Admin,2,Full-time,44,92.9,4,6,3,88.4,0.735,26,20,3,88.3,0,0,4.0,6.7,1,0
ORG04184,D,Lenovo ThinkPad,31,Male,Customer Support,Support Lead,2,Full-time,84,98.3,0,0,0,76.1,0.719,90,68,9,71.7,2,0,4.0,20.2,1,0
ORG05785,A,Lenovo ThinkPad,22,Male,Sales,Sales Executive,1,Full-time,46,98.0,1,1,0,60.3,0.82,59,49,0,74.5,1,1,4.0,17.0,0,0
ORG06108,C,HP ProBook,26,Male,Engineering,Data Analyst,2,Full-time,33,93.1,1,3,0,68.9,0.547,50,38,7,62.8,0,3,2.0,10.3,2,0
ORG05166,C,HP ProBook,25,Male,Finance,Accounts Executive,2,Contract,16,92.3,3,3,1,52.7,0.847,39,31,6,71.1,2,0,4.0,38.1,5,0
ORG06219,B,HP ProBook,31,Female,Engineering,Data Scientist,4,Full-time,70,96.3,4,1,1,80.6,0.577,33,27,2,80.9,3,1,4.0,16.7,0,0
ORG05413,A,Dell Latitude,25,Male,Sales,Inside Sales Rep,2,Full-time,7,99.3,0,0,0,58.8,0.635,76,56,7,72.0,3,0,3.0,26.5,1,0
ORG03376,D,Lenovo ThinkPad,31,Male,Customer Support,Support Associate,3,Full-time,58,98.3,1,0,0,63.8,0.703,119,99,6,66.4,2,1,4.0,10.5,1,0
ORG05003,D,MacBook Pro,32,Female,Finance,Accounts Executive,3,Full-time,101,94.1,3,3,2,72.7,0.589,65,46,7,69.9,1,1,3.0,37.0,2,0
ORG05947,D,Dell Latitude,22,Male,Engineering,QA Analyst,2,Contract,4,97.5,2,1,0,46.0,0.564,42,32,4,44.4,5,0,3.0,10.3,1,1
ORG01741,D,Lenovo ThinkPad,35,Male,Sales,Inside Sales Rep,3,Full-time,51,100.0,3,2,2,66.9,0.598,69,55,5,50.4,3,1,3.0,25.2,1,0
ORG03559,D,HP ProBook,24,Male,Operations,Ops Lead,2,Full-time,46,100.0,1,1,0,,0.819,81,72,1,65.9,1,1,4.0,33.7,0,0
ORG06107,A,Dell Latitude,29,Female,IT,IT Support,3,Full-time,68,90.4,2,0,0,89.6,1.0,40,39,2,87.6,1,0,5.0,30.1,0,0
ORG06147,D,HP ProBook,33,Female,Finance,Accounts Executive,3,Full-time,68,98.1,4,2,0,79.4,0.769,68,55,8,78.3,1,1,4.0,43.4,2,0
ORG03976,C,Acer TravelMate,31,Male,Engineering,Data Analyst,2,Full-time,115,90.9,2,3,2,55.6,0.485,49,34,6,57.0,0,1,3.0,33.3,3,0
ORG04092,B,Dell Latitude,27,Male,Finance,Finance Analyst,3,Contract,4,95.7,1,0,0,72.8,0.663,43,38,2,75.5,1,0,4.0,21.5,0,0
ORG04817,A,HP ProBook,29,Female,Sales,Account Manager,3,Full-time,11,92.3,2,2,0,52.4,0.661,36,24,5,54.6,6,0,2.0,25.8,1,1
ORG05376,A,HP ProBook,25,Male,Operations,Process Analyst,2,Full-time,48,90.0,3,1,2,48.7,0.512,108,77,17,61.3,0,0,2.0,6.9,0,1
ORG03769,A,Lenovo ThinkPad,30,Female,Operations,Process Analyst,3,Full-time,116,96.1,2,0,0,68.6,0.716,98,88,9,66.5,3,0,4.0,20.7,1,0
ORG03359,A,HP ProBook,23,Male,Operations,Ops Associate,1,Full-time,109,93.9,1,2,1,72.6,0.566,46,38,5,75.8,3,1,3.0,5.7,1,1
ORG04442,B,Lenovo ThinkPad,31,Male,Sales,Inside Sales Rep,3,Full-time,106,100.0,1,1,0,78.3,0.792,77,70,4,73.4,3,1,4.0,15.5,1,0
ORG01609,C,Dell Latitude,25,Female,Customer Support,Support Associate,2,Full-time,58,98.5,0,0,0,64.3,0.727,90,81,5,72.4,3,2,3.0,5.8,1,0
ORG04323,C,HP ProBook,29,Male,Operations,Ops Lead,2,Full-time,99,95.6,1,1,0,57.6,0.504,103,63,17,53.4,2,1,2.0,30.6,0,1
ORG03882,D,Dell Latitude,25,Female,Marketing,Marketing Executive,1,Full-time,71,90.6,3,0,1,48.1,0.643,46,29,8,55.9,2,1,3.0,7.1,2,1
ORG02764,C,HP ProBook,34,Male,Sales,Inside Sales Rep,3,Full-time,62,93.1,1,1,0,67.8,0.631,46,33,6,75.8,0,0,3.0,6.8,0,0
ORG01205,C,Acer TravelMate,25,Female,Engineering,Data Analyst,3,Full-time,5,93.1,4,2,0,71.8,0.74,30,25,3,71.6,5,0,3.0,13.4,0,0
ORG05921,D,HP ProBook,26,Male,Customer Support,Support Associate,3,Contract,12,90.5,1,3,1,72.4,0.498,95,74,12,64.5,1,1,4.0,19.0,2,0
ORG04023,D,HP ProBook,24,Female,Sales,Sales Executive,1,Full-time,75,94.4,1,2,0,46.5,0.681,65,50,4,67.7,2,1,3.0,34.9,1,0
ORG04479,A,Dell Latitude,28,Male,HR,Talent Acquisition,3,Full-time,26,93.0,5,4,2,98.0,0.7,56,45,7,76.1,0,0,3.0,19.3,0,0
ORG06071,D,Dell Latitude,38,Male,Marketing,Marketing Executive,3,Full-time,104,100.0,0,0,0,56.1,0.646,32,30,0,66.0,3,0,4.0,28.0,0,0
ORG03498,A,Dell Latitude,24,Female,Finance,Accounts Executive,1,Full-time,100,94.0,2,3,0,34.8,0.375,54,39,4,57.5,3,1,2.0,7.1,0,0
ORG03035,C,HP ProBook,31,Female,IT,System Admin,2,Contract,16,94.9,0,3,0,69.0,0.642,53,43,5,75.9,5,0,2.0,3.9,0,1
ORG02706,D,Dell Latitude,26,Female,Customer Support,Support Lead,3,Full-time,44,92.7,4,2,0,47.6,0.462,123,78,17,65.7,1,1,2.0,32.0,2,1
ORG00519,C,Lenovo ThinkPad,21,Female,Engineering,Software Engineer,2,Contract,17,92.9,5,1,1,90.5,0.843,41,37,3,79.4,2,0,4.0,20.8,1,0
ORG00830,C,HP ProBook,28,Female,Sales,Account Manager,2,Full-time,35,95.9,0,1,0,51.5,0.414,67,46,6,64.5,1,0,3.0,47.1,2,1
ORG05149,A,Lenovo ThinkPad,33,Female,Marketing,Performance Marketer,3,Full-time,99,91.5,1,1,1,80.6,0.741,33,27,4,71.1,1,0,3.0,19.7,1,0
ORG04621,B,HP ProBook,33,Male,Engineering,Software Engineer,4,Full-time,13,92.8,1,2,0,84.5,0.941,30,26,2,72.0,2,1,5.0,26.8,4,0
ORG00439,D,HP ProBook,26,Male,Finance,Finance Analyst,2,Full-time,67,93.1,2,1,0,35.1,0.588,46,34,5,41.9,1,1,3.0,12.2,0,1
ORG00628,C,Dell Latitude,27,Male,Engineering,Data Analyst,4,Contract,8,95.8,2,2,1,76.5,0.685,47,37,4,70.9,3,0,4.0,6.8,3,1
ORG06056,D,Dell Latitude,29,Female,Engineering,DevOps Engineer,3,Full-time,5,88.1,1,2,0,58.3,0.64,41,30,5,77.5,1,1,3.0,12.9,1,1
ORG02506,C,Dell Latitude,31,Male,Engineering,Data Scientist,4,Full-time,4,94.1,1,0,0,53.3,0.546,41,30,3,60.8,2,1,2.0,20.1,1,0
ORG00926,B,Lenovo ThinkPad,22,Female,Sales,Inside Sales Rep,1,Full-time,8,86.5,2,2,2,83.0,0.821,45,28,11,74.4,6,4,3.0,9.8,0,0
ORG03384,A,Lenovo ThinkPad,27,Male,Customer Support,Support Lead,3,Full-time,111,98.6,1,1,0,86.7,0.851,116,102,10,87.0,0,1,4.0,28.1,0,0
ORG00296,B,Dell Latitude,29,Male,Marketing,Marketing Executive,3,Full-time,93,97.7,0,0,1,77.5,0.829,30,25,2,81.5,0,0,4.0,15.0,0,0
ORG01053,C,Lenovo ThinkPad,24,Male,Sales,Sales Executive,1,Full-time,52,99.5,0,0,0,58.2,0.643,75,67,5,63.2,5,1,3.0,17.2,2,0
ORG03210,B,HP ProBook,27,Female,Engineering,Data Analyst,3,Full-time,55,98.3,0,0,1,64.5,0.973,46,41,2,64.8,1,3,5.0,8.3,1,0
ORG04618,B,Dell Latitude,32,Male,Customer Support,Support Lead,4,Full-time,90,93.2,2,1,0,98.0,1.0,142,139,16,94.5,0,1,5.0,13.0,0,0
ORG01174,D,Lenovo ThinkPad,26,Female,Finance,Finance Analyst,3,Full-time,82,92.2,4,1,2,77.5,0.794,66,57,8,70.4,1,0,3.0,46.6,1,0
ORG03640,A,Acer TravelMate,31,Male,Customer Support,Support Lead,3,Full-time,75,92.3,3,4,0,75.1,0.659,133,102,20,,2,2,4.0,13.2,2,0
ORG01562,A,Lenovo ThinkPad,31,Female,Operations,Process Analyst,3,Full-time,93,91.8,4,0,1,49.6,0.736,53,39,6,55.3,3,2,3.0,20.0,1,1
ORG04933,B,Lenovo ThinkPad,23,Male,Finance,Accounts Executive,2,Full-time,61,100.0,0,0,0,34.0,0.41,58,39,3,54.6,2,1,2.0,20.1,0,1
ORG02099,A,HP ProBook,36,Female,Engineering,DevOps Engineer,5,Full-time,85,95.9,2,1,1,58.4,0.603,50,38,2,53.8,3,3,2.0,13.5,0,1
ORG00945,C,HP ProBook,31,Male,Customer Support,Support Lead,4,Contract,10,91.6,4,3,2,82.4,0.764,130,89,26,75.3,1,0,3.0,13.3,2,0
ORG05016,A,Lenovo ThinkPad,24,Male,Sales,Inside Sales Rep,2,Full-time,49,93.4,1,4,1,71.9,0.749,50,38,5,72.2,2,1,3.0,28.5,0,0
ORG03195,C,HP ProBook,25,Male,Operations,Ops Associate,3,Full-time,15,97.8,2,0,1,72.4,0.659,75,66,3,54.0,2,1,4.0,17.9,0,0
ORG00013,B,Dell Latitude,31,Male,Operations,Ops Associate,2,Full-time,108,95.7,1,0,0,51.9,0.471,77,60,8,41.8,2,0,1.0,29.2,0,0
ORG01118,D,HP ProBook,30,Male,Finance,Accounts Executive,2,Full-time,83,98.0,1,0,1,58.7,0.575,34,27,3,50.6,3,0,3.0,20.9,2,0
ORG04587,B,Acer TravelMate,38,Female,Customer Support,Support Lead,4,Full-time,71,99.5,4,0,1,57.5,0.673,140,111,20,77.2,1,2,4.0,26.4,1,0
ORG02878,D,Lenovo ThinkPad,28,Male,Customer Support,Support Lead,2,Full-time,33,93.5,3,1,0,68.3,0.65,97,78,12,81.0,0,1,3.0,9.6,0,0
ORG03017,A,Acer TravelMate,24,Female,IT,IT Support,1,Full-time,84,100.0,0,0,0,80.1,0.897,67,64,0,72.1,3,0,5.0,10.5,0,0
ORG00643,B,Lenovo ThinkPad,22,Female,Engineering,QA Analyst,2,Full-time,6,90.6,3,3,0,70.2,0.92,25,18,4,72.4,2,2,2.0,23.0,1,0
ORG01670,D,MacBook Pro,29,Female,Marketing,Content Specialist,3,Full-time,75,91.8,1,0,1,63.0,0.752,64,48,9,71.7,0,0,3.0,14.2,1,1
ORG01756,B,HP ProBook,27,Male,Operations,Process Analyst,3,Contract,9,90.3,0,2,0,67.5,0.546,91,66,13,65.6,2,1,3.0,3.0,0,0
ORG01873,B,MacBook Pro,23,Female,IT,IT Support,1,Full-time,11,93.7,4,3,1,47.7,0.658,40,27,5,55.5,1,1,2.0,38.0,1,0
ORG03009,D,MacBook Pro,28,Female,Engineering,Software Engineer,3,Contract,1,94.1,0,1,0,59.9,0.793,21,15,2,67.1,0,0,3.0,4.1,1,0
ORG01320,C,Lenovo ThinkPad,32,Male,HR,Talent Acquisition,3,Full-time,114,100.0,0,2,0,75.8,0.969,64,60,0,70.6,0,0,5.0,19.3,3,0
ORG03054,C,Dell Latitude,32,Female,Finance,Accounts Executive,3,Full-time,30,93.9,5,3,3,56.5,0.633,29,21,5,63.5,3,1,3.0,27.0,0,1
ORG02313,D,Lenovo ThinkPad,31,Female,Sales,Account Manager,3,Full-time,55,93.9,3,1,0,37.1,0.507,43,29,3,49.7,4,0,1.0,30.6,2,1
ORG05775,A,Lenovo ThinkPad,32,Female,Sales,Account Manager,3,Full-time,33,88.2,1,0,0,97.5,0.791,57,51,7,87.8,0,1,5.0,6.4,1,0
ORG01787,A,Dell Latitude,28,Male,Sales,Inside Sales Rep,1,Full-time,87,91.2,1,3,1,69.5,0.326,59,41,7,64.1,5,0,1.0,13.7,1,1
ORG04686,C,Dell Latitude,33,Male,Sales,Account Manager,2,Full-time,20,92.1,1,3,0,56.0,0.724,76,62,9,68.3,3,2,4.0,25.1,1,0
ORG02348,C,HP ProBook,26,Female,HR,Talent Acquisition,2,Full-time,31,88.6,5,2,0,83.3,0.895,36,31,4,88.8,1,0,4.0,8.9,2,0
ORG02555,A,HP ProBook,29,Male,Sales,Account Manager,4,Full-time,85,95.1,1,3,0,72.0,0.498,73,49,6,58.0,4,0,3.0,22.3,2,1
ORG03514,C,MacBook Pro,30,Male,IT,IT Support,3,Full-time,79,96.9,2,1,1,49.4,0.73,66,53,8,63.1,2,1,2.0,18.4,1,1
ORG03803,A,HP ProBook,24,Male,Sales,Sales Executive,3,Full-time,54,90.0,0,4,0,65.5,0.678,54,44,4,88.8,1,0,3.0,19.9,1,0
ORG00654,D,MacBook Pro,31,Female,Sales,Account Manager,2,Full-time,46,100.0,0,1,0,71.8,0.826,77,66,4,82.3,1,1,4.0,19.5,0,0
ORG00430,B,HP ProBook,33,Male,HR,Talent Acquisition,4,Full-time,67,93.4,2,1,0,88.4,0.705,46,33,7,78.6,0,0,,25.0,1,0
ORG04040,A,Dell Latitude,28,Female,HR,Talent Acquisition,2,Full-time,97,89.9,0,1,2,76.1,,41,26,7,78.7,2,1,3.0,9.5,2,0
ORG02023,A,Dell Latitude,25,Female,Engineering,QA Analyst,3,Full-time,43,100.0,1,1,0,63.6,0.887,51,38,5,53.6,3,0,4.0,54.4,3,0
ORG04190,B,Dell Latitude,27,Male,Customer Support,Support Associate,1,Full-time,84,91.0,1,1,0,64.5,0.658,126,100,16,61.8,2,1,3.0,5.3,0,0
ORG03197,D,HP ProBook,24,Male,Customer Support,Support Associate,1,Full-time,61,97.8,0,0,1,90.6,0.929,104,101,3,86.8,1,1,5.0,19.1,1,0
ORG02454,D,HP ProBook,32,Male,Finance,Finance Analyst,4,Full-time,13,100.0,1,1,0,80.2,0.575,71,63,3,66.9,1,0,3.0,14.3,2,0
ORG03334,D,HP ProBook,26,Female,Sales,Account Manager,2,Full-time,60,91.8,2,2,1,64.0,0.623,67,51,10,52.1,3,4,3.0,42.0,4,0
ORG02482,D,Lenovo ThinkPad,37,Male,Sales,Account Manager,4,Full-time,109,96.9,2,1,0,70.3,0.662,47,36,5,66.9,3,1,2.0,27.5,4,0
ORG00839,C,Dell Latitude,27,Female,Customer Support,Support Associate,2,Full-time,43,93.1,1,1,1,78.3,0.754,117,87,17,69.5,1,0,4.0,28.4,2,0
ORG01088,D,Dell Latitude,27,Female,Finance,Finance Analyst,2,Full-time,83,99.0,0,2,0,76.6,0.834,61,57,2,82.9,3,0,5.0,19.3,1,0
ORG03003,D,Dell Latitude,26,Male,Sales,Inside Sales Rep,1,Full-time,79,95.5,3,5,0,70.2,0.61,42,33,4,82.0,3,1,4.0,15.2,0,0
ORG04590,D,Lenovo ThinkPad,29,Male,Marketing,Content Specialist,2,Full-time,53,97.7,0,0,0,98.0,0.922,39,36,2,78.2,0,0,5.0,26.8,1,0
ORG05059,C,Lenovo ThinkPad,31,Female,Operations,Ops Lead,3,Full-time,95,99.7,1,0,0,98.0,0.697,79,73,6,86.7,1,0,5.0,9.4,2,0
ORG02005,D,Acer TravelMate,27,Male,Engineering,QA Analyst,3,Full-time,49,100.0,0,1,0,83.9,0.655,23,19,2,78.9,1,0,4.0,9.4,1,0
ORG04369,C,MacBook Pro,25,Male,Engineering,Data Analyst,2,Full-time,101,91.1,2,3,1,78.4,0.86,44,34,7,74.9,2,0,4.0,13.2,0,0
ORG00857,D,HP ProBook,27,Male,Finance,Finance Analyst,3,Full-time,8,100.0,1,0,0,92.7,1.0,51,49,3,84.6,1,0,5.0,50.9,3,0
ORG03373,D,HP ProBook,26,Male,HR,HR Executive,1,Full-time,42,90.4,3,2,0,38.7,0.56,55,41,6,61.7,2,0,3.0,12.3,2,1
ORG03101,A,HP ProBook,33,Female,IT,IT Support,3,Full-time,51,97.6,1,1,1,60.5,0.778,33,27,1,56.3,2,3,4.0,17.9,0,0
ORG01449,D,HP ProBook,25,Male,Operations,Process Analyst,2,Full-time,30,88.0,0,4,0,56.6,0.796,59,39,10,67.0,0,2,2.0,6.3,0,0
ORG05266,D,MacBook Pro,21,Male,Engineering,Data Analyst,2,Full-time,32,88.1,2,3,0,66.2,0.687,28,18,4,66.7,1,1,3.0,28.7,4,0
ORG04380,A,HP ProBook,34,Female,Engineering,QA Analyst,3,Full-time,112,100.0,0,2,0,55.2,0.498,52,50,0,69.0,1,0,5.0,21.9,1,0
ORG05109,D,MacBook Pro,25,Male,Customer Support,Support Lead,2,Contract,3,90.9,3,3,1,58.1,0.607,116,84,23,70.1,5,1,1.0,12.8,2,1
ORG04268,D,Lenovo ThinkPad,22,Male,HR,HR Executive,1,Full-time,82,94.1,3,1,0,57.9,0.485,30,23,2,58.2,1,1,3.0,16.3,2,0
ORG02692,C,Dell Latitude,30,Male,Sales,Account Manager,2,Full-time,101,99.9,0,1,0,67.3,0.48,67,59,3,53.8,2,1,3.0,16.4,1,0
ORG02403,D,HP ProBook,21,Male,Finance,Accounts Executive,1,Contract,5,86.4,5,6,3,62.6,0.62,30,20,5,82.9,0,0,3.0,34.8,0,0
ORG00694,B,Dell Latitude,23,Male,Sales,Sales Executive,2,Full-time,30,99.0,1,0,1,61.8,0.923,40,35,1,69.4,0,2,4.0,4.0,1,0
ORG03271,D,HP ProBook,30,Female,IT,System Admin,2,Full-time,44,94.0,1,0,1,58.9,0.699,28,22,2,67.9,4,1,3.0,15.5,1,0
ORG04996,C,Lenovo ThinkPad,39,Male,Sales,Account Manager,4,Full-time,94,96.5,0,0,2,69.3,0.423,69,56,7,73.5,0,1,3.0,9.5,0,1
ORG02996,A,HP ProBook,37,Female,Customer Support,Support Associate,2,Full-time,86,95.1,1,1,1,79.4,0.749,75,71,4,71.6,1,0,4.0,7.9,3,0
ORG00189,A,MacBook Pro,32,Female,Finance,Accounts Executive,2,Full-time,63,94.3,2,2,0,51.1,0.432,64,52,8,66.4,6,2,3.0,12.0,0,1
ORG00288,C,Dell Latitude,25,Male,Sales,Inside Sales Rep,2,Full-time,31,95.0,1,1,0,63.8,0.491,60,49,3,73.9,1,0,3.0,22.9,2,0
ORG03807,C,Dell Latitude,28,Female,Operations,Process Analyst,2,Full-time,120,96.1,1,1,0,97.5,0.866,60,48,9,99.0,0,0,4.0,11.1,1,0
ORG05331,B,HP ProBook,28,Female,Finance,Accounts Executive,3,Full-time,22,93.2,1,2,0,79.1,0.591,62,56,6,70.9,0,0,4.0,14.8,1,0
ORG00170,B,HP ProBook,25,Female,IT,System Admin,2,Full-time,110,93.3,1,0,1,55.2,0.711,63,49,3,55.5,3,0,3.0,8.1,0,1
ORG03076,D,MacBook Pro,27,Male,Marketing,Content Specialist,2,Full-time,45,93.2,6,1,1,63.7,0.701,57,42,10,67.9,1,0,3.0,12.8,0,0
ORG03228,D,Lenovo ThinkPad,29,Male,Engineering,QA Analyst,3,Full-time,16,90.1,3,2,0,72.8,0.728,33,27,3,81.9,0,0,3.0,11.4,0,0
ORG03168,D,Lenovo ThinkPad,21,Female,Engineering,Software Engineer,2,Contract,5,89.4,2,3,0,64.9,0.828,46,35,6,82.8,1,0,4.0,26.0,1,0
ORG01587,A,HP ProBook,30,Male,Sales,Account Manager,4,Full-time,56,89.9,2,0,0,45.5,,48,34,5,54.0,1,2,2.0,26.4,4,0
ORG04101,D,HP ProBook,21,Female,Sales,Inside Sales Rep,1,Full-time,11,99.5,0,0,0,70.8,0.585,50,46,1,68.3,3,0,4.0,3.3,0,0
ORG01339,D,HP ProBook,34,Female,Marketing,Performance Marketer,4,Full-time,80,94.4,2,2,0,67.7,0.677,60,49,5,67.6,2,0,3.0,17.8,1,0
ORG04379,D,Lenovo ThinkPad,33,Female,Marketing,Performance Marketer,4,Full-time,42,97.1,1,2,1,74.7,0.936,75,63,10,92.4,0,0,4.0,17.0,3,0
ORG04284,D,HP ProBook,28,Male,Engineering,QA Analyst,2,Full-time,7,94.3,3,1,0,73.1,0.813,52,35,9,80.2,1,0,4.0,43.2,3,0
ORG02865,D,Dell Latitude,28,Female,Customer Support,Support Lead,2,Full-time,113,90.3,3,0,0,69.7,0.849,81,65,11,73.1,1,3,4.0,10.8,2,0
ORG03843,B,Lenovo ThinkPad,26,Female,Operations,Ops Lead,3,Full-time,11,100.0,2,2,0,82.1,0.669,103,97,11,63.9,0,0,4.0,12.6,1,0
ORG05675,D,Lenovo ThinkPad,30,Male,Customer Support,Support Associate,3,Full-time,44,98.6,0,1,0,57.8,0.546,63,48,4,78.7,0,0,5.0,12.1,1,0
ORG03461,B,Lenovo ThinkPad,25,Female,Customer Support,Support Associate,1,Full-time,4,98.2,1,0,0,41.2,0.695,83,68,3,46.7,2,0,4.0,30.7,1,0
ORG00211,A,Dell Latitude,30,Female,Operations,Process Analyst,2,Full-time,95,95.8,2,5,1,62.2,0.728,85,66,9,53.1,2,1,3.0,12.8,0,1
ORG04216,D,Dell Latitude,33,Male,Engineering,Data Analyst,4,Full-time,76,94.0,3,2,0,58.4,0.672,26,21,2,70.9,1,2,3.0,12.0,1,0
ORG05163,D,MacBook Pro,24,Male,Engineering,Data Analyst,2,Full-time,32,100.0,2,1,0,32.2,0.55,37,27,2,58.9,3,1,4.0,17.8,3,0
ORG04834,B,HP ProBook,35,Female,Finance,Finance Analyst,4,Contract,6,97.1,0,0,0,82.2,0.637,58,48,4,71.8,0,0,4.0,6.4,1,0
ORG04726,B,Dell Latitude,28,Male,Sales,Sales Executive,1,Full-time,86,92.3,5,1,3,76.0,0.82,41,32,6,72.7,2,0,4.0,3.4,1,1
ORG00074,C,Dell Latitude,24,Female,Sales,Sales Executive,2,Full-time,58,99.2,0,0,0,98.0,1.0,39,38,2,,0,0,5.0,6.4,1,0
ORG02795,C,MacBook Pro,27,Male,HR,Talent Acquisition,3,Full-time,77,93.8,0,1,0,50.8,0.602,41,29,4,53.9,1,0,2.0,30.8,4,0
ORG04234,D,Lenovo ThinkPad,21,Male,Finance,Accounts Executive,1,Full-time,118,88.4,3,6,0,69.6,0.78,40,27,5,79.6,1,1,4.0,13.0,1,0
ORG05454,B,Dell Latitude,26,Male,Engineering,QA Analyst,2,Full-time,60,92.7,1,1,3,71.3,0.511,39,26,4,55.2,4,2,2.0,4.2,0,0
ORG02923,C,Lenovo ThinkPad,30,Male,Engineering,Data Analyst,4,Contract,15,95.0,0,0,0,65.4,0.798,57,47,2,70.8,0,0,4.0,15.4,0,0
ORG05783,A,MacBook Pro,24,Female,Customer Support,Support Associate,1,Full-time,56,93.7,2,0,1,67.4,0.899,120,89,19,76.8,1,2,4.0,7.9,2,0
ORG03793,A,Dell Latitude,28,Male,Engineering,Software Engineer,3,Full-time,38,95.4,0,2,1,67.7,0.736,57,51,2,83.0,0,0,4.0,,0,0
ORG04601,B,HP ProBook,36,Male,Operations,Ops Associate,3,Full-time,109,90.9,3,3,0,65.6,0.768,90,71,11,59.3,2,1,4.0,26.3,5,0
ORG04145,B,MacBook Pro,24,Male,Customer Support,Support Associate,1,Full-time,54,95.2,2,1,0,49.4,0.384,92,59,7,63.4,2,2,2.0,21.3,2,0
ORG05296,D,Acer TravelMate,28,Female,Operations,Ops Lead,2,Full-time,80,89.0,1,0,0,50.8,0.786,82,64,12,77.8,2,0,4.0,19.8,1,0
ORG03694,C,HP ProBook,24,Female,Customer Support,Support Lead,2,Full-time,5,89.0,6,3,1,50.5,0.668,62,36,9,61.1,2,1,3.0,27.3,1,1
ORG05885,B,Lenovo ThinkPad,35,Female,Customer Support,Support Lead,4,Full-time,65,91.7,1,3,1,54.5,0.647,95,67,16,63.0,3,1,3.0,19.2,1,1
ORG02411,B,HP ProBook,22,Male,Operations,Process Analyst,2,Full-time,26,84.6,5,2,1,57.0,0.215,55,32,9,54.6,4,3,1.0,5.5,0,1
ORG01232,D,HP ProBook,29,Female,Operations,Ops Lead,4,Full-time,25,93.2,1,3,0,49.5,0.439,106,72,9,38.8,3,3,2.0,18.3,0,1
ORG03838,B,HP ProBook,34,Female,Engineering,Software Engineer,5,Full-time,20,99.3,1,0,0,45.0,0.422,64,55,4,48.3,1,2,3.0,15.6,4,1
ORG05596,A,HP ProBook,35,Female,Operations,Ops Lead,2,Full-time,112,92.2,2,1,0,65.9,0.636,107,85,18,72.6,0,1,3.0,15.0,0,0
ORG02997,C,Lenovo ThinkPad,26,Male,Operations,Ops Associate,3,Full-time,13,94.0,0,0,0,54.6,0.677,105,81,8,76.3,2,0,4.0,21.0,0,0
ORG02351,D,MacBook Pro,26,Female,Engineering,Software Engineer,4,Contract,15,93.5,2,3,1,98.0,0.941,27,21,4,87.3,2,0,3.0,24.0,1,0
ORG06174,A,HP ProBook,37,Male,Customer Support,Support Lead,4,Full-time,90,93.4,3,0,2,55.3,0.667,77,61,7,80.0,1,0,3.0,18.9,2,0
ORG01380,B,HP ProBook,24,Male,Customer Support,Support Lead,2,Contract,8,93.9,0,2,0,67.1,0.458,79,60,11,80.2,2,1,2.0,15.7,4,1
ORG03980,C,Dell Latitude,27,Male,Operations,Ops Lead,2,Full-time,32,94.2,2,0,0,49.2,0.385,61,48,5,49.4,2,2,2.0,19.5,0,1
ORG01966,C,Lenovo ThinkPad,26,Male,Engineering,QA Analyst,2,Full-time,81,99.0,1,0,0,61.9,0.642,49,40,6,40.5,2,0,3.0,20.9,1,1
ORG00114,A,Dell Latitude,29,Male,Operations,Process Analyst,2,Full-time,76,94.7,3,2,1,70.4,0.849,77,65,6,82.4,4,0,4.0,50.5,2,0
ORG05353,B,MacBook Pro,29,Female,Operations,Process Analyst,4,Contract,1,91.2,2,1,0,77.5,0.535,75,57,7,73.3,0,0,3.0,35.4,1,0
ORG04765,B,MacBook Pro,22,Male,Customer Support,Support Associate,2,Full-time,12,93.4,1,0,0,84.0,0.83,122,112,13,83.2,2,0,5.0,30.7,0,0
ORG01439,D,Dell Latitude,26,Female,Marketing,Marketing Executive,3,Full-time,34,92.1,2,3,0,64.7,0.662,66,55,5,48.2,3,2,3.0,16.7,1,1
ORG05797,B,Dell Latitude,30,Male,Customer Support,Support Lead,2,Full-time,74,90.7,1,1,0,80.4,0.846,87,67,10,76.7,0,0,4.0,21.9,3,0
ORG04351,A,Dell Latitude,30,Male,Engineering,Software Engineer,2,Full-time,91,91.8,3,2,0,86.6,0.856,24,20,2,80.2,1,0,5.0,6.5,0,0
ORG02777,B,Dell Latitude,27,Female,Operations,Process Analyst,3,Full-time,25,92.6,2,2,1,62.6,0.772,105,86,11,66.4,4,0,4.0,16.5,3,1
ORG03306,A,Lenovo ThinkPad,28,Male,Engineering,Data Analyst,3,Full-time,75,90.1,4,2,1,51.4,0.627,34,23,5,61.6,3,0,2.0,17.8,1,0
ORG02125,A,Acer TravelMate,23,Female,Sales,Sales Executive,1,Full-time,49,97.4,0,0,0,73.1,0.868,75,73,1,60.1,2,0,4.0,16.1,1,0
ORG00508,D,Acer TravelMate,31,Female,HR,HR Executive,3,Full-time,119,95.6,2,3,0,78.0,0.801,31,25,3,58.2,5,1,3.0,17.7,3,0
ORG02400,C,Dell Latitude,27,Male,Customer Support,Support Lead,3,Full-time,28,94.5,0,0,1,71.6,0.617,125,109,15,77.5,5,1,4.0,10.1,0,1
ORG01917,C,Dell Latitude,27,Male,Operations,Ops Associate,1,Full-time,28,92.3,2,0,1,75.2,0.853,53,40,8,67.8,3,1,4.0,3.2,0,0
ORG04356,A,Dell Latitude,29,Male,Operations,Process Analyst,2,Contract,2,99.5,1,1,0,59.6,0.543,83,63,6,51.9,5,1,2.0,23.0,0,1
ORG04561,C,HP ProBook,24,Female,IT,IT Support,3,Full-time,29,90.7,1,0,0,72.5,0.572,71,59,5,78.3,1,0,3.0,31.1,2,0
ORG04422,D,Lenovo ThinkPad,35,Female,Engineering,DevOps Engineer,5,Full-time,66,95.0,1,1,0,81.1,0.765,30,26,4,78.7,1,0,4.0,25.8,3,0
ORG02073,A,Lenovo ThinkPad,29,Female,Sales,Sales Executive,2,Full-time,97,,0,0,1,48.0,0.352,58,39,7,48.3,2,1,1.0,40.0,0,0
ORG03945,C,HP ProBook,38,Female,Engineering,Data Scientist,4,Full-time,108,100.0,0,0,0,74.7,1.0,64,60,2,80.4,1,0,5.0,40.6,3,0
ORG00253,A,Lenovo ThinkPad,33,Female,Customer Support,Support Lead,3,Full-time,57,100.0,1,0,0,51.4,0.674,143,117,13,46.4,4,3,4.0,16.2,2,0
ORG02679,B,HP ProBook,27,Female,Finance,Accounts Executive,2,Full-time,68,96.2,1,3,0,49.3,0.624,32,25,2,48.5,3,1,2.0,9.3,0,1
ORG05378,C,Lenovo ThinkPad,29,Female,Finance,Finance Analyst,3,Full-time,80,99.3,0,1,0,83.6,0.815,32,27,0,68.8,2,2,5.0,14.9,1,0
ORG00351,B,Lenovo ThinkPad,33,Female,Operations,Process Analyst,4,Full-time,78,96.9,1,1,0,92.6,0.821,55,46,6,86.3,1,0,5.0,17.2,0,0
ORG03096,A,MacBook Pro,37,Male,Engineering,DevOps Engineer,5,Full-time,69,100.0,0,0,0,45.6,0.626,27,24,0,52.6,2,0,4.0,17.2,2,0
ORG04913,D,Dell Latitude,26,Female,Sales,Sales Executive,3,Full-time,8,88.4,1,4,2,70.4,0.707,68,54,13,66.5,2,1,4.0,24.6,1,0
ORG05197,B,MacBook Pro,24,Female,Customer Support,Support Lead,2,Full-time,12,93.5,1,3,0,53.5,0.526,125,91,18,66.0,2,0,2.0,11.0,1,1
ORG00458,D,Dell Latitude,26,Female,Customer Support,Support Lead,2,Full-time,105,87.3,4,2,0,84.6,1.0,77,64,11,82.1,1,1,5.0,31.1,2,1
ORG03564,C,HP ProBook,21,Female,Engineering,Software Engineer,2,Full-time,33,90.4,3,1,0,96.0,0.669,31,25,2,74.4,2,0,3.0,20.5,0,0
ORG00480,C,Dell Latitude,29,Female,Customer Support,Support Associate,3,Full-time,111,91.8,3,2,1,67.7,0.771,70,50,10,72.4,1,1,3.0,8.6,2,0
ORG01115,D,MacBook Pro,21,Male,IT,System Admin,2,Full-time,34,94.4,0,1,0,93.4,,63,61,7,95.4,0,1,5.0,3.7,0,0
ORG00799,D,Lenovo ThinkPad,31,Male,Finance,Finance Analyst,2,Full-time,11,94.4,4,1,1,46.5,0.654,66,48,7,64.5,6,1,3.0,6.3,0,0
ORG04439,B,Lenovo ThinkPad,25,Female,Sales,Inside Sales Rep,1,Full-time,96,96.6,0,0,0,79.8,0.617,49,44,1,76.0,2,0,3.0,4.9,1,0
ORG00299,C,MacBook Pro,34,Female,Finance,Finance Analyst,4,Full-time,117,95.1,1,1,1,85.6,0.912,35,27,5,74.2,2,1,5.0,19.2,1,0
ORG02856,D,HP ProBook,21,Male,Marketing,Performance Marketer,2,Contract,6,95.3,3,1,1,71.3,0.775,32,25,2,74.2,2,0,2.0,6.4,1,0
ORG03222,A,HP ProBook,24,Other,HR,Talent Acquisition,2,Full-time,32,91.1,3,2,0,76.6,0.75,20,15,2,80.7,1,0,4.0,8.3,0,0
ORG00027,C,Dell Latitude,34,Female,Customer Support,Support Associate,3,Full-time,89,95.6,3,0,0,45.0,0.869,135,110,13,57.5,1,1,4.0,17.2,2,0
ORG05632,A,Acer TravelMate,34,Male,Engineering,DevOps Engineer,3,Full-time,23,89.5,2,4,0,69.0,0.621,42,32,5,62.5,0,1,3.0,17.5,0,1
ORG02964,A,Lenovo ThinkPad,32,Male,Operations,Process Analyst,2,Full-time,113,93.6,1,4,0,80.7,0.814,49,41,8,88.3,1,0,4.0,4.7,2,0
ORG04334,D,MacBook Pro,26,Female,Customer Support,Support Associate,1,Full-time,71,97.6,1,1,1,60.8,0.634,66,52,1,66.9,2,1,4.0,4.3,0,1
ORG03668,A,Dell Latitude,30,Female,Engineering,QA Analyst,3,Full-time,100,,2,1,0,62.1,0.658,22,18,2,70.7,3,1,3.0,28.2,1,0
ORG05485,A,HP ProBook,26,Other,Marketing,Marketing Executive,1,Full-time,91,97.4,1,0,1,51.0,0.384,20,15,1,52.6,3,0,2.0,14.6,0,0
ORG01288,D,Dell Latitude,32,Male,Sales,Inside Sales Rep,3,Contract,17,92.9,3,3,2,55.2,0.751,71,47,9,54.8,2,2,2.0,11.6,0,1
ORG01282,A,Lenovo ThinkPad,36,Male,Customer Support,Support Associate,3,Full-time,100,100.0,0,0,0,82.9,0.688,116,113,1,89.0,1,1,5.0,21.1,1,0
ORG00230,B,MacBook Pro,30,Male,Engineering,Software Engineer,2,Full-time,62,96.1,1,0,0,98.0,0.97,35,32,1,91.5,1,0,4.0,13.7,2,0
ORG02945,A,HP ProBook,29,Female,Sales,Inside Sales Rep,2,Full-time,23,96.5,1,3,1,58.2,0.642,40,27,4,70.1,0,1,3.0,22.6,1,0
ORG02500,A,Lenovo ThinkPad,28,Male,Customer Support,Support Associate,2,Full-time,12,84.8,8,1,0,45.6,0.425,104,53,21,41.6,1,1,1.0,13.0,1,1
ORG04363,D,Dell Latitude,24,Female,Operations,Ops Associate,2,Contract,12,100.0,1,0,0,57.3,0.504,88,74,4,60.5,1,0,4.0,21.8,2,0
ORG02358,A,Lenovo ThinkPad,23,Female,Customer Support,Support Associate,2,Contract,16,93.7,0,1,0,59.6,0.621,125,95,14,53.9,2,6,3.0,7.8,0,1
ORG04002,B,Dell Latitude,24,Female,Sales,Sales Executive,1,Contract,5,93.7,1,1,0,51.9,0.666,58,39,5,57.9,2,2,4.0,10.8,1,0
ORG05423,D,Dell Latitude,31,Male,Finance,Finance Analyst,3,Full-time,33,95.4,0,0,0,75.8,0.597,74,58,8,48.8,1,2,3.0,20.2,3,0
ORG04959,C,Lenovo ThinkPad,30,Male,Sales,Inside Sales Rep,2,Full-time,51,88.6,3,3,0,65.7,0.562,78,55,9,76.0,1,0,3.0,19.4,0,0
ORG03825,C,Dell Latitude,26,Other,Finance,Accounts Executive,2,Full-time,16,99.0,1,2,0,51.2,0.587,54,41,5,62.6,6,3,3.0,29.7,1,1
ORG04773,C,HP ProBook,44,Male,Engineering,DevOps Engineer,5,Full-time,46,91.4,1,2,0,68.9,0.692,34,25,4,60.6,1,0,4.0,16.4,1,0
ORG02610,C,Dell Latitude,35,Female,Sales,Account Manager,2,Full-time,71,96.3,0,1,0,62.5,0.643,44,40,2,74.4,1,1,3.0,10.5,1,0
ORG03269,A,HP ProBook,21,Male,IT,IT Support,1,Full-time,11,96.5,2,2,2,44.0,0.607,43,29,3,51.8,2,0,2.0,18.3,1,1
ORG05930,B,Lenovo ThinkPad,32,Male,Engineering,Data Analyst,3,Full-time,120,93.8,3,0,1,98.0,0.817,42,36,5,76.5,0,0,3.0,13.3,2,0
ORG04199,A,MacBook Pro,37,Male,Engineering,QA Analyst,4,Full-time,65,94.0,3,4,0,49.0,0.481,39,27,5,53.6,2,1,2.0,40.6,2,1
ORG01615,C,HP ProBook,30,Male,HR,HR Executive,2,Full-time,38,100.0,1,0,0,69.2,0.681,37,28,3,59.5,3,0,4.0,20.8,1,0
ORG05114,B,Dell Latitude,29,Male,Marketing,Performance Marketer,2,Full-time,92,92.2,1,2,0,83.3,0.761,25,18,3,63.1,2,0,3.0,33.8,1,0
ORG00608,A,Dell Latitude,32,Female,Engineering,QA Analyst,3,Full-time,72,94.6,1,1,0,66.0,0.596,55,47,4,66.0,0,0,3.0,26.5,2,0
ORG05991,B,Acer TravelMate,26,Female,Engineering,Software Engineer,2,Full-time,15,92.7,3,0,0,48.3,0.499,40,26,5,56.4,3,1,2.0,38.7,1,0
ORG04801,C,Acer TravelMate,34,Female,Customer Support,Support Associate,2,Full-time,111,95.1,0,1,0,92.1,0.645,139,129,13,78.8,3,1,5.0,26.0,4,0
ORG05182,B,Dell Latitude,38,Female,Sales,Sales Executive,3,Full-time,36,93.2,3,4,0,69.6,0.707,52,40,6,54.5,3,1,5.0,18.2,3,1
ORG02887,A,Lenovo ThinkPad,30,Male,Engineering,QA Analyst,3,Full-time,87,95.5,2,2,0,67.1,0.749,26,23,3,69.5,2,0,3.0,15.8,2,0
ORG03830,A,Dell Latitude,34,Male,Operations,Ops Lead,4,Contract,17,97.5,2,2,1,73.3,0.549,91,64,5,69.4,1,0,2.0,18.2,1,0
ORG02848,D,MacBook Pro,30,Male,Engineering,DevOps Engineer,3,Full-time,24,97.5,0,0,0,75.3,0.743,58,53,1,67.3,4,0,4.0,14.0,2,0
ORG05108,C,HP ProBook,29,Female,Sales,Inside Sales Rep,1,Full-time,109,99.0,1,1,0,75.8,0.782,75,64,3,65.2,3,1,3.0,20.5,2,1
ORG06205,A,Lenovo ThinkPad,31,Male,Engineering,QA Analyst,3,Full-time,22,98.4,1,1,1,62.0,0.895,51,43,2,77.5,1,1,5.0,11.5,0,0
ORG05191,A,Dell Latitude,27,Female,Operations,Ops Lead,2,Full-time,30,97.3,0,0,0,66.3,0.764,72,64,8,60.9,5,0,4.0,27.2,2,0
ORG04970,A,HP ProBook,26,Female,Operations,Ops Lead,2,Contract,9,92.8,3,2,0,73.1,0.757,60,51,6,79.5,2,0,3.0,19.2,0,0
ORG00204,A,Lenovo ThinkPad,34,Male,Engineering,DevOps Engineer,4,Contract,3,92.0,2,2,1,69.3,0.92,42,30,8,72.4,2,0,3.0,26.4,0,0
ORG00340,C,Dell Latitude,23,Female,Marketing,Marketing Executive,1,Full-time,24,100.0,0,1,0,49.9,0.454,29,23,1,59.7,2,0,2.0,14.3,0,0
ORG05804,A,Lenovo ThinkPad,28,Female,Operations,Process Analyst,2,Full-time,18,96.6,1,1,0,65.6,0.743,75,57,7,71.2,1,1,3.0,30.4,2,0
ORG00838,C,Acer TravelMate,28,Male,IT,System Admin,3,Contract,2,95.5,2,3,0,47.4,0.613,41,30,5,62.2,2,1,2.0,6.1,1,0
ORG05403,D,MacBook Pro,31,Male,Sales,Sales Executive,2,Full-time,72,93.7,0,2,2,59.8,0.607,35,29,4,72.3,1,2,4.0,15.0,0,0
ORG04308,C,Dell Latitude,29,Male,Sales,Inside Sales Rep,3,Full-time,76,100.0,0,0,0,55.4,0.641,76,61,5,61.6,2,1,3.0,17.9,1,0
ORG00388,D,Dell Latitude,31,Female,IT,System Admin,4,Full-time,62,95.6,0,1,0,76.8,0.805,77,63,5,69.3,3,0,,14.8,0,0
ORG03899,C,Lenovo ThinkPad,25,Female,Engineering,QA Analyst,2,Full-time,86,100.0,0,1,0,71.1,0.806,35,30,1,78.2,2,0,4.0,21.5,0,0
ORG06121,A,Lenovo ThinkPad,29,Male,Engineering,Software Engineer,2,Contract,17,94.6,3,1,2,56.4,0.778,26,19,3,67.0,2,1,4.0,2.6,2,0
ORG05459,B,HP ProBook,32,Male,Engineering,Data Scientist,4,Full-time,38,92.4,1,0,0,49.3,0.629,52,35,6,62.0,4,1,2.0,18.3,0,1
ORG03238,D,Dell Latitude,27,Male,Sales,Inside Sales Rep,2,Full-time,32,93.2,1,1,1,72.5,0.964,48,40,4,80.9,1,2,5.0,13.3,1,0
ORG01610,C,HP ProBook,24,Female,Customer Support,Support Lead,3,Full-time,77,93.2,4,1,0,70.8,0.677,106,84,15,81.2,2,1,4.0,17.0,0,0
ORG02846,D,Dell Latitude,31,Male,Operations,Ops Lead,3,Full-time,52,96.9,0,2,0,97.1,0.956,109,99,10,86.1,1,0,5.0,9.6,1,0
ORG05362,A,Lenovo ThinkPad,23,Female,Engineering,QA Analyst,2,Full-time,64,97.7,2,0,0,81.3,0.874,46,40,1,,1,0,4.0,12.8,1,0
ORG03823,A,Acer TravelMate,26,Female,Customer Support,Support Associate,1,Contract,4,93.5,0,0,0,52.9,0.402,80,69,8,53.0,3,1,3.0,67.3,3,0
ORG05177,D,Dell Latitude,25,Female,Engineering,QA Analyst,2,Full-time,37,91.2,3,3,1,69.4,0.538,44,28,8,52.5,3,3,2.0,9.1,1,1
ORG03232,A,Dell Latitude,35,Male,Engineering,Data Scientist,5,Full-time,68,97.3,3,0,0,62.4,0.913,40,35,5,90.5,0,0,3.0,22.3,3,0
ORG03383,B,Lenovo ThinkPad,25,Male,Marketing,Marketing Executive,1,Full-time,56,94.4,2,4,0,53.0,0.687,47,37,5,60.6,2,0,3.0,24.9,1,0
ORG02643,C,HP ProBook,33,Male,Operations,Ops Associate,1,Full-time,111,96.4,1,1,0,67.3,0.61,87,64,7,63.7,3,1,4.0,5.1,1,0
ORG06067,A,HP ProBook,33,Female,Customer Support,Support Associate,3,Full-time,48,91.3,1,0,2,67.9,0.573,87,66,13,70.6,1,2,3.0,11.5,0,0
ORG05791,A,Dell Latitude,26,Male,HR,HR Executive,1,Full-time,11,98.7,0,1,0,51.8,0.507,18,13,1,62.9,6,2,3.0,8.9,0,0
ORG02226,B,Lenovo ThinkPad,26,Female,Sales,Inside Sales Rep,3,Contract,12,96.5,1,3,0,98.0,0.846,62,57,4,97.5,0,0,5.0,10.7,0,0
ORG03911,A,Dell Latitude,27,Male,Customer Support,Support Associate,1,Full-time,18,94.5,1,1,0,59.1,0.523,88,63,11,49.0,0,1,3.0,19.5,3,1
ORG00678,A,Acer TravelMate,28,Male,Customer Support,Support Lead,3,Contract,11,90.8,4,6,2,70.9,0.647,90,57,17,73.6,2,3,2.0,7.8,2,0
ORG05516,C,Lenovo ThinkPad,26,Male,IT,IT Support,2,Full-time,109,100.0,0,0,0,48.7,0.429,43,41,1,73.1,1,0,,8.9,1,0
ORG04889,B,Dell Latitude,29,Female,Sales,Account Manager,2,Full-time,7,97.1,0,0,0,71.5,0.911,43,41,0,78.8,1,1,5.0,13.0,0,0
ORG04267,C,HP ProBook,25,Male,Customer Support,Support Lead,3,Full-time,21,97.1,1,3,1,45.9,0.469,103,69,12,56.6,4,1,2.0,46.8,2,1
ORG00062,B,Dell Latitude,27,Male,Customer Support,Support Associate,1,Full-time,107,87.3,2,5,2,54.2,0.818,98,68,14,65.2,3,0,3.0,40.8,3,1
ORG01895,C,Lenovo ThinkPad,32,Male,Sales,Account Manager,3,Full-time,44,93.6,1,2,0,60.8,0.48,44,33,4,71.5,2,1,2.0,21.2,3,0
ORG05038,C,Lenovo ThinkPad,22,Male,Engineering,Software Engineer,2,Full-time,107,96.5,1,1,1,62.7,0.706,38,32,2,62.8,4,3,4.0,15.9,2,0
ORG04352,D,Lenovo ThinkPad,34,Female,Engineering,DevOps Engineer,4,Full-time,88,96.8,2,0,0,92.9,0.877,31,28,2,68.2,0,0,4.0,19.2,1,0
ORG03205,A,Lenovo ThinkPad,21,Male,Marketing,Content Specialist,1,Full-time,52,92.1,1,1,0,59.3,0.492,20,14,2,52.0,1,1,2.0,6.3,2,1
ORG04054,D,Acer TravelMate,24,Female,Customer Support,Support Lead,2,Contract,4,83.7,2,3,0,57.7,0.719,83,61,13,58.3,3,1,2.0,29.0,1,1
ORG00791,C,HP ProBook,35,Male,Engineering,QA Analyst,3,Full-time,19,94.2,0,2,0,75.2,0.916,54,44,4,85.4,1,0,3.0,19.8,5,0
ORG01804,B,Dell Latitude,29,Male,Operations,Process Analyst,4,Full-time,18,87.0,2,2,3,70.7,0.673,88,56,15,58.0,0,1,3.0,17.4,0,1
ORG06073,B,Acer TravelMate,34,Female,Engineering,Data Scientist,5,Full-time,35,91.9,3,3,0,93.1,0.888,45,40,6,85.1,0,0,5.0,37.6,0,0
ORG05719,C,Lenovo ThinkPad,38,Female,Engineering,Software Engineer,4,Full-time,117,94.6,2,1,0,70.4,0.78,30,28,1,63.8,2,1,4.0,10.0,0,0
ORG03485,A,Lenovo ThinkPad,24,Female,Operations,Ops Lead,2,Full-time,24,97.7,1,0,0,78.0,1.0,48,43,4,87.8,0,0,5.0,14.7,1,0
ORG05058,A,Dell Latitude,35,Male,Customer Support,Support Lead,4,Full-time,104,97.8,0,1,1,43.5,0.594,99,70,8,60.4,2,1,3.0,23.2,1,1
ORG06113,C,HP ProBook,27,Female,Sales,Inside Sales Rep,2,Full-time,119,94.4,0,2,1,89.5,0.85,37,33,2,81.2,1,0,3.0,26.9,1,0
ORG05871,D,MacBook Pro,33,Female,Operations,Process Analyst,3,Full-time,70,93.4,1,0,1,84.2,0.778,56,46,8,69.5,1,0,5.0,30.5,4,0
ORG01360,B,HP ProBook,28,Male,Engineering,QA Analyst,3,Full-time,75,92.4,2,0,0,76.4,0.869,20,17,2,81.8,0,0,4.0,9.7,3,0
ORG03051,C,Lenovo ThinkPad,31,Male,Marketing,Marketing Executive,2,Full-time,35,98.2,0,2,0,77.0,0.607,49,40,2,69.3,2,1,4.0,19.3,1,0
ORG05415,B,Acer TravelMate,29,Male,Finance,Accounts Executive,3,Contract,8,93.1,1,1,0,80.5,1.0,30,27,3,75.6,2,0,5.0,7.8,1,0
ORG05213,B,HP ProBook,24,Male,IT,System Admin,2,Full-time,60,96.0,1,2,0,57.6,0.885,40,36,2,80.5,2,0,4.0,16.6,1,0
ORG04263,B,Lenovo ThinkPad,30,Male,Sales,Account Manager,4,Full-time,14,95.2,2,1,0,81.0,0.621,57,53,4,90.6,1,0,4.0,13.8,1,0
ORG04709,C,HP ProBook,30,Male,Engineering,Software Engineer,4,Contract,5,96.8,0,1,0,71.0,0.675,51,41,2,61.0,6,0,3.0,13.6,0,0
ORG00734,A,Dell Latitude,23,Male,Sales,Inside Sales Rep,2,Full-time,10,93.9,0,2,0,52.2,0.523,53,35,4,46.9,1,0,2.0,15.4,1,1
ORG06210,B,HP ProBook,29,Female,HR,Talent Acquisition,2,Full-time,90,99.7,0,0,0,69.6,0.572,43,38,0,67.7,1,0,4.0,13.2,0,0
ORG05157,B,Dell Latitude,21,Female,Sales,Sales Executive,2,Contract,10,100.0,1,0,0,62.2,0.682,39,32,0,56.8,3,0,4.0,1.9,0,0
ORG04782,A,Dell Latitude,24,Female,IT,System Admin,2,Full-time,8,94.3,2,3,0,85.0,0.904,52,45,5,70.3,1,0,4.0,20.9,2,0
ORG01261,A,Lenovo ThinkPad,27,Male,Engineering,QA Analyst,3,Full-time,48,94.6,1,2,0,72.5,0.728,46,41,8,70.2,0,0,3.0,9.9,0,0
ORG05356,C,Acer TravelMate,23,Female,Marketing,Marketing Executive,1,Contract,6,87.9,1,6,0,58.7,0.553,58,35,12,64.9,1,2,2.0,12.8,1,1
ORG02188,C,Lenovo ThinkPad,26,Female,Operations,Ops Lead,2,Full-time,29,93.9,3,0,1,50.4,0.594,88,60,12,56.8,5,1,3.0,22.5,0,1
ORG02572,B,Lenovo ThinkPad,22,Male,Customer Support,Support Associate,2,Full-time,82,99.5,1,0,0,75.9,0.735,83,73,5,68.6,3,0,5.0,30.0,1,0
ORG01544,B,Acer TravelMate,39,Male,Engineering,DevOps Engineer,4,Full-time,95,96.7,1,0,0,80.2,0.622,35,29,2,72.4,2,2,5.0,16.0,1,0
ORG00528,C,MacBook Pro,32,Male,IT,System Admin,4,Full-time,28,89.1,6,4,1,73.6,1.0,68,52,13,85.4,0,0,4.0,19.6,0,0
ORG04815,D,MacBook Pro,24,Female,Customer Support,Support Associate,1,Full-time,5,89.5,0,1,0,46.8,0.628,127,79,23,40.1,6,1,2.0,1.8,0,1
ORG02886,A,HP ProBook,32,Male,Sales,Account Manager,3,Full-time,92,94.1,0,0,0,62.1,0.742,44,36,0,64.3,1,1,5.0,18.0,2,0
ORG01955,D,HP ProBook,26,Male,Marketing,Content Specialist,1,Full-time,119,95.4,1,0,1,60.9,0.47,46,38,1,61.8,1,1,3.0,33.8,0,0
ORG01469,D,Lenovo ThinkPad,25,Female,Finance,Finance Analyst,3,Full-time,3,99.0,0,0,0,68.3,0.873,37,36,1,99.0,1,0,4.0,14.3,0,0
ORG02597,B,Dell Latitude,27,Male,Engineering,Data Analyst,4,Full-time,56,92.0,1,5,0,74.1,0.827,42,35,6,82.7,3,0,5.0,35.8,2,0
ORG04085,C,Dell Latitude,38,Male,Customer Support,Support Associate,2,Full-time,97,96.4,1,0,0,70.8,0.759,101,79,7,76.0,2,2,4.0,6.7,0,0
ORG02019,B,Dell Latitude,33,Female,Operations,Process Analyst,3,Contract,15,93.4,0,1,0,51.4,0.67,64,51,5,71.8,1,3,2.0,6.3,0,0
ORG02415,A,MacBook Pro,21,Male,Customer Support,Support Associate,1,Full-time,13,92.4,1,1,0,43.1,0.458,119,60,22,45.9,3,3,1.0,25.0,0,1
ORG05385,D,Lenovo ThinkPad,25,Male,Sales,Sales Executive,3,Full-time,7,90.7,2,3,2,69.6,0.768,74,63,15,72.6,1,1,3.0,15.8,1,0
ORG01781,B,Dell Latitude,27,Male,Engineering,DevOps Engineer,3,Contract,17,90.2,3,0,3,75.3,0.674,33,24,5,71.6,4,1,2.0,7.8,0,1
ORG04885,D,Dell Latitude,28,Male,HR,Talent Acquisition,2,Full-time,65,93.1,2,0,0,73.2,0.665,62,50,7,70.7,2,2,3.0,17.2,0,1
ORG05571,D,Dell Latitude,31,Male,Engineering,Software Engineer,2,Full-time,110,97.9,1,2,0,71.1,0.619,53,37,7,73.6,1,1,3.0,7.9,0,0
ORG00804,D,HP ProBook,24,Female,Operations,Process Analyst,3,Full-time,9,94.6,0,1,0,54.8,0.288,85,68,6,40.8,5,1,2.0,9.3,0,1
ORG00858,B,HP ProBook,21,Male,Marketing,Marketing Executive,1,Contract,17,93.1,1,3,0,64.1,0.765,41,31,5,63.4,2,0,4.0,0.4,0,1
ORG01600,C,HP ProBook,36,Female,Sales,Inside Sales Rep,3,Contract,11,96.5,0,0,0,63.7,0.717,42,39,2,67.2,1,0,4.0,6.0,0,0
ORG02300,D,Lenovo ThinkPad,32,Female,Finance,Finance Analyst,4,Full-time,49,97.5,0,0,0,52.0,0.26,23,16,2,64.2,2,2,2.0,17.1,3,1
ORG05538,C,Dell Latitude,25,Female,Operations,Process Analyst,2,Contract,13,95.8,0,3,0,61.7,0.556,108,83,9,52.2,2,3,2.0,30.4,1,0
ORG03091,A,HP ProBook,24,Female,Marketing,Content Specialist,1,Full-time,47,100.0,0,1,0,66.6,0.748,56,47,3,65.5,1,0,3.0,5.7,0,0
ORG01424,A,HP ProBook,25,Male,Sales,Inside Sales Rep,1,Full-time,63,97.4,2,3,1,66.7,0.83,47,40,4,63.6,0,1,3.0,10.2,1,0
ORG04919,B,Dell Latitude,25,Female,Marketing,Marketing Executive,2,Contract,10,91.8,0,0,0,54.3,0.491,52,39,5,54.3,4,1,3.0,6.3,1,0
ORG01466,C,Dell Latitude,30,Female,Operations,Ops Associate,2,Full-time,6,,5,2,0,75.1,0.658,60,46,10,66.2,0,2,3.0,40.2,3,0
ORG01962,C,MacBook Pro,24,Male,Customer Support,Support Associate,1,Full-time,43,94.4,1,2,1,70.5,0.675,81,69,9,69.9,0,0,4.0,8.7,0,0
ORG00220,C,Lenovo ThinkPad,31,Female,Sales,Inside Sales Rep,1,Full-time,109,96.3,1,0,0,60.6,0.7,65,56,6,76.0,0,0,4.0,18.6,0,0
ORG04918,B,Acer TravelMate,24,Female,Operations,Ops Associate,1,Contract,9,92.1,4,1,0,53.2,0.528,58,41,8,61.1,3,1,1.0,25.3,0,0
ORG01289,C,HP ProBook,34,Male,Customer Support,Support Lead,2,Full-time,91,96.1,1,1,0,69.7,0.775,117,92,11,68.7,0,1,3.0,12.2,3,0
ORG01116,D,Dell Latitude,29,Female,Engineering,Data Analyst,2,Full-time,52,89.6,1,1,0,54.4,0.611,27,18,5,58.8,1,0,2.0,16.5,2,1
ORG00583,A,Lenovo ThinkPad,35,Male,Engineering,QA Analyst,4,Full-time,115,96.5,1,1,0,30.5,0.44,35,26,2,51.6,2,1,3.0,15.4,1,0
ORG05196,A,HP ProBook,37,Male,IT,System Admin,3,Full-time,118,97.9,1,2,0,79.2,0.773,45,35,3,84.8,0,0,4.0,20.2,1,0
ORG01565,B,Dell Latitude,22,Male,Finance,Accounts Executive,1,Full-time,87,100.0,0,1,1,57.6,0.636,58,41,6,63.4,4,2,3.0,14.9,0,0
ORG00044,C,Dell Latitude,30,Female,Sales,Sales Executive,2,Full-time,104,88.3,2,2,1,65.0,0.704,73,58,8,91.4,1,0,3.0,13.8,0,0
ORG03115,C,HP ProBook,31,Male,Customer Support,Support Lead,3,Full-time,36,92.1,1,0,0,64.3,0.802,99,81,10,57.2,0,2,3.0,43.8,2,0
ORG03997,D,Dell Latitude,27,Male,Engineering,QA Analyst,2,Full-time,18,92.7,3,0,0,75.5,0.542,38,30,6,60.5,4,0,2.0,23.3,1,0
ORG02032,D,Dell Latitude,25,Female,Customer Support,Support Associate,2,Full-time,56,99.3,0,0,0,69.4,0.599,97,84,4,61.6,3,0,3.0,10.4,1,0
ORG02663,C,Acer TravelMate,22,Female,Sales,Sales Executive,1,Full-time,40,89.7,1,2,0,64.7,0.652,52,39,6,63.2,2,0,4.0,26.0,1,0
ORG01745,D,Dell Latitude,28,Male,Finance,Accounts Executive,3,Full-time,8,94.8,3,1,0,58.3,0.726,31,24,3,64.1,4,0,2.0,20.5,2,1
ORG05470,B,Dell Latitude,37,Male,Engineering,Software Engineer,5,Full-time,62,93.2,3,1,3,83.3,0.714,62,53,6,61.4,2,0,4.0,12.8,0,0
ORG01979,A,Lenovo ThinkPad,28,Male,Finance,Accounts Executive,2,Full-time,99,100.0,1,0,0,76.9,0.87,21,20,0,78.4,3,0,5.0,22.6,1,0
ORG02143,B,Dell Latitude,24,Male,Finance,Accounts Executive,2,Full-time,88,93.9,0,2,0,59.4,0.584,54,42,5,61.5,1,1,4.0,34.0,4,0
ORG05036,C,Dell Latitude,29,Female,Engineering,Data Analyst,2,Full-time,108,94.1,1,2,1,41.7,0.452,32,24,4,64.7,3,1,2.0,22.6,0,1
ORG01453,A,Acer TravelMate,28,Female,Marketing,Marketing Executive,1,Full-time,28,98.6,1,1,0,50.4,0.68,27,23,1,55.0,2,0,4.0,56.2,3,0
ORG02930,A,Dell Latitude,29,Male,Operations,Ops Lead,2,Full-time,111,96.5,2,0,0,68.6,0.637,71,58,4,61.1,3,2,3.0,11.0,0,0
ORG04562,C,Acer TravelMate,31,Female,Sales,Account Manager,3,Full-time,49,97.0,3,3,0,80.7,0.887,78,61,10,84.7,0,0,4.0,20.5,0,0
ORG05523,B,HP ProBook,23,Female,Customer Support,Support Associate,1,Full-time,76,89.8,2,0,0,35.7,0.32,82,53,11,52.9,1,0,1.0,3.2,1,1
ORG01225,C,Dell Latitude,31,Male,Engineering,QA Analyst,3,Full-time,71,94.6,2,1,0,28.7,0.542,36,27,4,57.2,2,0,2.0,7.9,0,0
ORG03607,B,Acer TravelMate,38,Female,Engineering,DevOps Engineer,4,Full-time,11,91.5,1,3,0,86.3,0.849,37,33,5,73.6,2,0,4.0,46.1,3,0
ORG05780,D,Dell Latitude,30,Male,Engineering,Data Scientist,4,Contract,7,100.0,0,0,0,65.8,0.573,45,42,2,66.0,3,2,3.0,5.1,0,1
ORG01072,C,MacBook Pro,26,Male,Operations,Ops Lead,3,Contract,15,98.3,3,0,1,79.0,0.899,116,93,12,86.3,0,0,5.0,6.6,0,0
ORG00719,D,HP ProBook,30,Male,Operations,Ops Associate,2,Full-time,20,93.5,5,1,2,88.0,0.736,49,42,7,75.8,1,0,4.0,25.0,0,0
ORG05990,D,HP ProBook,21,Female,Customer Support,Support Associate,1,Full-time,28,100.0,0,0,0,57.6,0.468,55,45,1,67.6,2,0,3.0,13.1,0,0
ORG04578,B,Lenovo ThinkPad,25,Male,Engineering,Data Scientist,3,Full-time,21,92.8,2,1,0,66.4,0.75,37,27,3,67.6,6,6,4.0,17.8,1,0
ORG01506,D,Lenovo ThinkPad,27,Female,Customer Support,Support Lead,2,Full-time,11,94.0,1,3,0,85.3,0.572,79,58,11,74.4,1,0,3.0,15.9,3,0
ORG04349,B,Dell Latitude,31,Male,Customer Support,Support Associate,3,Full-time,18,97.7,2,2,0,55.4,0.552,72,60,7,63.6,1,1,3.0,11.3,0,0
ORG00671,B,HP ProBook,28,Male,Engineering,Software Engineer,4,Contract,8,95.8,1,0,0,86.8,0.882,52,44,5,68.4,3,0,4.0,14.9,1,0
ORG00348,D,HP ProBook,27,Male,Sales,Inside Sales Rep,3,Full-time,28,95.1,0,5,2,77.4,0.757,40,37,2,97.6,1,0,3.0,10.5,0,0
ORG03470,C,Dell Latitude,30,Female,IT,System Admin,2,Full-time,91,93.3,2,0,0,71.5,0.759,41,31,4,69.2,1,1,4.0,19.0,1,0
ORG05988,B,Lenovo ThinkPad,31,Male,Sales,Inside Sales Rep,2,Full-time,104,98.8,1,1,1,73.6,0.701,73,55,4,74.1,1,1,4.0,22.4,1,0
ORG05046,C,HP ProBook,37,Female,IT,IT Support,3,Full-time,111,93.1,0,2,1,89.8,0.596,28,24,2,84.8,3,0,3.0,9.6,0,0
ORG03236,B,Lenovo ThinkPad,33,Female,Engineering,Software Engineer,4,Full-time,11,93.7,5,1,2,65.5,0.742,47,39,6,58.2,1,2,3.0,12.3,1,0
ORG00898,D,Dell Latitude,32,Male,Engineering,QA Analyst,3,Full-time,84,100.0,0,0,0,46.5,0.505,45,38,1,61.5,1,1,2.0,13.4,0,1
ORG01259,C,MacBook Pro,35,Female,Customer Support,Support Lead,4,Full-time,67,97.1,1,1,0,47.8,0.772,97,81,18,57.2,2,0,3.0,27.8,2,0
ORG03781,C,Lenovo ThinkPad,31,Male,Engineering,DevOps Engineer,4,Full-time,19,92.4,3,1,0,67.0,0.458,25,15,3,52.4,6,3,2.0,13.2,2,0
ORG00096,C,MacBook Pro,27,Female,Operations,Process Analyst,2,Full-time,45,98.7,1,0,1,57.6,0.649,82,63,8,60.9,2,0,2.0,27.1,0,1
ORG04236,A,Lenovo ThinkPad,31,Male,Engineering,Data Analyst,3,Full-time,104,100.0,4,2,0,43.1,0.514,42,29,2,50.9,5,1,3.0,22.2,1,0
ORG02992,A,HP ProBook,29,Male,HR,HR Executive,2,Full-time,77,97.9,0,2,1,52.5,0.618,49,38,4,52.4,4,1,3.0,54.8,2,0
ORG02522,C,Lenovo ThinkPad,35,Female,Operations,Ops Lead,4,Full-time,97,96.3,2,0,0,52.0,0.533,112,90,11,85.0,2,0,3.0,9.4,0,0
ORG00843,C,HP ProBook,27,Male,Customer Support,Support Lead,3,Full-time,7,91.2,0,1,0,63.4,0.607,104,71,11,62.4,3,0,3.0,12.7,2,0
ORG01596,A,Lenovo ThinkPad,36,Male,Operations,Process Analyst,4,Full-time,114,95.5,1,3,0,60.0,0.487,71,49,9,68.5,3,0,2.0,21.8,1,1
ORG05551,C,HP ProBook,23,Female,Sales,Sales Executive,1,Full-time,78,100.0,1,3,1,44.5,0.451,78,60,3,56.4,2,1,3.0,13.6,2,0
ORG02154,D,MacBook Pro,21,Male,Finance,Accounts Executive,1,Full-time,59,94.3,2,3,0,78.6,0.775,50,40,7,71.1,4,0,4.0,18.3,0,0
ORG03039,A,Dell Latitude,31,Female,Engineering,QA Analyst,2,Full-time,24,92.5,1,0,1,37.8,0.56,42,23,5,49.3,0,1,2.0,36.7,1,1
ORG05843,A,HP ProBook,26,Female,Sales,Inside Sales Rep,2,Full-time,49,98.2,1,0,0,65.5,0.682,75,62,5,72.9,2,1,3.0,31.7,0,0
ORG02944,C,Lenovo ThinkPad,35,Male,Engineering,Data Scientist,4,Full-time,42,95.3,2,3,0,71.8,0.559,53,41,6,75.1,1,0,3.0,20.0,0,0
ORG03251,B,Dell Latitude,29,Male,IT,System Admin,3,Full-time,102,88.7,2,2,0,63.7,0.711,40,29,4,74.6,0,0,4.0,9.4,2,0
ORG04868,B,Lenovo ThinkPad,28,Male,Sales,Sales Executive,1,Full-time,51,95.5,2,2,0,54.1,0.552,56,48,5,62.1,0,1,3.0,11.4,0,0
ORG04872,D,Dell Latitude,21,Female,Sales,Inside Sales Rep,1,Contract,12,97.4,1,1,0,60.2,0.541,59,45,6,55.7,0,1,3.0,0.0,0,1
ORG05167,D,MacBook Pro,28,Male,Sales,Inside Sales Rep,3,Full-time,66,91.4,0,3,1,83.0,0.729,37,29,3,79.1,0,0,4.0,43.2,2,0
ORG04804,A,Lenovo ThinkPad,34,Male,Customer Support,Support Lead,3,Full-time,113,99.5,0,0,0,67.7,0.728,75,68,1,55.6,2,2,5.0,20.6,1,0
ORG00323,B,Dell Latitude,29,Male,Sales,Sales Executive,3,Full-time,7,90.8,4,1,0,39.0,0.435,46,28,7,46.7,5,2,1.0,12.2,1,1
ORG01757,C,HP ProBook,32,Male,Engineering,DevOps Engineer,3,Full-time,21,93.7,0,1,0,66.0,0.673,25,21,3,,3,1,3.0,9.1,3,0
ORG01770,C,Lenovo ThinkPad,35,Female,HR,HR Executive,3,Full-time,96,92.0,2,0,1,43.0,0.451,32,19,2,42.4,3,1,2.0,30.3,1,1
ORG04577,D,Lenovo ThinkPad,41,Male,HR,Talent Acquisition,4,Full-time,95,93.8,3,5,1,47.0,0.55,52,32,10,53.6,3,0,2.0,25.7,0,1
ORG05664,D,Lenovo ThinkPad,32,Female,Engineering,Software Engineer,4,Full-time,11,94.7,2,2,0,52.5,0.607,36,25,4,61.7,4,0,3.0,25.2,0,1
ORG04882,D,Dell Latitude,30,Male,Operations,Ops Associate,1,Full-time,50,97.7,1,0,0,66.8,0.817,67,58,4,79.9,1,0,4.0,17.7,0,1
ORG00335,C,Acer TravelMate,31,Male,Engineering,Data Analyst,3,Full-time,71,96.4,1,1,0,89.3,0.908,41,38,3,85.1,1,0,4.0,17.0,0,0
ORG02971,B,Acer TravelMate,30,Female,Customer Support,Support Lead,2,Full-time,110,99.1,0,0,0,57.8,0.643,130,107,6,69.6,3,0,3.0,12.7,1,0
ORG00333,D,Lenovo ThinkPad,33,Female,Operations,Ops Lead,4,Full-time,53,97.8,2,1,0,89.7,0.784,101,90,7,84.8,1,0,3.0,11.2,2,0
ORG00834,B,Lenovo ThinkPad,27,Female,Operations,Ops Lead,3,Contract,12,94.7,4,1,1,69.2,0.625,72,64,6,68.9,0,0,3.0,16.2,2,0
ORG02852,C,HP ProBook,21,Male,Customer Support,Support Associate,1,Contract,11,95.3,1,2,0,75.1,0.737,110,80,14,67.9,2,2,3.0,20.0,2,0
ORG05925,A,Acer TravelMate,30,Female,Operations,Process Analyst,2,Full-time,50,96.1,1,0,0,70.3,0.587,108,88,10,73.9,2,1,,13.2,3,0
ORG05076,D,Dell Latitude,28,Male,Sales,Inside Sales Rep,3,Full-time,90,94.0,1,1,1,77.5,0.862,41,38,0,76.7,3,1,4.0,30.2,0,0
ORG02452,C,Dell Latitude,31,Male,Finance,Finance Analyst,3,Full-time,19,88.7,0,3,1,75.4,0.761,48,35,6,53.3,5,2,3.0,22.6,1,1
ORG03460,C,HP ProBook,32,Male,Finance,Finance Analyst,3,Full-time,30,96.1,2,3,0,81.9,0.815,39,28,2,66.9,1,1,3.0,31.8,2,0
ORG00732,D,Lenovo ThinkPad,27,Male,Engineering,Data Analyst,2,Full-time,118,94.2,1,1,0,65.2,0.788,51,41,3,63.6,1,0,4.0,18.9,1,0
ORG02167,A,MacBook Pro,21,Male,Marketing,Content Specialist,1,Full-time,14,88.6,2,4,1,63.6,0.772,59,42,9,70.2,2,0,3.0,15.9,0,0
ORG00292,A,Lenovo ThinkPad,36,Male,Engineering,DevOps Engineer,5,Full-time,20,94.4,1,2,0,73.8,0.703,43,32,5,67.8,1,0,4.0,31.4,1,0
ORG00185,D,Acer TravelMate,26,Female,Finance,Finance Analyst,3,Full-time,93,97.0,2,1,1,71.3,0.746,43,35,4,62.3,0,0,4.0,9.4,1,0
ORG04968,B,Dell Latitude,22,Male,Sales,Inside Sales Rep,1,Full-time,25,95.1,3,3,1,71.4,0.646,63,54,5,71.9,0,0,4.0,36.2,3,1
ORG04701,B,HP ProBook,23,Female,IT,IT Support,1,Contract,10,91.5,0,2,2,36.8,0.389,46,28,7,43.8,3,3,1.0,4.0,0,1
ORG03896,C,HP ProBook,23,Female,Operations,Ops Lead,2,Full-time,32,97.7,1,0,0,82.9,0.422,49,40,1,69.6,1,0,3.0,12.5,2,0
ORG00534,B,Dell Latitude,34,Male,Operations,Process Analyst,4,Full-time,49,96.6,0,3,0,70.9,0.817,120,106,10,80.7,0,0,3.0,15.4,1,0
ORG01672,A,MacBook Pro,29,Female,Operations,Ops Lead,2,Full-time,35,100.0,0,0,0,45.5,0.567,100,70,7,54.6,1,1,3.0,20.8,2,0
ORG03403,D,Dell Latitude,26,Male,Customer Support,Support Lead,3,Contract,6,93.8,1,2,0,69.4,0.627,110,83,16,56.4,4,2,4.0,6.7,1,0
ORG04748,A,Lenovo ThinkPad,22,Male,Operations,Ops Associate,1,Contract,9,93.7,5,2,2,60.8,0.757,90,63,16,66.9,3,0,3.0,13.2,0,1
ORG01967,D,Dell Latitude,24,Female,Finance,Accounts Executive,2,Full-time,36,95.6,0,3,0,62.7,0.579,21,17,1,53.7,3,2,3.0,13.1,1,1
ORG04723,A,Lenovo ThinkPad,27,Male,Sales,Inside Sales Rep,1,Full-time,25,93.4,0,4,1,46.9,0.238,69,46,6,56.2,0,4,2.0,14.4,1,1
ORG03539,A,HP ProBook,31,Male,Engineering,Data Analyst,4,Full-time,36,98.0,2,2,3,87.0,1.0,37,31,2,73.0,3,0,5.0,14.6,1,0
ORG00658,C,Lenovo ThinkPad,31,Female,Sales,Account Manager,4,Full-time,23,93.9,3,0,1,76.3,0.679,55,43,7,76.1,1,1,4.0,21.9,2,0
ORG01256,B,MacBook Pro,23,Female,HR,HR Executive,1,Full-time,8,93.3,3,0,1,65.7,0.866,23,19,2,67.4,1,0,5.0,4.8,0,0
ORG03758,C,Lenovo ThinkPad,32,Female,Sales,Account Manager,4,Full-time,65,92.2,2,2,2,74.4,0.761,74,55,9,80.9,1,0,4.0,31.4,2,0
ORG02901,B,HP ProBook,26,Male,Sales,Sales Executive,2,Full-time,27,93.7,1,2,1,,0.686,76,49,12,72.3,0,0,2.0,22.3,0,0
ORG05613,A,Dell Latitude,33,Male,Sales,Account Manager,3,Full-time,113,96.1,2,1,1,58.4,0.651,41,28,6,54.2,1,2,2.0,17.0,2,0
ORG04608,C,HP ProBook,31,Female,Engineering,DevOps Engineer,4,Full-time,88,92.3,2,1,1,93.3,1.0,54,48,3,84.9,0,0,5.0,18.8,1,0
ORG02919,D,Lenovo ThinkPad,30,Male,Engineering,Software Engineer,3,Full-time,41,94.5,2,1,2,85.1,0.811,54,45,5,81.1,1,0,3.0,15.6,3,0
ORG00899,C,Acer TravelMate,23,Male,Engineering,QA Analyst,2,Contract,10,95.9,1,1,0,80.7,0.907,36,31,4,93.7,2,0,4.0,20.4,0,0
ORG01511,D,HP ProBook,32,Female,Engineering,Data Analyst,3,Full-time,50,93.4,1,0,0,60.0,0.806,29,22,1,57.1,1,1,3.0,31.4,1,0
ORG00429,D,Dell Latitude,32,Male,Engineering,Software Engineer,2,Full-time,6,93.2,4,1,2,67.0,0.688,20,13,3,65.7,4,0,2.0,4.1,0,0
ORG06194,D,HP ProBook,25,Female,Customer Support,Support Associate,2,Contract,10,91.2,3,4,0,38.7,0.605,95,54,17,49.9,2,2,2.0,20.6,3,1
ORG02269,B,Lenovo ThinkPad,31,Female,Finance,Finance Analyst,2,Full-time,90,92.2,2,0,0,46.7,0.602,36,28,2,47.9,1,0,3.0,14.1,2,1
ORG05882,B,Dell Latitude,35,Female,Sales,Account Manager,4,Full-time,30,89.9,1,6,1,83.1,0.881,51,43,7,81.8,2,0,4.0,28.6,1,0
ORG01437,A,Dell Latitude,26,Female,Engineering,Data Analyst,2,Contract,4,93.7,3,2,0,72.6,0.771,47,34,3,67.0,1,0,5.0,22.8,1,0
ORG05714,C,Dell Latitude,33,Female,Operations,Ops Lead,3,Full-time,51,100.0,0,0,0,50.4,0.478,55,44,5,52.6,1,0,2.0,9.5,0,0
ORG01223,B,Dell Latitude,28,Female,Marketing,Content Specialist,2,Full-time,12,93.7,2,2,0,59.7,0.644,68,51,5,72.4,3,1,4.0,22.0,1,0
ORG05836,B,Dell Latitude,37,Male,Engineering,Data Analyst,4,Full-time,4,87.0,3,6,1,62.7,0.559,24,16,4,71.6,1,1,3.0,20.2,1,0
ORG04463,D,HP ProBook,28,Male,Sales,Sales Executive,1,Full-time,16,91.6,2,2,0,45.6,0.296,68,43,13,48.9,3,3,2.0,18.7,3,0
ORG04148,D,Dell Latitude,30,Female,Operations,Ops Associate,3,Full-time,3,96.0,5,1,0,46.2,0.655,58,35,5,52.2,0,1,1.0,10.0,0,1
ORG03394,B,Lenovo ThinkPad,22,Male,Engineering,Software Engineer,2,Full-time,30,98.6,1,3,0,73.5,0.548,31,28,1,75.3,1,0,3.0,9.8,2,0
ORG05494,A,HP ProBook,27,Female,Sales,Sales Executive,1,Full-time,85,99.3,0,0,0,40.8,0.5,65,53,2,53.8,4,1,3.0,22.6,1,0
ORG02861,C,HP ProBook,27,Male,Customer Support,Support Lead,3,Full-time,11,95.8,0,0,0,25.5,0.487,125,80,17,40.9,4,0,1.0,20.2,2,1
ORG04604,D,HP ProBook,23,Male,Operations,Ops Associate,2,Full-time,31,89.1,2,4,0,32.1,0.1,97,44,16,31.0,3,5,1.0,,2,1
ORG06162,B,Dell Latitude,29,Female,Operations,Process Analyst,3,Contract,9,96.5,2,2,0,28.9,0.274,107,74,10,50.8,4,1,1.0,5.5,1,1
ORG05918,C,HP ProBook,36,Female,Finance,Finance Analyst,4,Full-time,71,99.2,0,1,0,78.5,0.854,54,48,3,67.4,1,0,4.0,16.5,0,0
ORG02510,D,HP ProBook,29,Male,Operations,Process Analyst,2,Full-time,92,99.1,0,0,0,58.7,0.757,103,88,6,55.1,2,1,4.0,17.5,0,0
ORG04081,D,Dell Latitude,37,Female,Sales,Account Manager,4,Full-time,56,95.9,1,2,1,58.9,0.515,48,37,7,56.0,3,2,2.0,30.7,0,0
ORG02906,D,Dell Latitude,26,Female,Operations,Ops Lead,2,Full-time,49,93.2,0,2,1,60.8,0.892,90,66,12,66.9,2,1,4.0,7.5,0,0
ORG05040,D,Dell Latitude,33,Male,Finance,Finance Analyst,3,Full-time,44,100.0,2,0,0,85.6,0.637,38,32,4,87.1,3,0,3.0,7.2,0,0
ORG01097,D,MacBook Pro,36,Male,Engineering,Data Scientist,4,Full-time,66,92.7,0,2,0,77.8,0.723,44,33,8,64.3,3,5,3.0,16.0,0,0
ORG05370,A,Dell Latitude,37,Male,Sales,Account Manager,3,Full-time,59,92.6,4,2,1,63.0,0.677,65,54,9,75.0,1,2,,6.8,1,1
ORG04839,B,Dell Latitude,28,Male,Engineering,DevOps Engineer,5,Full-time,6,100.0,0,0,0,67.8,0.842,35,34,0,69.7,1,1,5.0,21.6,2,0
ORG02442,D,Dell Latitude,27,Male,Engineering,QA Analyst,3,Contract,1,95.2,0,1,0,52.9,0.551,49,38,2,56.1,0,0,3.0,5.4,0,1
ORG05701,B,Dell Latitude,26,Female,HR,Talent Acquisition,2,Full-time,32,95.3,0,3,1,79.3,0.597,63,52,8,72.5,2,1,3.0,8.6,0,0
ORG03007,B,Lenovo ThinkPad,30,Female,Operations,Ops Lead,4,Full-time,27,86.7,3,4,3,98.0,0.803,96,89,20,92.1,0,0,5.0,10.2,0,0
ORG05218,A,HP ProBook,32,Male,Engineering,Data Scientist,3,Contract,8,100.0,1,1,0,66.4,0.575,44,32,3,72.3,2,0,3.0,12.0,0,0
ORG03027,B,HP ProBook,29,Male,Sales,Account Manager,2,Full-time,86,98.6,1,1,0,59.2,0.813,61,58,5,78.5,1,0,4.0,16.3,4,0
ORG01653,A,MacBook Pro,26,Male,Sales,Inside Sales Rep,2,Contract,1,89.7,2,2,1,75.0,1.0,39,32,5,76.1,2,3,4.0,14.5,2,0
ORG02998,A,Dell Latitude,35,Female,Engineering,Data Analyst,2,Full-time,92,85.7,3,5,3,84.3,0.879,47,37,9,94.5,0,0,3.0,4.8,0,0
ORG01231,B,HP ProBook,31,Female,Engineering,Data Analyst,2,Full-time,76,97.4,1,2,0,63.9,0.599,21,16,0,62.9,3,0,4.0,10.4,2,0
ORG01411,C,HP ProBook,31,Male,HR,Talent Acquisition,2,Full-time,114,92.2,1,2,0,67.9,0.82,29,20,3,68.4,1,0,3.0,7.0,1,0
ORG01789,C,Lenovo ThinkPad,29,Male,HR,HR Executive,1,Full-time,86,100.0,0,1,0,49.1,0.675,52,48,1,42.5,3,1,5.0,11.4,2,0
ORG04564,D,Dell Latitude,36,Male,HR,HR Executive,3,Full-time,118,100.0,1,2,0,81.9,0.749,39,35,0,79.8,1,0,4.0,19.2,0,0
ORG03412,D,Dell Latitude,31,Female,Engineering,Software Engineer,2,Full-time,68,97.6,1,0,0,56.9,0.566,30,21,3,74.1,0,0,2.0,29.9,1,0
ORG03310,A,Lenovo ThinkPad,35,Male,Engineering,Software Engineer,5,Full-time,38,93.3,1,0,1,93.0,0.938,71,62,8,73.8,1,3,5.0,41.1,7,0
ORG03556,D,Dell Latitude,30,Male,Finance,Accounts Executive,3,Contract,8,92.7,2,4,0,54.7,0.604,50,35,6,59.0,2,2,2.0,12.0,1,0
ORG02229,C,Dell Latitude,34,Male,Engineering,Data Analyst,2,Full-time,43,96.1,2,1,1,68.1,0.911,48,37,4,70.9,0,1,3.0,9.3,0,0
ORG02958,D,Lenovo ThinkPad,35,Female,Engineering,Data Scientist,4,Full-time,16,91.8,2,2,0,61.4,0.577,41,28,5,62.8,3,0,3.0,34.3,3,0
ORG00193,D,Dell Latitude,31,Female,Engineering,Software Engineer,4,Contract,17,97.9,2,1,2,97.6,0.988,61,57,5,81.6,1,0,5.0,33.0,1,0
ORG02183,B,HP ProBook,21,Male,HR,HR Executive,2,Full-time,94,94.2,3,0,0,74.5,0.885,27,21,3,74.5,2,0,4.0,8.6,0,0
ORG01127,D,HP ProBook,21,Male,Customer Support,Support Lead,2,Contract,14,95.5,4,3,0,74.3,0.401,70,59,7,67.1,3,0,2.0,32.8,1,0
ORG05816,D,Lenovo ThinkPad,36,Male,Finance,Finance Analyst,4,Full-time,15,95.1,0,0,0,84.6,0.872,25,23,1,79.1,2,0,4.0,21.0,0,0
ORG02782,A,MacBook Pro,33,Male,Engineering,QA Analyst,3,Full-time,51,94.9,1,6,0,70.0,0.599,41,29,5,82.5,2,0,2.0,21.1,1,0
ORG02171,D,Acer TravelMate,31,Female,Customer Support,Support Lead,3,Contract,8,96.2,2,1,0,71.6,0.774,124,106,10,71.7,1,1,4.0,11.2,0,0
ORG03019,D,Lenovo ThinkPad,39,Female,Sales,Account Manager,4,Full-time,95,100.0,0,0,0,86.9,0.762,61,49,2,67.6,2,1,4.0,34.9,4,0
ORG00305,A,Dell Latitude,21,Female,HR,Talent Acquisition,2,Full-time,13,92.6,2,1,0,54.4,0.404,46,34,3,56.2,3,1,3.0,,1,0
ORG01818,A,Lenovo ThinkPad,29,Male,Customer Support,Support Lead,3,Full-time,76,88.6,2,2,0,79.9,0.765,132,94,20,78.8,1,1,4.0,41.9,1,0
ORG02224,D,Dell Latitude,33,Male,Engineering,Data Analyst,2,Full-time,105,99.5,2,0,0,54.3,0.475,20,14,0,59.4,1,1,2.0,40.8,4,0
ORG01293,B,Dell Latitude,36,Female,Customer Support,Support Lead,4,Full-time,87,92.9,2,1,0,82.7,0.765,135,119,13,78.8,2,2,4.0,20.6,1,0
ORG00071,C,HP ProBook,34,Female,Engineering,Software Engineer,3,Full-time,96,91.9,2,2,1,81.5,0.683,58,49,7,77.4,1,0,4.0,17.1,1,1
ORG04059,D,Lenovo ThinkPad,23,Male,Sales,Inside Sales Rep,1,Full-time,37,97.2,1,1,1,75.1,0.709,53,36,4,50.3,4,8,3.0,22.7,1,0
ORG01306,D,HP ProBook,28,Male,Marketing,Marketing Executive,2,Full-time,75,98.9,1,0,0,86.9,0.898,58,53,4,79.9,0,0,5.0,11.3,0,0
ORG03122,A,HP ProBook,22,Male,Sales,Sales Executive,2,Full-time,26,98.2,2,1,0,25.0,0.429,56,36,4,45.7,4,3,2.0,8.2,0,1
ORG04350,B,HP ProBook,25,Female,HR,HR Executive,1,Contract,1,97.2,2,1,0,53.8,0.488,36,25,4,56.4,3,1,3.0,7.5,0,1
ORG02108,C,Dell Latitude,21,Female,IT,IT Support,1,Full-time,77,90.8,2,0,2,51.5,0.523,28,18,4,68.8,3,0,2.0,13.2,1,1
ORG06197,B,MacBook Pro,32,Male,Finance,Finance Analyst,4,Full-time,67,100.0,1,0,1,79.0,0.865,49,43,2,84.6,0,0,4.0,11.8,1,0
ORG01341,C,HP ProBook,36,Female,Engineering,QA Analyst,4,Full-time,68,97.9,3,3,0,66.9,0.664,59,46,7,80.3,1,0,3.0,16.5,2,0
ORG00832,A,Acer TravelMate,21,Male,Customer Support,Support Associate,1,Full-time,43,91.9,2,0,0,42.1,0.558,82,60,14,60.4,3,1,2.0,38.5,3,1
ORG02474,C,Dell Latitude,27,Male,Customer Support,Support Associate,2,Full-time,10,91.3,2,4,0,38.9,0.718,130,97,23,67.6,0,2,3.0,5.0,1,1
ORG01457,A,HP ProBook,36,Male,Sales,Account Manager,4,Full-time,84,92.5,2,0,2,75.9,0.616,80,63,10,82.0,3,2,3.0,26.1,1,1
ORG05484,B,Acer TravelMate,32,Female,Sales,Account Manager,3,Full-time,52,99.6,0,1,0,67.7,0.747,40,33,4,70.0,3,0,4.0,7.4,1,0
ORG06024,A,Lenovo ThinkPad,34,Male,Marketing,Performance Marketer,4,Contract,12,92.9,1,0,1,76.8,0.728,33,23,4,70.4,1,0,3.0,22.2,0,0
ORG00239,B,HP ProBook,33,Other,Engineering,DevOps Engineer,4,Contract,13,91.1,2,5,1,79.2,0.881,61,54,7,94.9,0,0,4.0,21.9,0,0
ORG03289,B,Dell Latitude,30,Male,Engineering,Data Analyst,2,Full-time,108,93.3,1,0,0,49.7,0.731,54,42,0,63.8,2,0,3.0,14.2,1,0
ORG00093,C,Dell Latitude,36,Female,Customer Support,Support Lead,4,Full-time,62,93.8,3,0,0,88.5,0.78,80,64,16,90.4,1,0,3.0,20.4,3,0
ORG04242,B,Lenovo ThinkPad,26,Female,HR,HR Executive,1,Contract,14,98.9,3,0,1,73.6,0.823,44,38,4,95.4,0,0,4.0,9.4,1,0
ORG02168,D,Dell Latitude,27,Female,Customer Support,Support Lead,3,Full-time,48,91.5,3,1,1,61.2,0.633,134,98,22,79.1,1,0,4.0,27.9,1,0
ORG02485,C,HP ProBook,24,Male,HR,HR Executive,2,Contract,13,92.8,3,1,1,69.1,0.782,68,55,9,81.2,2,0,3.0,21.1,0,0
ORG02802,D,HP ProBook,26,Female,Customer Support,Support Associate,2,Full-time,66,99.2,0,2,0,51.5,0.603,71,55,7,59.0,0,0,3.0,13.8,1,0
ORG02882,C,HP ProBook,27,Male,Engineering,DevOps Engineer,3,Full-time,4,94.6,1,2,0,50.3,0.281,44,26,4,47.7,3,0,2.0,19.0,3,1
ORG02927,C,Dell Latitude,29,Male,Operations,Process Analyst,3,Full-time,89,,0,2,0,73.2,0.554,76,63,5,53.1,5,1,2.0,35.5,1,1
ORG02132,B,Dell Latitude,32,Male,Finance,Finance Analyst,2,Full-time,35,97.4,1,2,1,59.2,0.542,46,36,5,67.5,1,0,3.0,62.6,1,0
ORG02690,D,Lenovo ThinkPad,41,Female,Customer Support,Support Lead,3,Full-time,78,86.5,5,1,0,57.8,0.52,118,93,23,57.4,2,3,2.0,14.1,0,1
ORG03837,A,Dell Latitude,35,Female,Operations,Process Analyst,4,Full-time,10,91.0,2,1,0,86.1,0.877,64,57,10,92.4,1,0,5.0,18.0,0,0
ORG01002,D,HP ProBook,29,Female,Customer Support,Support Lead,3,Full-time,34,98.1,0,1,0,76.6,0.646,139,131,13,,5,2,4.0,17.1,0,1
ORG02299,C,Lenovo ThinkPad,26,Male,Engineering,QA Analyst,2,Full-time,112,93.2,2,0,1,67.0,0.648,21,17,2,78.9,2,1,3.0,16.7,1,0
ORG06063,D,Dell Latitude,34,Female,Engineering,Data Scientist,4,Full-time,43,88.2,3,1,0,84.8,0.674,52,37,6,63.2,2,2,4.0,10.4,0,0
ORG04941,B,HP ProBook,29,Male,HR,Talent Acquisition,4,Full-time,35,96.9,1,0,0,75.4,0.674,35,27,2,53.5,3,0,3.0,33.8,0,0
ORG02571,B,HP ProBook,29,Female,Engineering,Data Analyst,4,Full-time,49,92.6,0,1,1,,0.678,57,49,8,75.3,2,0,3.0,12.9,1,0
ORG04127,B,HP ProBook,29,Female,Customer Support,Support Lead,2,Full-time,7,100.0,0,0,0,80.8,0.913,101,92,3,68.5,2,1,5.0,4.9,0,0
ORG01505,A,MacBook Pro,24,Male,HR,Talent Acquisition,3,Full-time,25,97.5,1,1,0,66.3,0.805,41,33,3,56.1,1,1,3.0,37.4,0,0
ORG00958,A,MacBook Pro,28,Female,Customer Support,Support Lead,3,Full-time,38,96.3,3,1,1,94.3,1.0,70,61,6,82.6,2,0,5.0,10.3,1,0
ORG05139,B,Dell Latitude,30,Male,Sales,Inside Sales Rep,2,Full-time,21,95.2,0,0,0,83.4,0.814,53,51,0,83.8,4,0,5.0,7.8,1,0
ORG04400,A,Dell Latitude,21,Female,Finance,Finance Analyst,3,Full-time,5,93.7,0,2,0,67.4,0.778,56,46,5,64.8,5,0,4.0,30.4,1,0
ORG02532,C,Acer TravelMate,28,Male,Operations,Process Analyst,2,Full-time,67,89.0,3,1,0,58.6,0.64,97,70,18,56.4,4,3,2.0,11.3,2,1
ORG01533,C,Dell Latitude,31,Male,Customer Support,Support Lead,4,Contract,8,97.2,1,0,0,62.4,0.766,98,85,7,76.2,1,0,4.0,22.9,0,1
ORG05995,C,Lenovo ThinkPad,25,Male,Operations,Ops Associate,1,Full-time,17,100.0,0,0,0,86.9,0.691,87,80,5,57.2,4,0,3.0,11.4,0,0
ORG04648,C,Acer TravelMate,36,Female,Engineering,Software Engineer,5,Full-time,94,92.7,3,1,2,66.2,0.674,60,48,8,,1,0,3.0,29.3,0,0
ORG04826,B,HP ProBook,29,Male,Customer Support,Support Lead,2,Full-time,81,97.7,3,2,1,87.5,0.75,93,84,7,74.9,2,1,3.0,7.9,1,0
ORG00412,D,Lenovo ThinkPad,29,Female,Operations,Ops Associate,3,Full-time,17,96.4,3,0,1,29.5,0.266,105,63,15,55.2,0,2,2.0,20.0,0,0
ORG01406,D,Acer TravelMate,28,Female,Sales,Account Manager,2,Full-time,96,97.9,0,1,0,74.8,0.866,44,35,4,56.2,2,0,4.0,25.6,1,0
ORG01935,A,Lenovo ThinkPad,30,Male,Finance,Finance Analyst,3,Full-time,118,95.5,2,0,0,69.6,0.891,25,20,3,71.0,1,0,4.0,21.5,0,0
ORG05279,A,HP ProBook,33,Female,Engineering,Software Engineer,3,Full-time,109,93.4,1,4,0,71.0,0.627,50,40,6,62.0,1,0,2.0,24.4,0,0
ORG06059,C,Acer TravelMate,23,Female,HR,HR Executive,1,Full-time,5,96.7,2,1,0,41.1,0.413,45,27,5,57.1,3,1,2.0,14.8,1,1
ORG05472,B,Dell Latitude,25,Male,Engineering,Data Analyst,3,Full-time,11,95.5,0,0,0,53.8,0.524,33,23,1,64.1,3,0,3.0,12.0,0,0
ORG04575,C,Dell Latitude,33,Male,HR,HR Executive,3,Full-time,47,93.3,6,1,0,92.8,0.839,43,34,6,77.9,4,0,3.0,8.8,0,0
ORG03705,C,Dell Latitude,27,Male,Engineering,Data Analyst,2,Contract,6,95.2,2,2,0,70.5,0.734,40,34,2,80.6,4,0,2.0,13.3,2,0
ORG03413,C,Dell Latitude,25,Female,Customer Support,Support Lead,3,Full-time,33,96.6,0,2,0,75.4,0.817,146,130,17,76.9,2,0,4.0,15.8,0,0
ORG01703,B,Dell Latitude,29,Female,Sales,Inside Sales Rep,1,Full-time,84,88.5,3,1,0,76.7,0.656,73,58,12,74.6,1,1,4.0,21.5,1,0
ORG02346,D,HP ProBook,32,Male,Engineering,Data Analyst,3,Full-time,40,93.8,4,1,2,85.9,1.0,45,43,3,96.6,1,0,5.0,18.5,1,0
ORG01035,C,Lenovo ThinkPad,23,Male,Customer Support,Support Associate,2,Full-time,99,96.3,1,0,0,67.5,0.511,129,102,18,58.6,3,2,2.0,10.3,0,0
ORG03059,B,HP ProBook,36,Male,Engineering,DevOps Engineer,4,Full-time,53,94.4,3,0,1,77.3,0.657,19,14,2,77.8,0,0,3.0,15.9,0,0
ORG05315,D,Lenovo ThinkPad,35,Male,Sales,Account Manager,4,Full-time,88,92.4,1,3,0,98.0,0.998,42,38,4,95.0,1,0,5.0,15.7,0,0
ORG05220,A,Dell Latitude,31,Female,Engineering,DevOps Engineer,3,Full-time,13,93.3,1,1,0,73.0,0.757,25,20,4,89.7,0,0,4.0,38.2,3,0
ORG03045,B,Acer TravelMate,27,Female,Finance,Accounts Executive,3,Full-time,14,89.7,6,4,7,78.1,0.516,70,48,14,52.7,2,1,1.0,28.6,0,1
ORG00932,C,MacBook Pro,32,Male,Sales,Account Manager,4,Full-time,43,99.1,1,0,0,78.8,0.767,79,75,8,87.7,3,0,5.0,35.5,2,0
ORG06093,A,Acer TravelMate,41,Male,Operations,Ops Lead,4,Full-time,104,96.9,1,0,0,60.0,0.638,105,79,9,60.0,1,1,4.0,30.1,1,0
ORG03718,C,Lenovo ThinkPad,27,Female,HR,HR Executive,3,Full-time,3,100.0,0,0,0,58.5,0.686,36,27,0,71.7,2,1,4.0,20.6,1,0
ORG04530,D,Lenovo ThinkPad,23,Male,Customer Support,Support Lead,2,Full-time,6,92.5,1,3,0,78.4,0.787,110,89,12,73.7,3,2,5.0,8.2,1,0
ORG00634,C,Lenovo ThinkPad,28,Male,Sales,Inside Sales Rep,1,Full-time,55,100.0,0,1,0,71.2,0.722,43,37,2,69.2,1,1,4.0,7.4,0,0
ORG04711,A,MacBook Pro,27,Male,Finance,Finance Analyst,3,Full-time,31,91.0,1,0,0,75.8,0.808,66,54,10,76.3,1,1,3.0,7.3,2,1
ORG00499,B,Lenovo ThinkPad,30,Male,Sales,Sales Executive,2,Full-time,21,100.0,1,0,0,60.4,0.515,39,34,1,51.8,3,0,3.0,17.2,1,0
ORG00938,C,Dell Latitude,30,Female,Engineering,Data Scientist,4,Contract,12,98.5,1,3,0,69.0,0.681,51,39,6,66.4,1,1,3.0,7.1,2,0
ORG00416,B,Lenovo ThinkPad,25,Female,Sales,Account Manager,2,Full-time,15,98.5,2,4,0,54.8,0.428,61,43,7,64.6,3,1,2.0,13.5,1,1
ORG04512,D,HP ProBook,34,Male,Customer Support,Support Lead,3,Full-time,63,95.3,0,2,0,43.0,0.529,90,67,10,60.1,1,0,2.0,12.7,3,1
ORG03665,D,Acer TravelMate,22,Male,Sales,Inside Sales Rep,1,Full-time,18,92.3,2,0,1,72.6,0.705,40,27,6,46.3,2,1,3.0,11.1,0,0
ORG00721,A,MacBook Pro,25,Female,Customer Support,Support Lead,3,Full-time,41,91.2,0,2,2,82.6,0.843,72,58,10,81.4,0,1,4.0,33.7,0,0
ORG02198,B,Dell Latitude,32,Female,Customer Support,Support Associate,3,Full-time,68,91.4,1,1,0,82.5,0.877,94,77,9,88.5,0,1,4.0,19.8,0,0
ORG03358,A,HP ProBook,30,Female,Customer Support,Support Lead,3,Full-time,94,94.9,4,1,0,88.2,1.0,92,90,12,92.2,2,0,4.0,,1,0
ORG00758,B,Lenovo ThinkPad,27,Female,Marketing,Marketing Executive,2,Full-time,116,98.2,0,0,2,89.1,0.973,55,47,5,81.8,0,0,4.0,10.1,1,0
ORG05029,C,HP ProBook,26,Male,Operations,Ops Associate,1,Full-time,51,97.4,2,0,1,27.2,0.584,82,62,6,43.3,5,1,2.0,16.4,0,1
ORG03704,C,Acer TravelMate,27,Male,Operations,Ops Associate,3,Contract,1,90.1,4,1,0,66.6,0.76,79,59,12,62.8,6,3,4.0,17.1,3,0
ORG01042,C,MacBook Pro,23,Female,Operations,Ops Associate,1,Full-time,8,95.2,0,2,0,71.4,0.672,69,61,5,69.9,2,1,3.0,14.7,2,0
ORG02481,C,Dell Latitude,30,Male,Customer Support,Support Lead,4,Contract,1,100.0,0,0,0,78.4,0.631,144,123,8,69.2,3,1,3.0,29.3,2,0
ORG03316,D,Acer TravelMate,22,Male,Engineering,Data Analyst,2,Full-time,105,95.0,0,1,1,58.3,0.604,53,37,6,63.4,4,0,3.0,7.0,2,0
ORG04997,C,Lenovo ThinkPad,30,Male,Engineering,Data Analyst,2,Contract,14,97.9,0,2,0,73.3,0.77,20,18,1,89.9,1,0,4.0,7.3,1,0
ORG03951,B,HP ProBook,29,Female,Customer Support,Support Associate,2,Full-time,103,99.1,1,0,0,65.5,0.713,100,86,10,75.0,0,1,3.0,23.6,1,0
ORG00597,B,Acer TravelMate,29,Male,Finance,Finance Analyst,4,Full-time,9,95.4,1,1,1,97.0,0.903,54,48,5,92.4,1,0,5.0,12.7,0,0
ORG04956,C,Dell Latitude,23,Female,Sales,Sales Executive,1,Full-time,34,97.4,0,0,1,73.3,0.819,68,53,6,65.2,1,2,3.0,15.6,3,0
ORG02472,C,Dell Latitude,22,Other,Marketing,Performance Marketer,2,Contract,2,87.6,2,4,0,,0.783,45,35,7,79.7,3,0,3.0,18.5,2,0
ORG03890,D,MacBook Pro,25,Female,Sales,Account Manager,2,Contract,2,92.7,2,3,0,70.0,0.519,58,43,9,79.4,0,1,2.0,33.2,4,0
ORG01069,A,Lenovo ThinkPad,31,Male,Engineering,Data Analyst,3,Full-time,42,93.5,2,1,1,59.4,0.577,35,22,5,51.1,4,1,3.0,44.3,2,1
ORG01943,A,HP ProBook,26,Male,Customer Support,Support Lead,4,Full-time,7,100.0,0,0,0,82.3,0.738,141,138,10,71.6,0,3,4.0,15.1,0,0
ORG01648,A,Lenovo ThinkPad,34,Female,Finance,Finance Analyst,3,Full-time,97,99.1,0,1,0,63.0,0.795,54,49,3,82.9,0,0,3.0,37.7,1,0
ORG03046,C,MacBook Pro,24,Male,IT,IT Support,2,Full-time,82,91.4,2,1,2,82.0,0.97,65,48,9,82.1,1,0,4.0,10.7,0,0
ORG03401,C,Lenovo ThinkPad,39,Female,Engineering,DevOps Engineer,5,Full-time,36,99.0,0,1,0,85.3,0.783,48,43,4,78.2,1,1,4.0,14.6,3,0
ORG02388,A,HP ProBook,26,Male,Engineering,Data Analyst,2,Full-time,46,,2,2,0,68.4,0.543,34,24,5,64.4,1,0,2.0,8.0,0,0
ORG05830,C,Dell Latitude,31,Male,Finance,Finance Analyst,2,Full-time,111,89.1,1,1,2,68.7,0.712,38,28,6,61.9,1,0,3.0,10.0,2,0
ORG00653,D,Lenovo ThinkPad,31,Female,Operations,Process Analyst,2,Full-time,26,97.7,0,0,0,58.1,0.671,67,51,4,63.2,4,1,3.0,12.2,1,0
ORG05008,C,Dell Latitude,36,Female,Operations,Process Analyst,4,Full-time,105,97.5,0,0,1,90.7,0.814,110,88,10,71.6,1,1,3.0,38.2,1,0
ORG01701,C,HP ProBook,23,Female,Marketing,Performance Marketer,3,Full-time,24,87.1,4,5,0,70.0,0.754,31,22,5,73.7,3,1,2.0,12.5,1,1
ORG05499,D,HP ProBook,26,Male,Engineering,Data Analyst,2,Contract,15,91.5,0,5,0,59.2,0.798,46,41,4,72.2,1,2,5.0,1.8,0,1
ORG05060,B,HP ProBook,35,Female,Engineering,Data Analyst,2,Full-time,112,100.0,1,0,0,80.2,0.646,18,14,0,69.7,1,0,3.0,12.0,1,0
ORG04309,B,Acer TravelMate,27,Female,Marketing,Performance Marketer,3,Contract,10,,1,1,1,63.9,0.516,56,49,4,56.0,6,0,4.0,8.5,0,1
ORG02182,D,Lenovo ThinkPad,21,Male,IT,IT Support,1,Contract,10,97.1,0,1,0,65.5,0.6,54,43,6,53.4,0,0,5.0,11.7,0,0
ORG01030,C,Dell Latitude,24,Female,Customer Support,Support Associate,1,Full-time,21,94.8,1,3,1,56.1,0.803,82,65,7,65.7,3,1,4.0,8.9,1,0
ORG02587,C,Dell Latitude,21,Male,Sales,Inside Sales Rep,1,Full-time,9,93.1,0,2,1,55.6,0.454,63,45,6,56.9,2,2,2.0,6.2,1,0
ORG03040,D,Dell Latitude,31,Male,Operations,Ops Lead,3,Contract,12,96.1,1,2,1,63.2,0.726,100,80,9,49.6,0,1,2.0,12.0,0,0
ORG04513,A,Dell Latitude,30,Male,Marketing,Marketing Executive,3,Full-time,93,95.6,1,1,3,70.6,0.8,54,43,6,66.0,3,0,4.0,11.9,0,0
ORG01201,A,Acer TravelMate,26,Male,Operations,Process Analyst,2,Full-time,36,94.1,3,0,1,74.7,0.766,54,43,5,85.4,0,0,4.0,14.1,1,0
ORG02026,C,Lenovo ThinkPad,27,Female,Sales,Inside Sales Rep,1,Full-time,67,98.5,0,2,0,56.5,0.723,59,49,3,70.8,1,1,3.0,21.2,2,0
ORG00622,D,Lenovo ThinkPad,23,Female,Customer Support,Support Lead,2,Full-time,35,90.8,3,3,0,46.2,0.418,62,33,10,42.3,5,2,1.0,26.4,0,1
ORG05739,C,Lenovo ThinkPad,27,Female,Marketing,Content Specialist,3,Full-time,10,96.1,0,0,0,58.1,0.539,60,41,6,65.6,1,0,2.0,31.7,2,0
ORG00567,D,HP ProBook,30,Female,Finance,Accounts Executive,2,Full-time,92,90.0,5,1,2,69.6,0.662,61,52,8,60.6,1,0,4.0,13.6,1,1
ORG01838,B,Lenovo ThinkPad,22,Male,Customer Support,Support Associate,1,Full-time,100,96.4,1,0,0,54.5,0.643,98,77,5,75.4,1,0,4.0,8.5,0,0
ORG01335,C,Lenovo ThinkPad,35,Female,IT,System Admin,4,Full-time,32,91.0,3,1,1,90.9,0.746,23,19,2,82.3,2,0,3.0,9.4,1,0
ORG03651,A,HP ProBook,33,Female,Sales,Account Manager,3,Full-time,38,97.9,0,1,1,60.7,0.644,81,70,11,59.2,3,2,2.0,12.7,2,1
ORG04097,A,Lenovo ThinkPad,24,Male,Operations,Ops Associate,1,Full-time,92,95.2,0,3,0,62.3,0.593,63,55,4,56.9,2,5,3.0,10.1,1,1
ORG02133,C,Dell Latitude,21,Female,IT,IT Support,1,Full-time,22,94.5,2,1,1,59.7,0.702,45,31,4,80.9,1,0,5.0,5.3,0,0
ORG02847,A,Dell Latitude,25,Female,Sales,Inside Sales Rep,2,Full-time,19,94.6,0,1,0,40.9,0.43,78,58,4,57.4,0,1,4.0,10.3,1,1
ORG03930,D,HP ProBook,31,Male,Marketing,Marketing Executive,3,Full-time,46,90.9,3,3,0,55.7,0.885,26,20,4,63.0,1,0,3.0,13.3,0,0
ORG00746,C,Acer TravelMate,30,Male,Customer Support,Support Lead,2,Full-time,75,88.9,0,1,0,55.3,0.677,130,88,16,80.0,3,1,3.0,12.4,0,1
ORG00196,C,MacBook Pro,29,Male,Engineering,Software Engineer,2,Full-time,88,100.0,0,0,0,69.9,0.637,28,25,0,61.3,4,0,4.0,34.8,1,0
ORG03427,A,Lenovo ThinkPad,32,Female,Engineering,Data Analyst,3,Full-time,25,94.1,2,1,0,56.6,0.575,25,16,2,64.1,3,1,2.0,17.2,1,0
ORG02136,A,Acer TravelMate,24,Male,Customer Support,Support Lead,2,Contract,1,92.9,2,5,0,53.4,0.609,107,78,12,55.2,1,2,2.0,6.8,0,0
ORG04280,B,HP ProBook,31,Male,Finance,Finance Analyst,2,Full-time,118,97.0,3,0,0,49.5,0.715,25,19,2,63.1,2,0,4.0,11.3,0,0
ORG00803,D,Lenovo ThinkPad,21,Male,Marketing,Content Specialist,1,Full-time,4,86.5,1,2,0,61.8,0.617,35,27,4,48.7,5,1,2.0,13.9,0,1
ORG03647,D,Acer TravelMate,31,Female,Sales,Account Manager,3,Full-time,90,99.1,3,0,0,47.4,0.671,78,65,7,57.4,4,2,3.0,7.8,3,1
ORG04048,C,Lenovo ThinkPad,27,Male,Sales,Inside Sales Rep,2,Full-time,99,95.3,2,0,0,47.8,0.447,43,36,1,62.2,3,2,3.0,9.5,0,1
ORG03590,C,HP ProBook,30,Male,Sales,Sales Executive,3,Full-time,58,97.7,0,2,0,73.3,0.7,77,73,7,72.3,1,1,4.0,24.5,3,0
ORG04869,A,Lenovo ThinkPad,32,Female,Customer Support,Support Associate,3,Contract,14,92.1,2,1,0,75.2,0.661,143,119,15,78.0,1,1,3.0,24.0,2,0
ORG00645,B,MacBook Pro,23,Female,Operations,Ops Associate,1,Full-time,77,96.8,0,1,0,71.4,0.873,97,74,14,95.3,0,0,4.0,4.1,1,0
ORG05577,B,Lenovo ThinkPad,30,Male,IT,System Admin,3,Full-time,95,94.9,1,2,0,72.1,0.861,58,48,4,77.5,0,0,4.0,21.5,1,0
ORG05428,D,Lenovo ThinkPad,34,Male,HR,Talent Acquisition,4,Full-time,107,97.2,1,2,0,70.1,0.761,39,36,2,73.9,4,1,4.0,17.8,1,0
ORG03648,D,HP ProBook,28,Male,Sales,Inside Sales Rep,2,Full-time,80,93.5,1,3,0,81.5,0.708,41,33,6,71.1,1,1,4.0,3.9,0,0
ORG04372,B,Dell Latitude,37,Male,Engineering,QA Analyst,3,Full-time,71,95.1,1,3,0,71.9,0.508,28,22,3,71.3,1,0,3.0,9.9,2,0
ORG00121,B,Lenovo ThinkPad,34,Male,Operations,Process Analyst,4,Full-time,60,90.1,0,5,1,82.4,0.745,89,65,11,70.4,3,2,4.0,21.6,2,0
ORG01778,C,Lenovo ThinkPad,35,Female,Customer Support,Support Lead,4,Full-time,82,94.5,1,2,1,68.5,0.738,98,87,11,55.3,3,0,3.0,20.7,2,1
ORG05340,D,Lenovo ThinkPad,27,Male,Sales,Sales Executive,2,Full-time,46,91.7,1,0,1,37.3,0.393,63,44,9,47.3,1,5,3.0,9.0,2,1
ORG05070,D,HP ProBook,27,Female,Customer Support,Support Lead,3,Full-time,35,98.8,0,0,0,46.7,0.468,76,52,7,58.1,1,1,2.0,16.2,1,1
ORG02630,D,Acer TravelMate,30,Female,Sales,Inside Sales Rep,2,Full-time,34,94.3,1,3,0,74.8,0.724,73,62,8,63.6,4,0,3.0,17.9,2,0
ORG03614,D,Acer TravelMate,36,Male,Marketing,Content Specialist,3,Full-time,106,94.9,0,1,1,49.0,0.616,24,18,3,58.0,4,0,3.0,31.2,3,0
ORG00135,B,Lenovo ThinkPad,27,Female,Operations,Ops Lead,2,Full-time,64,100.0,0,0,0,74.0,0.521,65,63,0,87.3,0,0,4.0,16.1,0,0
ORG05113,A,HP ProBook,29,Female,Finance,Finance Analyst,2,Full-time,118,92.0,1,5,0,63.3,0.498,56,41,5,70.6,1,0,2.0,14.9,0,0
ORG04451,C,Lenovo ThinkPad,30,Male,HR,Talent Acquisition,2,Full-time,46,92.8,1,3,0,54.2,0.705,39,31,4,70.1,2,1,3.0,37.3,0,0
ORG03102,A,Dell Latitude,33,Male,Engineering,Data Scientist,3,Full-time,51,97.0,1,0,0,98.0,0.842,52,50,2,73.5,0,0,5.0,24.2,4,0
ORG00063,A,HP ProBook,26,Female,Operations,Ops Associate,2,Contract,4,90.9,1,2,0,86.7,0.868,102,72,14,76.3,2,0,4.0,19.0,1,0
ORG05490,C,Dell Latitude,25,Female,Finance,Accounts Executive,1,Full-time,80,98.8,1,1,0,65.9,0.723,40,34,3,69.0,3,0,4.0,17.2,1,0
ORG02803,B,HP ProBook,30,Male,Engineering,Data Scientist,3,Full-time,39,92.5,1,2,0,73.6,0.85,25,20,2,66.8,3,0,3.0,19.0,4,0
ORG02707,C,Dell Latitude,33,Male,Marketing,Marketing Executive,1,Full-time,117,94.2,0,1,0,57.7,0.596,41,35,2,73.6,2,0,3.0,20.8,0,0
ORG00680,A,Lenovo ThinkPad,29,Male,Sales,Inside Sales Rep,2,Full-time,14,99.8,0,1,0,64.2,0.681,67,50,3,67.8,1,1,3.0,42.2,1,0
ORG05769,B,Dell Latitude,30,Male,Sales,Sales Executive,1,Full-time,106,100.0,1,1,0,60.2,0.785,41,34,3,67.2,1,1,4.0,12.0,1,0
ORG00742,B,Dell Latitude,34,Female,Engineering,Data Scientist,5,Full-time,67,93.1,4,4,0,89.3,0.868,51,40,5,73.7,2,1,4.0,11.9,2,0
ORG01212,B,HP ProBook,24,Female,HR,HR Executive,2,Contract,2,98.7,1,1,1,53.6,0.672,26,21,2,73.5,1,0,3.0,12.7,1,0
ORG05743,A,Acer TravelMate,34,Male,Finance,Finance Analyst,4,Full-time,105,96.9,1,0,0,89.3,0.837,44,38,2,80.4,2,0,4.0,30.9,0,0
ORG04300,A,Lenovo ThinkPad,25,Female,Operations,Ops Lead,2,Full-time,11,95.4,0,1,0,81.2,0.921,61,51,4,91.2,1,0,5.0,9.6,1,0
ORG00568,D,Acer TravelMate,26,Female,Engineering,Software Engineer,2,Full-time,51,99.6,0,0,0,81.3,0.892,27,24,1,80.7,2,1,4.0,5.9,1,0
ORG01874,A,Dell Latitude,33,Female,IT,IT Support,3,Full-time,75,95.8,1,1,0,90.6,0.799,52,46,6,80.0,1,0,5.0,9.4,0,0
ORG05609,B,Lenovo ThinkPad,33,Male,Customer Support,Support Associate,3,Full-time,16,98.2,3,0,0,78.1,0.775,128,105,13,69.9,0,1,3.0,8.2,0,1
ORG01718,A,Dell Latitude,32,Male,Operations,Ops Associate,2,Full-time,61,89.2,4,1,0,75.6,0.684,51,37,10,78.6,0,0,4.0,67.0,0,0
ORG01393,D,Dell Latitude,25,Female,Engineering,Data Analyst,3,Full-time,52,95.7,4,1,2,55.8,0.65,29,22,2,61.6,2,0,2.0,25.6,3,0
ORG04729,D,Lenovo ThinkPad,29,Male,Operations,Ops Lead,3,Full-time,48,98.9,0,0,0,79.0,1.0,88,85,5,86.2,0,0,5.0,10.9,1,0
ORG02274,C,Lenovo ThinkPad,24,Male,HR,HR Executive,1,Full-time,76,97.7,0,0,0,69.5,0.912,18,16,1,59.7,4,2,4.0,14.7,2,0
ORG00490,B,MacBook Pro,23,Male,Operations,Process Analyst,2,Full-time,13,99.6,3,0,2,68.9,0.738,90,74,12,68.1,1,0,3.0,10.7,1,0
ORG05864,C,MacBook Pro,25,Male,Finance,Accounts Executive,2,Contract,7,94.5,2,1,0,45.8,0.43,67,45,7,56.9,2,1,3.0,9.7,0,1
ORG00691,B,Dell Latitude,22,Female,Sales,Inside Sales Rep,1,Full-time,56,89.3,5,2,1,41.7,0.425,75,48,13,42.4,5,4,2.0,13.1,0,1
ORG02717,B,HP ProBook,30,Male,Customer Support,Support Lead,3,Full-time,77,94.6,2,0,0,51.9,0.508,68,51,6,65.3,6,0,4.0,14.2,4,0
ORG00603,A,HP ProBook,27,Female,Marketing,Marketing Executive,1,Full-time,17,93.7,0,2,0,45.7,0.349,33,24,2,57.1,1,0,2.0,14.7,0,1
ORG01912,D,Lenovo ThinkPad,35,Male,Engineering,DevOps Engineer,3,Full-time,75,92.9,0,0,0,60.5,0.729,37,29,5,62.9,4,2,2.0,17.2,0,0
ORG05467,C,Acer TravelMate,33,Male,Finance,Accounts Executive,3,Full-time,12,92.0,2,0,0,39.8,0.703,26,17,3,71.3,2,1,3.0,16.9,1,1
ORG02487,A,HP ProBook,35,Male,Finance,Finance Analyst,4,Full-time,97,93.7,2,2,0,54.7,0.599,67,51,10,74.6,1,1,2.0,14.1,1,1
ORG04891,D,Dell Latitude,30,Male,Sales,Inside Sales Rep,3,Full-time,10,99.0,1,3,0,80.2,0.879,45,43,6,78.0,0,0,4.0,11.4,0,0
ORG01188,D,Dell Latitude,26,Female,IT,System Admin,2,Full-time,45,92.6,2,2,0,62.2,0.909,21,16,1,65.7,2,1,4.0,12.7,0,0
ORG00275,A,Dell Latitude,32,Female,Operations,Process Analyst,3,Contract,6,100.0,0,1,0,86.5,0.611,98,72,10,69.5,1,2,4.0,28.0,1,0
ORG03194,A,Dell Latitude,26,Male,Operations,Ops Associate,2,Contract,9,98.0,1,0,0,35.3,0.648,91,64,2,48.4,2,0,3.0,6.1,1,0
ORG01362,D,MacBook Pro,25,Female,Sales,Inside Sales Rep,1,Full-time,81,96.4,0,0,0,54.2,0.697,68,55,3,67.4,1,1,4.0,17.3,0,0
ORG04487,B,MacBook Pro,27,Male,Finance,Accounts Executive,3,Contract,8,98.8,0,0,1,98.0,0.845,73,66,4,84.7,1,0,5.0,6.7,0,0
ORG01527,B,Lenovo ThinkPad,27,Female,Sales,Sales Executive,2,Full-time,6,94.9,2,2,0,74.7,0.778,59,46,5,59.6,3,3,4.0,12.7,0,0
ORG02667,D,HP ProBook,31,Female,Marketing,Marketing Executive,3,Full-time,85,88.9,2,3,0,60.2,0.54,58,39,9,60.6,3,1,2.0,7.6,2,0
ORG02437,D,HP ProBook,29,Female,Operations,Process Analyst,3,Full-time,46,92.8,4,2,1,70.9,0.502,85,56,12,68.4,0,1,3.0,17.2,0,0
ORG03371,B,Lenovo ThinkPad,36,Male,Marketing,Marketing Executive,3,Full-time,5,90.5,1,1,0,43.5,0.468,25,14,4,35.4,0,1,1.0,26.0,1,1
ORG02585,C,HP ProBook,29,Male,Engineering,Software Engineer,2,Full-time,87,100.0,0,0,0,68.0,0.538,53,46,0,66.8,1,1,3.0,20.0,2,0
ORG02577,D,Dell Latitude,36,Female,Operations,Process Analyst,4,Full-time,52,92.6,2,1,1,77.9,0.87,63,48,7,88.1,1,0,5.0,19.7,1,0
ORG05938,A,MacBook Pro,21,Male,Sales,Sales Executive,1,Full-time,5,93.4,1,1,0,72.1,0.707,33,24,5,71.1,1,0,4.0,5.7,0,0
ORG04841,C,HP ProBook,28,Female,Marketing,Marketing Executive,2,Contract,2,96.0,3,0,1,51.5,0.779,41,34,4,79.2,2,0,4.0,20.3,0,0
ORG00946,D,Lenovo ThinkPad,22,Female,Sales,Sales Executive,2,Full-time,24,89.4,2,0,0,55.8,0.593,55,43,8,63.3,1,0,3.0,6.2,1,0
ORG04958,D,Dell Latitude,37,Male,Sales,Account Manager,3,Full-time,101,92.5,2,0,0,58.0,0.694,64,47,3,61.0,2,1,4.0,15.5,1,0
ORG02793,B,Acer TravelMate,31,Male,Finance,Accounts Executive,3,Full-time,46,86.1,0,10,0,79.0,0.736,54,33,9,69.1,1,1,3.0,11.5,1,0
ORG02451,B,Acer TravelMate,26,Male,Operations,Ops Lead,4,Contract,5,94.6,1,2,0,60.1,0.435,88,67,13,55.0,3,1,2.0,10.1,0,1
ORG00069,D,Lenovo ThinkPad,35,Female,Engineering,Data Analyst,3,Full-time,86,94.4,2,0,0,95.1,0.92,46,43,3,83.6,1,0,4.0,18.8,0,0
ORG05545,B,Dell Latitude,22,Female,Customer Support,Support Associate,1,Full-time,67,94.4,0,2,0,51.4,0.572,111,84,12,60.9,2,0,2.0,14.1,1,1
ORG06202,B,HP ProBook,26,Female,Customer Support,Support Associate,3,Full-time,15,92.6,1,2,1,72.2,0.615,134,102,20,60.8,2,2,3.0,17.4,0,0
ORG01599,A,HP ProBook,26,Male,HR,HR Executive,2,Full-time,65,100.0,0,0,0,85.0,0.843,28,26,0,73.9,1,0,5.0,7.4,2,0
ORG02665,D,Dell Latitude,32,Male,Customer Support,Support Lead,3,Full-time,63,93.7,1,2,0,68.3,0.72,77,73,1,69.6,1,0,4.0,13.2,1,0
ORG03348,B,Lenovo ThinkPad,22,Female,Operations,Process Analyst,2,Full-time,16,95.3,2,1,2,69.2,0.922,67,58,6,74.3,0,2,5.0,19.4,1,0
ORG04835,C,MacBook Pro,37,Female,Sales,Account Manager,4,Full-time,77,93.8,1,2,0,60.2,0.786,53,44,5,55.9,2,2,4.0,27.1,2,1
ORG01504,B,Dell Latitude,21,Female,Customer Support,Support Associate,1,Contract,15,91.3,1,1,1,63.5,0.636,70,54,12,69.5,0,1,3.0,22.5,3,0
ORG02329,C,MacBook Pro,35,Male,Operations,Ops Associate,2,Full-time,117,100.0,0,0,0,89.8,0.858,80,78,4,95.6,0,0,5.0,8.9,1,0
ORG00151,D,Acer TravelMate,28,Male,HR,HR Executive,2,Full-time,117,100.0,1,0,0,54.7,0.525,63,42,5,44.8,4,1,2.0,8.4,1,0
ORG04421,C,Lenovo ThinkPad,21,Male,Sales,Inside Sales Rep,1,Contract,4,92.3,1,6,1,46.3,0.434,65,41,9,43.3,8,4,2.0,7.5,2,1
ORG02087,B,Dell Latitude,30,Female,Sales,Inside Sales Rep,3,Full-time,53,91.7,1,2,0,72.3,0.991,36,33,4,75.2,0,2,4.0,21.9,3,0
ORG05752,A,Lenovo ThinkPad,22,Female,Sales,Inside Sales Rep,1,Full-time,44,96.7,0,2,0,52.3,0.549,64,50,3,56.3,4,1,3.0,8.6,2,1
ORG02583,C,MacBook Pro,33,Male,Engineering,Data Scientist,3,Full-time,37,96.0,3,2,1,56.7,0.801,41,33,3,69.6,1,0,3.0,19.5,2,0
ORG02288,C,Dell Latitude,28,Male,Finance,Finance Analyst,2,Full-time,114,99.0,1,0,0,52.6,0.662,20,15,1,59.8,3,0,3.0,24.5,1,0
ORG00860,D,Dell Latitude,30,Female,Customer Support,Support Lead,3,Full-time,104,94.6,2,3,0,60.3,0.698,105,91,12,73.3,1,0,4.0,32.5,0,0
ORG05697,A,HP ProBook,36,Male,Engineering,Data Analyst,4,Full-time,114,98.1,1,1,1,41.6,0.526,28,20,2,58.9,2,1,2.0,19.9,1,0
ORG05559,B,MacBook Pro,30,Female,Operations,Process Analyst,4,Contract,8,92.8,2,1,1,42.4,0.572,78,55,11,73.9,2,0,2.0,39.7,3,0
ORG02573,B,HP ProBook,22,Female,Finance,Accounts Executive,1,Contract,11,98.5,1,1,0,50.7,0.594,24,19,1,62.3,3,1,2.0,8.9,0,0
ORG00367,B,Lenovo ThinkPad,24,Male,Finance,Finance Analyst,2,Full-time,7,93.4,1,2,0,61.8,0.725,41,30,5,69.0,0,1,3.0,8.5,0,1
ORG01433,B,HP ProBook,27,Female,Engineering,Software Engineer,3,Full-time,106,100.0,1,1,0,45.9,0.591,22,21,1,64.8,5,1,4.0,16.1,0,0
ORG04406,A,Acer TravelMate,26,Male,Operations,Ops Associate,2,Full-time,31,98.7,0,0,0,60.7,0.589,49,44,2,54.8,3,1,4.0,,1,0
ORG01780,B,Acer TravelMate,21,Female,Customer Support,Support Associate,1,Full-time,18,96.2,2,2,1,98.0,0.804,85,72,8,79.5,2,1,5.0,14.1,2,0
ORG04685,D,HP ProBook,30,Male,IT,IT Support,3,Full-time,17,95.4,2,0,0,64.1,0.524,22,16,1,61.8,5,1,3.0,42.6,1,0
ORG04067,C,HP ProBook,36,Male,Sales,Inside Sales Rep,3,Contract,10,96.1,1,2,0,63.8,0.694,62,55,7,71.0,2,1,3.0,10.7,1,0
ORG01819,A,Lenovo ThinkPad,31,Male,Customer Support,Support Associate,3,Full-time,101,92.2,3,1,0,59.6,,130,106,7,67.1,1,1,4.0,13.7,1,0
ORG04437,B,MacBook Pro,26,Female,HR,Talent Acquisition,2,Full-time,3,94.5,0,4,2,33.1,0.674,41,27,5,53.0,1,1,1.0,32.1,0,1
ORG00842,A,HP ProBook,33,Male,Finance,Finance Analyst,4,Contract,3,91.4,4,4,0,73.2,0.819,35,27,3,76.2,1,0,4.0,13.0,1,0
ORG01190,A,Dell Latitude,33,Male,Operations,Ops Lead,3,Full-time,85,100.0,0,0,0,48.9,0.771,111,100,11,65.6,0,1,4.0,8.2,2,0
ORG00176,A,Acer TravelMate,27,Male,Engineering,QA Analyst,2,Full-time,39,92.7,1,2,0,70.1,0.692,41,29,5,72.5,3,0,2.0,18.5,0,0
ORG05530,D,Dell Latitude,34,Female,HR,HR Executive,2,Full-time,64,100.0,0,0,0,50.0,0.624,62,54,4,55.4,2,0,4.0,21.4,1,0
ORG02094,B,MacBook Pro,27,Female,Engineering,Data Scientist,3,Full-time,32,98.8,0,1,0,71.8,0.542,49,41,1,58.2,3,0,3.0,19.0,1,1
ORG05964,B,HP ProBook,28,Male,Sales,Sales Executive,1,Full-time,28,98.4,1,0,1,59.8,0.816,61,46,5,70.0,2,1,3.0,31.0,2,0
ORG04164,D,Dell Latitude,21,Female,Sales,Account Manager,2,Full-time,42,92.9,3,1,1,70.1,0.744,57,44,4,67.7,2,1,3.0,36.8,1,1
ORG02989,A,MacBook Pro,40,Male,Engineering,Data Analyst,4,Full-time,96,97.7,0,1,0,81.7,0.788,22,21,0,82.2,2,0,4.0,12.0,0,0
ORG01031,A,Acer TravelMate,31,Female,Operations,Process Analyst,3,Full-time,6,94.3,1,0,2,41.3,0.514,109,80,16,70.2,1,1,2.0,10.6,2,1
ORG02543,C,HP ProBook,23,Male,Sales,Inside Sales Rep,2,Contract,9,94.7,1,4,0,58.9,0.553,39,25,5,61.0,0,1,2.0,29.5,0,1
ORG00301,D,HP ProBook,32,Male,Finance,Finance Analyst,2,Full-time,64,97.2,2,2,0,73.2,0.739,39,30,4,68.3,2,2,4.0,9.2,1,0
ORG01473,A,Lenovo ThinkPad,33,Male,Engineering,Data Scientist,3,Full-time,75,92.6,1,4,0,61.9,0.692,58,41,5,64.7,1,0,3.0,27.5,2,0
ORG00284,D,Lenovo ThinkPad,23,Male,Sales,Inside Sales Rep,1,Full-time,69,96.8,2,1,1,46.4,0.395,67,39,8,58.7,6,3,3.0,20.3,2,0
ORG03687,A,Dell Latitude,28,Female,Sales,Account Manager,3,Full-time,29,,1,4,0,73.9,0.631,59,45,5,84.0,1,0,3.0,22.6,0,0
ORG02806,C,Dell Latitude,21,Female,Sales,Sales Executive,1,Full-time,88,87.7,2,0,2,45.3,0.406,67,41,8,53.7,2,3,2.0,9.1,0,1
ORG05045,D,HP ProBook,26,Male,Sales,Inside Sales Rep,3,Full-time,41,97.3,1,1,0,77.4,0.856,70,61,5,66.2,1,3,5.0,12.3,0,0
ORG01814,A,Dell Latitude,32,Female,Sales,Account Manager,4,Full-time,26,97.8,0,1,1,63.5,0.621,62,52,3,73.1,1,0,4.0,23.8,3,0
ORG01272,C,MacBook Pro,21,Male,Sales,Account Manager,2,Full-time,23,93.2,2,2,0,82.6,0.731,40,31,3,55.0,3,2,4.0,19.7,2,0
ORG02192,B,Lenovo ThinkPad,31,Male,Operations,Process Analyst,4,Full-time,10,94.7,1,1,1,45.0,0.515,80,63,10,48.8,6,1,2.0,18.4,0,1
ORG03290,A,MacBook Pro,27,Female,Customer Support,Support Associate,2,Full-time,21,92.3,2,1,0,40.8,0.702,66,50,7,71.3,4,2,3.0,9.8,3,1
ORG06076,C,HP ProBook,23,Female,Customer Support,Support Associate,1,Full-time,34,91.3,0,4,0,34.1,0.356,64,41,5,32.3,7,4,1.0,5.6,0,1
ORG02009,C,MacBook Pro,35,Male,Engineering,Data Analyst,3,Full-time,119,100.0,0,0,0,76.6,0.737,39,33,1,89.0,1,1,4.0,16.6,0,0
ORG03521,A,Dell Latitude,22,Female,Customer Support,Support Lead,2,Full-time,80,97.9,1,1,1,67.3,0.814,60,49,6,77.9,2,1,4.0,7.5,0,0
ORG02628,C,Acer TravelMate,29,Female,Sales,Sales Executive,1,Full-time,117,92.9,4,1,1,34.8,0.712,61,49,7,68.8,3,5,3.0,22.7,1,1
ORG05750,C,MacBook Pro,30,Male,IT,IT Support,3,Full-time,110,93.1,2,3,1,87.1,0.774,45,35,5,78.1,3,0,4.0,8.7,0,0
ORG05031,B,HP ProBook,36,Male,Engineering,DevOps Engineer,4,Full-time,5,94.5,1,5,1,67.7,0.841,27,19,2,75.5,0,0,5.0,22.3,1,0
ORG00100,D,Dell Latitude,34,Male,IT,System Admin,4,Full-time,56,96.8,3,0,0,70.4,0.831,71,57,11,67.2,0,1,4.0,11.9,0,0
ORG03313,D,Acer TravelMate,21,Male,Customer Support,Support Associate,1,Contract,1,91.0,3,1,0,46.9,0.545,126,95,21,54.2,5,2,2.0,1.9,1,1
ORG00745,A,Lenovo ThinkPad,29,Male,Customer Support,Support Associate,2,Full-time,95,92.2,1,1,0,82.2,0.896,91,82,7,65.9,2,2,5.0,8.6,0,0
ORG05842,B,HP ProBook,30,Male,Sales,Sales Executive,1,Full-time,60,99.8,0,0,0,65.1,0.747,34,33,1,74.9,1,1,5.0,2.6,0,0
ORG00481,B,HP ProBook,32,Female,Customer Support,Support Lead,3,Full-time,93,94.0,2,2,0,49.6,0.62,82,58,9,58.4,1,2,2.0,39.5,5,0
ORG05141,C,Lenovo ThinkPad,26,Male,Operations,Process Analyst,2,Full-time,34,95.2,0,2,0,63.4,0.72,84,66,12,63.1,2,1,3.0,20.4,1,0
ORG06134,D,Acer TravelMate,22,Male,Sales,Inside Sales Rep,2,Full-time,67,93.6,0,0,2,47.5,0.488,35,24,5,61.3,1,1,2.0,18.8,0,1
ORG04443,A,Lenovo ThinkPad,29,Female,Marketing,Performance Marketer,2,Contract,14,89.3,4,6,3,62.0,0.626,21,13,3,61.5,0,0,2.0,6.3,0,0
ORG01158,B,Lenovo ThinkPad,39,Female,Engineering,Data Analyst,3,Full-time,96,100.0,1,1,0,73.6,0.627,40,31,2,58.2,3,1,4.0,11.0,2,0
ORG01438,C,Lenovo ThinkPad,25,Female,Customer Support,Support Associate,1,Full-time,56,92.8,1,0,0,53.6,0.679,61,44,7,58.2,4,1,3.0,8.3,2,0
ORG04072,D,HP ProBook,36,Male,Operations,Ops Lead,3,Full-time,75,97.7,1,1,0,90.1,0.8,77,70,9,68.8,5,3,4.0,18.3,1,0
ORG00403,C,Dell Latitude,33,Male,Finance,Accounts Executive,3,Full-time,92,94.7,4,2,0,92.7,0.732,28,26,2,88.4,2,0,5.0,20.9,2,0
ORG02196,A,MacBook Pro,21,Male,HR,HR Executive,2,Full-time,33,99.4,0,0,0,82.9,0.728,63,53,5,92.8,0,0,4.0,10.5,3,0
ORG00950,A,Lenovo ThinkPad,23,Female,Sales,Account Manager,2,Full-time,45,97.8,0,0,1,52.4,0.805,63,49,4,68.6,2,1,4.0,39.8,1,0
ORG02068,C,Lenovo ThinkPad,23,Female,IT,IT Support,1,Full-time,9,100.0,0,0,0,56.7,0.652,35,31,2,67.0,2,1,5.0,28.8,0,0
ORG04402,C,Lenovo ThinkPad,26,Female,Finance,Accounts Executive,2,Contract,12,89.8,2,2,1,61.9,0.755,69,54,10,75.5,3,1,4.0,16.7,2,1
ORG00669,C,HP ProBook,31,Female,Sales,Account Manager,4,Full-time,20,96.1,1,2,3,49.4,0.81,71,62,6,73.3,0,1,4.0,10.2,1,0
ORG00219,C,HP ProBook,23,Female,Marketing,Content Specialist,1,Full-time,56,96.8,0,1,0,48.5,0.61,36,28,2,58.5,4,0,2.0,7.4,0,1
ORG01963,C,HP ProBook,28,Female,Operations,Ops Lead,3,Full-time,99,92.8,2,0,0,80.5,0.802,72,60,7,98.5,0,0,5.0,16.3,0,0
ORG05636,A,Lenovo ThinkPad,34,Female,Operations,Process Analyst,4,Full-time,18,87.2,0,3,0,61.9,0.566,95,70,16,72.0,2,1,2.0,16.9,1,1
ORG02826,C,Lenovo ThinkPad,21,Male,Finance,Accounts Executive,1,Full-time,13,99.3,0,0,0,55.2,0.694,22,15,0,53.6,5,1,3.0,17.1,0,0
ORG03277,D,Lenovo ThinkPad,30,Male,Customer Support,Support Associate,1,Full-time,100,92.4,1,2,2,79.5,1.0,55,50,5,91.5,0,0,5.0,36.2,1,0
ORG02265,C,HP ProBook,28,Female,Operations,Process Analyst,4,Contract,5,93.6,3,2,0,69.5,0.845,60,51,6,75.3,2,0,5.0,27.0,2,0
ORG04211,C,Dell Latitude,29,Male,Operations,Ops Associate,1,Full-time,114,96.2,2,1,1,71.9,0.92,96,94,7,79.6,1,0,5.0,12.4,0,0
ORG04166,C,Dell Latitude,21,Male,Sales,Sales Executive,1,Contract,1,97.1,0,4,1,73.8,0.894,34,25,3,63.6,4,2,3.0,6.2,1,0
ORG02146,B,Dell Latitude,34,Male,Marketing,Performance Marketer,2,Full-time,101,100.0,0,1,0,55.9,0.821,42,36,5,66.5,6,2,5.0,6.7,0,0
ORG00778,C,Dell Latitude,33,Male,Engineering,Software Engineer,4,Full-time,51,99.5,1,1,1,52.3,0.604,35,27,1,55.0,4,0,4.0,21.0,3,0
ORG03150,C,Acer TravelMate,35,Male,Engineering,QA Analyst,3,Full-time,72,90.7,3,3,3,72.5,1.0,24,17,4,86.2,0,0,3.0,28.6,2,0
ORG03134,D,MacBook Pro,36,Male,Engineering,Data Scientist,5,Contract,11,95.3,2,2,0,76.3,0.925,55,53,3,91.1,0,0,5.0,20.6,2,0
ORG04018,C,Lenovo ThinkPad,30,Male,Customer Support,Support Associate,3,Full-time,119,95.2,1,0,0,47.8,0.428,93,62,12,49.9,1,0,2.0,48.8,2,0
ORG01492,C,MacBook Pro,31,Female,HR,Talent Acquisition,3,Contract,11,100.0,1,0,0,74.0,0.989,38,36,0,82.8,1,0,5.0,10.9,1,0
ORG05083,C,Dell Latitude,21,Male,Customer Support,Support Associate,1,Full-time,6,89.5,4,2,2,56.8,0.707,81,58,13,70.3,1,0,3.0,11.5,0,0
ORG02311,A,MacBook Pro,29,Male,IT,System Admin,3,Full-time,28,93.3,1,1,1,67.0,0.754,67,51,7,66.5,4,0,4.0,17.3,0,0
ORG02246,B,Dell Latitude,35,Female,Engineering,DevOps Engineer,3,Full-time,73,95.7,1,0,1,51.5,0.569,50,38,2,59.7,1,1,4.0,23.2,0,1
ORG04715,D,Dell Latitude,32,Male,Operations,Process Analyst,3,Contract,8,96.1,1,0,0,65.7,0.715,112,94,12,81.6,3,0,4.0,18.8,0,0
ORG05098,B,HP ProBook,23,Female,Operations,Ops Associate,1,Full-time,69,91.2,2,5,1,45.5,0.313,70,47,11,59.1,1,2,2.0,37.7,2,1
ORG00518,C,Dell Latitude,31,Male,Finance,Finance Analyst,4,Contract,1,97.3,0,1,0,74.2,0.814,38,36,2,86.1,0,2,5.0,5.6,3,0
ORG05384,A,Lenovo ThinkPad,29,Female,Engineering,Software Engineer,3,Full-time,40,92.6,2,1,1,27.9,0.488,28,16,2,53.2,5,0,2.0,17.1,3,1
ORG05239,D,Dell Latitude,31,Female,Customer Support,Support Associate,2,Contract,13,93.9,1,1,0,74.8,0.736,117,87,17,70.2,2,0,4.0,4.3,1,0
ORG04417,D,Dell Latitude,33,Female,Customer Support,Support Associate,2,Full-time,120,93.5,3,4,1,55.7,0.448,130,93,19,62.7,2,4,3.0,11.8,1,0
ORG06152,A,Dell Latitude,23,Female,Finance,Accounts Executive,2,Full-time,50,95.8,0,2,0,28.7,0.478,26,18,2,58.4,2,1,1.0,16.7,2,1
ORG03264,C,Dell Latitude,30,Male,Customer Support,Support Associate,2,Full-time,116,97.7,0,0,0,76.0,0.727,136,126,6,76.3,0,0,4.0,24.3,3,0
ORG00569,D,Acer TravelMate,27,Male,Sales,Sales Executive,3,Full-time,77,92.4,0,3,0,81.2,1.0,58,56,4,86.1,1,1,5.0,28.4,1,0
ORG00361,A,Dell Latitude,29,Female,Marketing,Marketing Executive,2,Full-time,41,92.2,1,2,0,73.7,0.685,22,18,0,63.3,2,0,4.0,28.9,2,0
ORG03471,A,Acer TravelMate,30,Female,Customer Support,Support Lead,2,Full-time,87,92.8,1,2,0,79.0,0.854,118,101,12,62.4,3,1,4.0,11.1,3,0
ORG00760,C,HP ProBook,23,Female,Customer Support,Support Associate,1,Contract,5,92.3,1,2,1,69.6,0.68,133,97,19,67.8,0,2,3.0,9.9,1,0
ORG03443,C,Acer TravelMate,29,Male,Engineering,Software Engineer,2,Full-time,111,94.3,4,1,0,66.4,0.638,48,36,5,64.5,1,1,3.0,10.4,0,0
ORG05935,C,Acer TravelMate,29,Male,Sales,Inside Sales Rep,3,Full-time,62,90.9,2,0,1,62.5,,45,30,6,67.0,2,1,3.0,11.5,0,0
ORG05215,B,Lenovo ThinkPad,29,Male,Customer Support,Support Associate,2,Full-time,96,93.5,0,1,0,44.2,0.687,93,72,8,63.6,2,0,5.0,12.9,0,0
ORG00215,A,Dell Latitude,35,Female,Finance,Finance Analyst,2,Full-time,114,99.5,0,1,0,42.3,0.459,46,38,1,50.4,3,0,3.0,48.9,3,1
ORG03077,D,Lenovo ThinkPad,29,Female,Sales,Account Manager,2,Full-time,58,99.0,1,0,0,74.9,0.773,65,50,5,72.6,1,0,4.0,40.8,4,0
ORG03670,A,Dell Latitude,27,Male,Operations,Process Analyst,2,Full-time,12,95.2,2,1,0,56.0,0.766,46,29,6,54.8,0,1,3.0,18.6,2,0
ORG06181,B,MacBook Pro,34,Female,Engineering,Data Analyst,2,Full-time,104,97.7,1,1,0,56.7,0.486,41,34,0,69.2,0,0,3.0,23.3,0,0
ORG03396,C,Lenovo ThinkPad,22,Female,Marketing,Marketing Executive,3,Contract,5,95.7,1,2,0,64.5,0.637,71,50,9,75.7,2,0,3.0,16.8,0,0
ORG00726,C,Lenovo ThinkPad,35,Male,Engineering,Software Engineer,5,Full-time,72,94.5,1,2,0,66.0,0.76,47,35,3,48.2,2,0,4.0,18.8,1,0
ORG02813,A,MacBook Pro,21,Male,Operations,Ops Lead,2,Contract,4,98.5,0,1,0,58.2,0.45,50,40,2,59.2,1,0,3.0,22.4,1,1
ORG00050,C,Acer TravelMate,31,Female,Engineering,QA Analyst,3,Full-time,32,100.0,0,1,0,72.4,0.868,53,44,4,55.8,1,0,3.0,8.5,1,0
ORG04937,A,Acer TravelMate,37,Male,Sales,Account Manager,2,Full-time,101,100.0,0,0,0,63.1,0.578,64,52,1,46.5,3,0,3.0,25.7,2,0
ORG00888,D,Acer TravelMate,32,Female,Engineering,DevOps Engineer,3,Contract,8,93.2,1,2,1,57.7,0.748,40,28,7,68.2,1,0,2.0,26.4,1,1
ORG05520,B,Dell Latitude,34,Male,Operations,Ops Lead,4,Full-time,67,94.1,0,1,0,55.0,0.846,109,83,15,73.7,0,0,3.0,13.9,2,0
ORG04340,A,Dell Latitude,26,Female,HR,Talent Acquisition,2,Full-time,8,95.7,0,0,0,54.5,0.593,22,16,1,57.9,2,0,3.0,25.0,1,0
ORG00517,D,Dell Latitude,30,Female,Sales,Sales Executive,3,Full-time,82,93.4,3,0,0,67.4,0.665,51,38,4,65.0,1,1,3.0,46.3,1,0
ORG03979,A,HP ProBook,34,Male,Customer Support,Support Associate,2,Full-time,95,98.2,1,2,1,57.3,0.584,116,101,16,70.6,2,2,4.0,17.8,1,1
ORG00140,A,HP ProBook,29,Male,Engineering,Data Scientist,3,Full-time,56,100.0,0,0,0,43.5,0.553,42,35,0,68.2,2,0,3.0,10.6,2,0
ORG02419,A,Dell Latitude,32,Male,Engineering,Software Engineer,3,Full-time,26,98.0,1,1,0,53.2,0.394,41,35,3,62.4,3,0,2.0,9.9,1,1
ORG06187,B,HP ProBook,28,Male,Finance,Finance Analyst,3,Full-time,39,92.2,2,1,0,57.8,0.472,36,27,3,62.4,2,0,3.0,5.7,1,1
ORG03278,A,Lenovo ThinkPad,28,Female,Customer Support,Support Lead,4,Full-time,61,96.2,2,1,2,64.8,0.892,98,71,11,79.4,8,0,3.0,17.2,3,0
ORG00464,D,MacBook Pro,30,Male,Sales,Account Manager,3,Full-time,70,95.5,2,3,1,64.9,0.668,61,49,6,57.0,2,2,3.0,20.5,1,0
ORG05063,A,Lenovo ThinkPad,31,Male,Sales,Sales Executive,2,Full-time,113,90.9,3,3,1,81.1,0.803,62,51,11,89.6,0,0,4.0,10.7,3,0
ORG03465,C,HP ProBook,32,Male,Finance,Finance Analyst,3,Full-time,116,96.6,1,3,1,83.5,0.943,28,24,2,84.1,0,0,5.0,13.0,1,0
ORG00595,A,Lenovo ThinkPad,39,Male,Engineering,DevOps Engineer,4,Full-time,108,90.9,0,2,0,84.7,0.886,43,36,6,82.8,2,0,3.0,38.1,2,0
ORG00451,B,HP ProBook,27,Male,Engineering,QA Analyst,2,Full-time,73,92.9,1,2,3,63.4,0.537,48,35,7,68.2,2,0,3.0,9.8,2,0
ORG03025,A,HP ProBook,32,Male,Sales,Sales Executive,2,Full-time,84,100.0,0,0,0,69.3,0.661,62,52,2,62.4,1,1,4.0,8.5,0,0
ORG02837,B,HP ProBook,26,Male,Operations,Ops Associate,1,Full-time,4,93.6,4,3,0,84.8,0.623,58,48,6,64.3,1,1,3.0,7.9,0,0
ORG00313,B,HP ProBook,33,Male,Sales,Account Manager,4,Full-time,55,93.9,1,1,0,44.2,0.348,42,32,3,41.0,2,0,2.0,35.8,0,1
ORG05525,A,Dell Latitude,30,Male,Sales,Sales Executive,3,Contract,11,91.6,4,3,0,89.0,0.969,42,37,4,99.0,0,0,5.0,30.5,2,0
ORG03548,D,Acer TravelMate,23,Female,IT,IT Support,2,Full-time,63,94.3,1,4,0,98.0,1.0,54,51,7,98.8,0,0,5.0,8.5,3,0
ORG00452,C,Acer TravelMate,24,Female,Marketing,Content Specialist,1,Full-time,23,99.4,2,1,2,25.0,0.1,33,18,3,30.0,3,2,1.0,11.9,0,1
ORG05096,A,MacBook Pro,29,Female,Customer Support,Support Lead,2,Full-time,43,94.1,3,4,3,69.2,0.623,109,76,13,37.8,0,1,2.0,24.1,1,1
ORG00891,B,Acer TravelMate,29,Male,Sales,Sales Executive,3,Full-time,53,96.5,0,1,0,58.9,0.736,68,55,3,83.5,1,0,3.0,8.9,1,0
ORG05979,D,MacBook Pro,37,Male,Engineering,Software Engineer,5,Full-time,32,90.5,5,5,0,40.1,0.634,56,40,8,53.9,3,1,2.0,12.4,0,1
ORG03834,B,Lenovo ThinkPad,34,Female,Customer Support,Support Lead,2,Full-time,31,92.4,4,4,0,69.6,0.82,133,95,25,73.3,1,1,4.0,13.6,0,0
ORG02967,C,HP ProBook,30,Female,Sales,Account Manager,3,Full-time,16,94.6,2,0,0,58.0,0.398,85,71,6,58.1,3,0,1.0,24.8,0,0
ORG05907,D,Lenovo ThinkPad,28,Male,Operations,Ops Lead,2,Full-time,22,92.8,3,1,1,91.1,0.71,94,78,14,83.0,1,1,4.0,14.0,1,0
ORG01000,A,Acer TravelMate,25,Male,Sales,Sales Executive,2,Full-time,25,93.7,1,1,0,70.7,0.567,69,54,6,65.9,1,1,3.0,5.7,0,1
ORG00390,B,Lenovo ThinkPad,26,Female,HR,Talent Acquisition,2,Full-time,83,98.5,0,1,1,82.1,0.758,37,29,3,67.9,2,1,3.0,21.5,0,0
ORG01477,A,Lenovo ThinkPad,25,Male,Customer Support,Support Lead,2,Full-time,39,88.3,1,5,0,70.1,0.943,118,83,20,93.4,0,1,3.0,19.9,1,0
ORG02241,A,Dell Latitude,35,Female,Sales,Account Manager,4,Full-time,61,96.9,2,1,0,52.8,0.604,61,48,8,59.1,1,0,3.0,21.1,2,0
ORG05681,C,HP ProBook,26,Male,Marketing,Content Specialist,2,Full-time,30,100.0,1,0,0,70.3,0.501,37,35,1,76.3,2,1,4.0,14.9,2,0
ORG05264,D,Dell Latitude,29,Female,Marketing,Content Specialist,3,Full-time,42,91.6,0,1,0,69.8,0.669,43,35,6,71.5,1,0,3.0,51.4,0,0
ORG05323,A,Lenovo ThinkPad,31,Male,Marketing,Performance Marketer,4,Full-time,19,92.8,3,4,2,49.1,0.472,55,43,4,52.8,2,0,3.0,16.9,0,0
ORG04075,A,MacBook Pro,39,Male,Engineering,DevOps Engineer,5,Full-time,31,97.4,0,2,0,63.4,0.664,59,47,5,59.6,4,0,3.0,16.8,5,0
ORG04041,D,Dell Latitude,25,Female,Customer Support,Support Lead,2,Full-time,49,91.4,2,1,2,71.6,0.428,128,103,13,54.9,4,1,2.0,38.5,4,0
ORG04359,C,Dell Latitude,29,Female,Customer Support,Support Associate,2,Full-time,61,94.9,2,2,0,52.0,0.59,126,98,11,59.8,2,2,4.0,14.1,2,0
ORG05522,C,Dell Latitude,23,Male,Sales,Inside Sales Rep,3,Full-time,4,95.1,4,0,0,80.5,0.901,63,47,8,67.6,2,1,4.0,35.3,2,0
ORG01294,B,Lenovo ThinkPad,24,Female,Sales,Account Manager,2,Full-time,55,96.2,0,3,0,59.9,0.63,77,63,8,66.7,2,2,3.0,7.4,1,0
ORG05562,D,Acer TravelMate,22,Male,Sales,Sales Executive,3,Full-time,3,91.2,4,2,0,39.4,0.507,63,35,12,42.5,4,2,1.0,19.4,1,1
ORG06031,B,MacBook Pro,24,Male,Sales,Sales Executive,2,Full-time,34,96.9,3,0,1,64.1,0.59,73,58,10,64.0,4,1,4.0,20.2,3,1
ORG01908,A,HP ProBook,29,Male,Engineering,QA Analyst,3,Full-time,15,91.2,5,2,0,82.1,0.796,41,28,3,75.3,2,1,3.0,37.3,5,0
ORG04333,D,Dell Latitude,23,Female,Engineering,Software Engineer,2,Full-time,54,92.3,1,1,2,60.6,0.666,34,21,5,69.6,2,0,3.0,11.2,1,0
ORG04368,C,Acer TravelMate,32,Female,Operations,Process Analyst,3,Full-time,17,90.6,3,1,0,66.9,0.711,70,44,13,65.1,1,0,3.0,39.2,4,1
ORG00369,B,Lenovo ThinkPad,26,Male,Sales,Sales Executive,2,Full-time,108,95.7,0,5,0,69.7,0.819,60,52,6,81.8,1,0,4.0,33.2,0,0
ORG01938,D,Lenovo ThinkPad,28,Female,Operations,Ops Associate,3,Full-time,85,95.7,0,2,0,64.0,0.714,94,73,9,82.8,0,0,2.0,15.2,2,0
ORG01152,B,Dell Latitude,32,Male,Marketing,Marketing Executive,3,Full-time,108,97.2,1,1,0,67.8,0.635,57,49,3,75.7,1,0,,9.6,1,0
ORG04569,B,Lenovo ThinkPad,30,Female,Customer Support,Support Associate,2,Full-time,84,94.0,2,1,0,73.3,0.84,127,97,22,80.6,3,0,4.0,13.2,1,0
ORG02772,D,Dell Latitude,21,Female,Finance,Finance Analyst,2,Full-time,27,91.9,1,0,0,66.0,0.552,40,28,4,67.4,3,0,2.0,23.3,0,0
ORG06214,A,HP ProBook,33,Female,Operations,Ops Lead,4,Full-time,14,97.6,0,0,0,87.8,0.763,117,112,1,83.9,0,0,5.0,16.9,1,0
ORG00192,A,HP ProBook,26,Male,Sales,Account Manager,2,Contract,1,93.9,2,2,1,40.8,0.512,57,39,5,60.6,1,1,2.0,15.0,2,0
ORG05147,A,Dell Latitude,30,Male,Marketing,Marketing Executive,3,Full-time,91,96.0,0,2,0,85.2,0.792,58,47,9,69.6,1,2,3.0,8.0,2,0
ORG04292,B,Lenovo ThinkPad,27,Female,Engineering,Software Engineer,2,Full-time,32,90.2,1,2,0,85.5,0.834,39,33,7,72.1,0,0,4.0,11.9,0,0
ORG00175,D,Lenovo ThinkPad,33,Male,Engineering,Data Scientist,5,Full-time,99,89.5,2,2,1,48.5,0.619,41,25,7,61.9,5,2,3.0,15.7,1,1
ORG03540,D,Acer TravelMate,33,Male,Sales,Account Manager,2,Full-time,97,90.3,1,5,0,71.2,0.74,46,35,5,61.3,2,1,4.0,9.7,1,1
ORG03865,D,Dell Latitude,35,Male,IT,IT Support,2,Full-time,71,100.0,0,1,0,60.8,0.534,22,19,1,74.4,2,0,4.0,13.9,1,0
ORG04170,D,Dell Latitude,32,Female,Customer Support,Support Lead,3,Full-time,101,99.5,0,0,0,86.1,0.763,87,81,2,70.7,0,0,4.0,22.3,0,0
ORG03608,A,Dell Latitude,26,Male,Sales,Account Manager,2,Full-time,53,94.6,0,2,0,83.1,0.705,75,68,7,90.6,1,0,4.0,11.8,0,0
ORG02293,D,HP ProBook,26,Female,Operations,Ops Lead,3,Contract,11,90.6,1,2,1,65.3,0.987,91,77,16,84.0,0,0,4.0,12.7,0,0
ORG05493,A,Lenovo ThinkPad,32,Male,Sales,Account Manager,3,Full-time,43,97.3,2,2,1,56.5,0.818,86,57,13,62.1,3,4,3.0,13.4,0,0
ORG06145,B,Dell Latitude,29,Male,Operations,Ops Associate,1,Full-time,84,90.2,6,2,1,62.9,0.589,67,51,10,74.9,1,1,2.0,14.7,0,0
ORG03167,B,Dell Latitude,28,Male,Engineering,QA Analyst,3,Full-time,88,97.0,2,1,0,69.7,0.704,45,37,3,69.8,5,1,4.0,37.5,0,0
ORG02866,D,Dell Latitude,30,Male,Engineering,DevOps Engineer,3,Full-time,34,97.3,2,2,0,73.7,0.673,27,25,0,78.0,3,0,3.0,25.6,0,0
ORG01165,C,Lenovo ThinkPad,43,Male,Engineering,Software Engineer,5,Contract,8,97.2,2,0,0,66.0,0.91,65,53,6,84.3,1,0,3.0,32.6,4,0
ORG03024,B,Dell Latitude,29,Female,Operations,Ops Associate,1,Full-time,90,94.3,0,1,0,72.5,0.99,105,100,12,80.3,0,0,5.0,9.4,2,0
ORG02371,B,Lenovo ThinkPad,32,Male,Customer Support,Support Associate,3,Full-time,15,98.0,5,2,1,85.6,0.946,76,66,8,66.4,1,1,5.0,20.1,2,0
ORG04695,A,Lenovo ThinkPad,25,Female,Sales,Sales Executive,1,Full-time,37,92.0,2,3,1,37.0,0.354,59,38,6,48.0,6,1,1.0,14.4,2,1
ORG01662,C,HP ProBook,28,Male,Operations,Ops Lead,4,Full-time,9,92.6,4,3,1,65.2,0.472,51,39,8,70.2,2,2,3.0,12.2,1,1
ORG00509,C,Lenovo ThinkPad,25,Female,Customer Support,Support Associate,1,Full-time,63,98.2,0,1,0,79.3,0.573,101,86,11,74.5,1,0,4.0,4.0,1,0
ORG00167,D,MacBook Pro,28,Female,HR,HR Executive,2,Full-time,79,97.8,1,2,0,83.2,0.765,38,33,1,90.8,0,1,4.0,30.6,2,0
ORG02603,A,HP ProBook,39,Male,Customer Support,Support Lead,4,Full-time,73,93.2,2,1,2,75.1,0.761,125,94,20,70.2,0,1,3.0,16.2,1,0
ORG04326,B,Acer TravelMate,21,Female,Customer Support,Support Lead,2,Full-time,7,90.8,0,1,0,76.0,0.72,88,77,10,89.3,0,3,3.0,37.6,4,0
ORG04315,C,HP ProBook,31,Male,Engineering,Data Scientist,4,Full-time,32,98.0,1,2,2,83.9,0.771,61,57,6,90.5,0,0,5.0,21.3,1,0
ORG05598,B,HP ProBook,32,Male,Customer Support,Support Associate,1,Full-time,107,99.4,2,0,0,50.3,0.588,94,77,5,69.0,0,0,4.0,27.8,1,0
ORG00104,C,Dell Latitude,24,Male,IT,System Admin,2,Full-time,49,96.4,0,1,0,66.9,0.825,66,58,5,83.4,0,0,3.0,14.1,0,0
ORG02719,B,HP ProBook,23,Female,Engineering,QA Analyst,2,Full-time,7,91.0,2,1,1,63.2,0.741,30,25,4,70.5,0,0,4.0,36.9,2,0
ORG05267,B,Acer TravelMate,31,Female,Sales,Sales Executive,3,Full-time,94,93.4,3,0,0,75.6,0.595,42,31,5,72.4,3,1,3.0,17.6,1,0
ORG03048,A,Dell Latitude,23,Female,Operations,Ops Associate,1,Contract,10,95.1,0,0,0,44.7,0.474,53,43,4,65.6,0,2,2.0,24.9,0,0
ORG01753,D,Lenovo ThinkPad,28,Male,Marketing,Performance Marketer,2,Full-time,97,99.4,0,0,0,68.6,0.753,52,48,4,78.7,2,0,4.0,7.9,1,0
ORG05634,B,Lenovo ThinkPad,32,Male,Engineering,Data Scientist,3,Full-time,117,91.0,3,2,1,73.3,0.854,56,46,8,86.1,2,1,5.0,28.0,1,0
ORG03044,B,Lenovo ThinkPad,24,Female,Customer Support,Support Lead,2,Full-time,30,94.2,0,1,0,75.3,0.886,112,89,17,68.5,2,3,4.0,13.5,1,0
ORG01659,B,MacBook Pro,22,Male,Sales,Sales Executive,1,Full-time,28,96.8,1,1,1,43.6,0.376,33,26,4,52.0,4,1,2.0,22.3,5,1
ORG00153,A,HP ProBook,30,Female,Engineering,Data Analyst,2,Full-time,81,92.0,3,1,0,71.5,0.757,40,28,2,54.5,4,2,3.0,14.4,1,0
ORG03918,C,Dell Latitude,30,Female,Customer Support,Support Associate,3,Full-time,24,93.0,5,2,0,72.2,0.593,132,107,19,70.4,2,2,2.0,14.8,0,0
ORG01584,C,Lenovo ThinkPad,27,Male,Sales,Sales Executive,2,Full-time,32,90.4,4,3,0,70.0,0.919,56,46,6,68.1,2,1,4.0,25.2,2,0
ORG02446,C,Lenovo ThinkPad,27,Male,Operations,Ops Associate,2,Full-time,92,99.2,1,1,0,95.7,0.996,88,86,10,96.8,0,0,5.0,7.2,0,0
ORG05435,A,Dell Latitude,33,Female,Finance,Accounts Executive,2,Full-time,102,93.1,1,1,1,60.1,0.526,35,25,5,53.2,3,2,2.0,20.1,1,1
ORG04627,A,MacBook Pro,21,Female,HR,Talent Acquisition,2,Full-time,119,96.4,0,0,0,93.5,0.726,35,29,1,85.0,0,0,4.0,19.1,0,0
ORG05138,C,HP ProBook,29,Female,Engineering,DevOps Engineer,3,Full-time,28,93.8,2,4,0,62.9,0.928,41,29,6,65.2,2,0,4.0,7.4,1,1
ORG02210,B,HP ProBook,37,Male,Engineering,Software Engineer,4,Full-time,55,92.4,3,2,0,63.6,0.764,49,32,5,68.0,2,0,3.0,10.9,2,0
ORG02973,A,Lenovo ThinkPad,35,Female,Engineering,DevOps Engineer,4,Full-time,56,97.2,1,2,0,63.3,0.885,36,34,2,71.4,1,0,5.0,21.8,1,0
ORG03525,B,Lenovo ThinkPad,41,Male,Customer Support,Support Lead,4,Full-time,106,93.7,0,5,0,,0.698,137,99,21,53.9,1,1,3.0,17.5,1,0
ORG01823,D,HP ProBook,30,Female,Customer Support,Support Associate,2,Full-time,118,99.8,3,0,0,28.4,0.333,66,51,3,36.8,2,3,2.0,9.2,1,1
ORG04863,A,HP ProBook,31,Female,Sales,Sales Executive,3,Full-time,118,95.4,2,1,0,65.2,0.582,41,25,6,50.8,5,1,2.0,12.5,2,1
ORG05187,B,Acer TravelMate,24,Female,Engineering,QA Analyst,3,Full-time,8,99.0,1,2,0,58.4,0.602,23,19,1,69.7,0,0,3.0,25.3,0,0
ORG00310,D,MacBook Pro,34,Female,Engineering,Data Scientist,5,Full-time,119,100.0,0,0,0,59.4,0.554,21,18,0,60.7,0,0,4.0,37.8,2,0
ORG05193,D,Dell Latitude,28,Male,Engineering,QA Analyst,3,Contract,10,95.6,0,5,1,74.8,0.737,54,43,7,66.7,1,1,4.0,7.0,0,0
ORG04920,A,Dell Latitude,21,Male,Customer Support,Support Associate,2,Full-time,52,96.1,2,2,1,49.0,0.449,88,66,14,50.6,2,0,2.0,17.1,1,1
ORG02891,B,Acer TravelMate,32,Female,Engineering,Data Scientist,3,Full-time,119,100.0,0,1,0,91.8,0.986,37,34,0,78.6,3,0,5.0,13.6,2,0
ORG00496,D,MacBook Pro,25,Male,Customer Support,Support Lead,2,Full-time,26,89.4,2,1,2,77.4,0.708,77,61,11,65.6,3,1,2.0,17.3,1,0
ORG00206,D,HP ProBook,26,Male,Sales,Inside Sales Rep,2,Full-time,32,96.3,0,4,0,60.3,0.681,79,63,6,53.5,1,0,3.0,22.7,0,1
ORG01435,D,Acer TravelMate,33,Male,Engineering,DevOps Engineer,3,Full-time,114,100.0,0,0,0,92.3,1.0,35,34,0,91.1,2,0,5.0,19.4,0,0
ORG01136,C,Dell Latitude,27,Female,Sales,Inside Sales Rep,3,Contract,8,99.6,0,0,1,67.9,0.814,76,60,7,88.0,0,1,4.0,23.4,2,0
ORG00869,B,Dell Latitude,34,Male,Engineering,Data Scientist,3,Full-time,11,99.0,0,0,0,73.8,0.615,43,35,2,75.7,0,0,4.0,11.5,1,0
ORG00306,D,Dell Latitude,26,Male,Customer Support,Support Associate,3,Full-time,38,96.5,1,1,1,84.5,0.835,111,99,15,77.0,2,0,4.0,14.6,2,0
ORG01850,A,Dell Latitude,21,Female,Finance,Accounts Executive,1,Full-time,106,95.2,1,0,0,55.3,0.545,41,32,5,75.6,2,0,3.0,1.7,0,0
ORG05824,C,Lenovo ThinkPad,30,Male,Engineering,Software Engineer,4,Full-time,72,90.0,1,5,0,60.8,0.82,51,45,5,69.8,4,1,5.0,18.7,1,1
ORG01989,C,Acer TravelMate,30,Male,IT,System Admin,3,Full-time,67,98.3,0,0,0,70.0,0.642,35,26,3,76.1,2,0,4.0,9.4,0,0
ORG03083,A,Dell Latitude,27,Female,Operations,Ops Associate,2,Full-time,62,87.7,2,2,0,35.7,0.518,86,50,20,58.9,5,2,2.0,13.9,0,1
ORG01535,D,Acer TravelMate,34,Male,Engineering,Data Analyst,3,Full-time,89,97.3,2,1,0,56.1,0.67,48,40,3,73.9,3,0,4.0,17.4,0,0
ORG00844,A,Dell Latitude,30,Male,Customer Support,Support Lead,3,Full-time,10,93.3,0,0,0,68.8,0.706,138,106,18,59.3,4,4,3.0,11.2,3,1
ORG01988,C,Dell Latitude,31,Male,Operations,Ops Lead,2,Full-time,17,96.1,0,0,0,94.8,1.0,99,97,3,99.0,0,0,5.0,10.8,1,0
ORG03333,A,HP ProBook,39,Male,Engineering,Software Engineer,5,Full-time,89,89.5,3,1,0,67.3,0.646,22,16,2,68.7,1,0,3.0,18.5,0,0
ORG04954,A,HP ProBook,29,Male,IT,IT Support,2,Full-time,111,90.4,2,5,0,41.5,0.672,38,25,5,56.4,3,0,2.0,,1,1
ORG05230,D,Dell Latitude,25,Male,Sales,Account Manager,3,Contract,5,96.5,0,1,0,72.5,0.686,66,59,7,87.4,1,1,4.0,43.5,4,0
ORG05478,B,HP ProBook,26,Female,Customer Support,Support Lead,2,Full-time,56,96.5,2,2,0,69.2,0.594,64,57,8,61.5,1,1,3.0,27.6,1,1
ORG01539,D,MacBook Pro,25,Male,HR,Talent Acquisition,2,Full-time,69,97.1,1,3,1,51.1,0.625,47,32,4,65.4,0,1,3.0,22.0,6,0
ORG00212,A,MacBook Pro,29,Male,Operations,Ops Lead,3,Full-time,79,99.1,0,0,0,76.4,0.775,63,49,3,79.0,2,0,3.0,8.0,1,0
ORG01958,D,MacBook Pro,23,Male,Engineering,Software Engineer,2,Contract,1,95.6,2,1,1,50.9,0.385,25,19,1,43.2,1,0,2.0,9.9,0,0
ORG04955,D,Dell Latitude,34,Male,Sales,Account Manager,4,Full-time,80,95.6,1,3,1,64.4,0.679,86,74,8,64.0,2,3,4.0,23.3,2,0
ORG02620,B,HP ProBook,30,Female,Marketing,Marketing Executive,3,Full-time,32,95.1,1,1,1,85.3,0.812,52,49,3,93.2,0,0,5.0,5.7,0,0
ORG04276,B,Acer TravelMate,35,Male,Engineering,DevOps Engineer,3,Full-time,110,93.9,2,2,1,98.0,0.864,43,38,3,99.0,0,0,5.0,14.3,1,0
ORG01350,B,Lenovo ThinkPad,30,Female,Engineering,Data Scientist,4,Full-time,20,94.7,2,0,0,80.8,0.62,29,25,3,83.3,0,0,3.0,18.0,0,0
ORG03669,C,MacBook Pro,26,Female,Sales,Inside Sales Rep,1,Full-time,116,94.4,3,1,2,70.1,0.598,56,48,3,75.0,2,0,3.0,15.5,1,0
ORG05422,B,HP ProBook,25,Male,Customer Support,Support Associate,2,Contract,17,90.7,5,3,0,81.7,0.732,69,58,6,83.6,1,1,5.0,10.9,1,0
ORG00681,D,HP ProBook,23,Male,Engineering,Software Engineer,2,Contract,16,94.2,2,3,0,65.7,0.674,18,13,2,65.6,2,2,3.0,23.4,0,0
ORG00181,D,Dell Latitude,34,Male,Marketing,Performance Marketer,4,Full-time,48,88.7,0,3,1,70.3,0.79,35,25,4,73.6,3,1,2.0,12.3,0,0
ORG06013,A,HP ProBook,29,Male,Engineering,QA Analyst,4,Full-time,22,96.0,0,1,0,57.0,0.816,46,42,1,67.0,3,0,5.0,9.8,2,0
ORG05716,D,HP ProBook,30,Male,Engineering,Software Engineer,4,Full-time,64,93.8,2,3,0,67.1,0.658,62,52,9,59.4,7,2,2.0,19.1,0,0
ORG05303,A,Dell Latitude,28,Female,Finance,Finance Analyst,4,Full-time,42,95.7,1,1,0,61.1,0.723,41,32,5,67.6,1,1,3.0,19.8,1,0
ORG00279,D,Dell Latitude,29,Female,Marketing,Content Specialist,2,Full-time,35,98.7,0,1,0,62.7,0.68,51,42,2,61.5,2,0,3.0,15.2,0,0
ORG00290,A,Lenovo ThinkPad,28,Female,Engineering,Data Analyst,3,Full-time,10,91.0,0,2,1,48.3,0.591,21,15,2,59.8,1,1,1.0,20.2,0,0
ORG04731,B,HP ProBook,35,Male,Sales,Account Manager,3,Full-time,114,96.3,3,1,2,46.8,0.514,49,37,5,68.2,3,3,,20.9,5,0
ORG00994,A,Dell Latitude,32,Male,Engineering,Data Analyst,4,Full-time,21,95.4,1,1,1,71.7,0.925,63,50,5,74.0,1,0,5.0,8.4,1,0
ORG02237,A,Dell Latitude,21,Female,Engineering,Data Analyst,2,Full-time,31,95.1,1,0,0,29.2,0.484,26,17,2,53.5,3,1,1.0,28.1,3,1
ORG02914,A,Acer TravelMate,32,Female,Operations,Ops Associate,1,Full-time,100,95.4,1,2,0,38.2,0.463,97,66,16,37.9,4,3,2.0,8.2,1,0
ORG03451,B,Dell Latitude,26,Female,Operations,Ops Associate,2,Full-time,38,95.4,2,0,1,51.0,0.562,67,51,5,57.5,1,0,2.0,13.3,0,0
ORG04444,B,HP ProBook,34,Female,Marketing,Performance Marketer,3,Full-time,48,95.3,0,0,0,73.4,0.668,46,40,4,65.8,3,0,3.0,9.8,1,0
ORG06183,B,Lenovo ThinkPad,28,Male,HR,HR Executive,1,Full-time,109,94.7,0,2,0,85.6,,34,30,2,58.9,0,1,3.0,17.0,2,0
ORG00271,B,HP ProBook,41,Male,Engineering,Data Scientist,5,Full-time,53,98.9,1,4,1,70.1,0.831,42,34,3,70.0,1,0,4.0,24.6,2,0
ORG02418,A,Dell Latitude,24,Female,Customer Support,Support Associate,1,Full-time,51,89.0,3,6,0,68.5,0.691,108,67,19,52.8,1,2,3.0,14.3,1,1
ORG05155,A,MacBook Pro,30,Male,Engineering,QA Analyst,3,Full-time,40,92.6,2,2,0,92.4,0.964,51,45,7,79.7,1,1,4.0,15.8,1,0
ORG02520,A,Lenovo ThinkPad,32,Male,Engineering,Data Analyst,3,Full-time,63,95.1,1,1,0,67.7,0.562,47,34,2,65.7,1,0,3.0,10.9,1,1
ORG04898,C,Lenovo ThinkPad,27,Female,Customer Support,Support Associate,2,Full-time,94,93.9,0,2,0,39.0,0.257,137,82,9,39.1,1,1,2.0,10.4,0,1
ORG00112,B,HP ProBook,27,Male,Engineering,Data Scientist,3,Full-time,33,100.0,0,0,0,62.3,0.688,31,28,0,66.6,3,1,4.0,14.1,0,0
ORG01392,D,Lenovo ThinkPad,23,Female,HR,Talent Acquisition,2,Full-time,6,94.9,1,1,0,73.1,0.705,46,39,4,59.1,3,2,3.0,13.5,1,0
ORG00221,C,Dell Latitude,29,Male,Sales,Inside Sales Rep,2,Full-time,77,98.1,1,1,0,68.0,0.702,53,44,6,80.2,1,0,5.0,16.4,0,0
ORG03612,D,Dell Latitude,21,Male,Sales,Sales Executive,1,Full-time,6,97.8,1,0,0,82.3,0.885,77,72,5,72.9,0,0,,24.0,3,0
ORG00084,C,Dell Latitude,28,Female,Engineering,Software Engineer,2,Full-time,23,96.6,0,2,1,69.4,0.717,50,36,6,73.4,1,1,4.0,33.9,1,0
ORG03831,B,Dell Latitude,27,Male,Customer Support,Support Associate,1,Full-time,43,92.5,2,2,2,31.6,0.706,92,64,15,57.1,1,3,2.0,12.1,3,1
ORG03794,B,Dell Latitude,26,Female,Engineering,QA Analyst,3,Full-time,44,93.4,0,0,0,88.3,,30,29,1,81.5,0,0,5.0,12.4,1,0
ORG00462,A,Lenovo ThinkPad,34,Male,Engineering,QA Analyst,4,Full-time,36,97.8,0,0,0,78.9,0.754,29,25,2,82.9,1,0,3.0,33.4,3,0
ORG05546,A,Dell Latitude,26,Male,Sales,Inside Sales Rep,2,Full-time,11,100.0,1,1,0,83.2,0.719,63,54,4,55.3,2,0,4.0,14.0,0,0
ORG00552,D,Dell Latitude,28,Female,Engineering,QA Analyst,3,Full-time,22,100.0,2,1,1,87.0,0.824,41,36,3,82.1,1,0,4.0,24.7,1,0
ORG04222,B,Dell Latitude,29,Male,Engineering,DevOps Engineer,3,Full-time,51,96.5,1,1,0,64.9,0.673,25,16,2,83.7,1,0,3.0,8.5,1,1
ORG04953,B,MacBook Pro,35,Male,Sales,Account Manager,4,Full-time,107,99.3,0,0,0,54.2,0.563,43,37,1,61.7,1,0,4.0,15.0,0,0
ORG05305,D,Dell Latitude,34,Female,Engineering,Data Scientist,3,Full-time,83,96.6,2,1,0,66.2,0.805,49,40,4,67.8,0,0,5.0,21.1,2,0
ORG05621,A,Dell Latitude,24,Female,Customer Support,Support Associate,1,Full-time,111,96.9,0,0,0,66.9,0.9,104,81,8,49.1,5,3,4.0,9.1,2,1
ORG04089,A,Lenovo ThinkPad,34,Male,Engineering,QA Analyst,4,Full-time,28,95.1,1,1,1,82.6,0.793,43,35,4,73.1,1,0,5.0,19.4,0,0
ORG03103,D,HP ProBook,29,Male,IT,IT Support,1,Contract,10,94.9,2,1,0,88.1,0.877,28,27,2,99.0,0,0,4.0,3.7,0,0
ORG02330,A,MacBook Pro,26,Male,Customer Support,Support Lead,3,Full-time,45,91.1,0,4,1,86.4,0.939,87,67,15,79.4,2,0,4.0,11.5,1,0
ORG02147,C,Acer TravelMate,29,Female,Engineering,Data Scientist,4,Contract,9,97.4,1,0,0,75.9,0.882,58,50,4,66.4,3,1,3.0,6.2,0,0
ORG05395,A,Dell Latitude,35,Male,Customer Support,Support Lead,4,Full-time,22,96.0,1,3,0,78.8,0.894,96,77,9,79.0,3,1,5.0,21.0,1,0
ORG04025,D,Lenovo ThinkPad,29,Male,Finance,Accounts Executive,2,Full-time,89,98.4,1,0,0,31.6,0.263,50,37,4,49.7,4,0,1.0,8.1,0,1
ORG00651,D,Dell Latitude,26,Female,Customer Support,Support Lead,3,Full-time,44,97.7,0,1,0,78.8,0.847,82,78,2,85.3,0,0,4.0,17.4,0,0
ORG00709,D,MacBook Pro,28,Female,Customer Support,Support Lead,2,Contract,12,88.8,3,2,0,42.5,0.397,103,65,15,55.7,3,1,1.0,10.4,1,1
ORG05392,C,Dell Latitude,22,Male,Sales,Inside Sales Rep,1,Contract,10,94.5,2,3,1,74.9,0.642,36,30,5,76.9,2,2,3.0,4.6,0,0
ORG02716,B,Lenovo ThinkPad,34,Female,Sales,Inside Sales Rep,3,Full-time,24,90.0,1,3,0,63.6,0.741,65,51,10,81.8,0,0,3.0,31.2,1,0
ORG02641,C,Dell Latitude,30,Female,Finance,Accounts Executive,2,Full-time,112,89.6,1,3,1,71.9,0.837,31,26,2,78.1,1,0,5.0,16.4,1,0
ORG04221,B,MacBook Pro,29,Male,Engineering,Data Scientist,3,Contract,5,,0,2,0,57.7,0.714,51,44,1,70.0,0,0,4.0,21.9,2,0
ORG01425,A,Lenovo ThinkPad,32,Male,Sales,Account Manager,4,Full-time,62,99.9,0,1,0,79.1,0.973,69,58,4,85.3,1,1,4.0,16.3,1,0
ORG01217,D,Lenovo ThinkPad,33,Male,Sales,Account Manager,4,Full-time,31,97.5,0,0,0,70.5,0.792,78,73,7,88.8,0,1,4.0,,3,0
ORG04811,C,HP ProBook,32,Male,Customer Support,Support Lead,4,Full-time,60,99.4,1,2,0,59.5,1.0,145,142,15,76.6,0,1,4.0,12.7,1,0
ORG01925,C,HP ProBook,31,Male,Sales,Inside Sales Rep,3,Full-time,41,91.9,2,0,0,66.6,0.555,63,48,9,73.0,1,2,2.0,18.1,0,0
ORG03406,B,Lenovo ThinkPad,30,Female,HR,Talent Acquisition,2,Full-time,75,100.0,0,0,0,58.7,0.567,38,33,0,63.5,1,1,4.0,23.2,1,0
ORG03015,B,MacBook Pro,21,Female,Sales,Inside Sales Rep,1,Full-time,68,99.1,2,3,0,85.7,0.777,66,62,2,76.4,0,0,4.0,41.9,1,0
ORG00315,A,Acer TravelMate,31,Male,Sales,Account Manager,3,Contract,13,88.2,4,2,0,70.8,0.673,54,44,9,95.0,2,0,3.0,19.6,1,0
ORG03064,D,HP ProBook,25,Female,Marketing,Marketing Executive,1,Full-time,63,98.3,1,1,0,65.1,0.499,48,41,0,69.7,1,0,3.0,15.0,0,0
ORG01428,B,HP ProBook,29,Male,Engineering,Data Scientist,3,Full-time,83,88.3,5,1,2,50.1,0.491,54,38,7,51.9,5,0,3.0,12.1,2,1
ORG02978,C,Lenovo ThinkPad,23,Male,Finance,Accounts Executive,2,Full-time,90,95.3,1,2,1,53.5,0.409,22,16,2,59.3,2,2,2.0,11.7,0,0
ORG03766,A,Acer TravelMate,26,Male,Finance,Accounts Executive,1,Full-time,101,97.7,0,2,0,76.7,0.638,49,43,4,85.2,1,0,4.0,27.2,2,0
ORG03173,B,HP ProBook,28,Female,Finance,Accounts Executive,1,Full-time,110,95.9,1,0,0,65.0,0.499,32,27,2,62.5,0,0,2.0,10.0,0,0
ORG05104,D,Lenovo ThinkPad,26,Male,Operations,Process Analyst,2,Full-time,16,96.5,1,2,0,50.9,0.473,58,41,7,52.1,0,0,2.0,16.2,0,1
ORG05225,D,HP ProBook,31,Female,Customer Support,Support Associate,3,Full-time,65,92.7,5,1,2,95.8,0.753,91,73,17,94.1,1,1,4.0,19.9,0,0
ORG03589,C,HP ProBook,30,Male,Finance,Finance Analyst,2,Full-time,6,89.6,4,1,0,70.8,0.634,31,23,4,70.3,1,0,4.0,44.5,2,0
ORG05488,C,HP ProBook,28,Female,Engineering,DevOps Engineer,4,Full-time,64,93.2,2,3,1,45.7,0.347,34,23,4,60.5,4,0,2.0,17.1,0,1
ORG03675,C,HP ProBook,22,Male,Finance,Accounts Executive,1,Full-time,25,96.1,1,2,0,74.3,0.752,62,51,6,64.2,4,1,2.0,9.5,0,0
ORG01943,A,HP ProBook,26,Male,Customer Support,Support Lead,4,Full-time,7,100.0,0,0,0,82.3,0.738,141,138,10,71.6,0,3,4.0,15.1,0,0
ORG02841,C,MacBook Pro,30,Female,Finance,Accounts Executive,3,Contract,1,92.7,2,3,0,59.9,0.764,29,20,4,54.5,4,2,3.0,9.7,2,1
ORG00685,D,MacBook Pro,25,Female,Operations,Ops Lead,2,Full-time,22,100.0,0,1,0,75.8,1.0,102,96,0,77.3,2,0,5.0,15.5,1,0
ORG05322,D,Lenovo ThinkPad,25,Male,Operations,Ops Associate,3,Full-time,15,96.3,1,0,0,43.2,0.582,110,82,4,48.4,4,2,2.0,30.1,4,0
ORG02466,A,Dell Latitude,24,Male,Finance,Finance Analyst,2,Full-time,74,93.0,2,1,0,79.9,0.578,52,38,5,70.5,3,0,3.0,8.3,1,0
ORG05080,C,Lenovo ThinkPad,26,Female,Finance,Finance Analyst,3,Full-time,49,91.3,4,1,0,52.1,0.668,53,50,5,62.7,1,1,2.0,30.1,0,0
ORG05426,C,Lenovo ThinkPad,32,Male,Operations,Ops Associate,2,Full-time,78,98.1,0,0,1,90.8,0.811,106,94,5,80.6,2,1,5.0,15.1,2,0
ORG00327,B,Dell Latitude,30,Female,HR,HR Executive,3,Full-time,33,98.7,0,0,0,59.0,0.74,59,50,2,77.3,2,0,4.0,13.1,1,1
ORG06217,D,Dell Latitude,35,Male,Customer Support,Support Lead,4,Full-time,58,93.2,1,1,0,54.6,0.58,95,69,14,54.4,4,1,3.0,18.0,2,0
ORG06180,A,Acer TravelMate,39,Female,Customer Support,Support Lead,4,Full-time,104,99.9,0,1,0,98.0,0.919,140,137,4,95.7,0,0,5.0,14.7,4,0
ORG02916,C,Acer TravelMate,36,Male,Engineering,DevOps Engineer,4,Full-time,63,91.6,0,1,0,69.0,0.803,39,32,3,64.2,0,2,4.0,20.1,4,1
ORG05458,D,MacBook Pro,32,Male,Operations,Process Analyst,4,Full-time,48,90.6,1,2,2,80.4,0.86,68,57,10,69.9,1,0,4.0,22.1,1,0
ORG04193,B,Acer TravelMate,22,Female,Customer Support,Support Associate,1,Contract,7,96.2,0,1,0,60.2,0.663,70,55,9,64.3,3,3,2.0,19.5,2,0
ORG04747,C,MacBook Pro,37,Female,Customer Support,Support Lead,4,Full-time,104,96.4,0,0,0,63.4,0.528,98,89,2,62.0,4,1,5.0,18.8,0,0
ORG02642,D,Lenovo ThinkPad,27,Male,Finance,Accounts Executive,1,Full-time,102,92.7,6,1,2,68.6,0.771,39,30,4,78.3,2,1,4.0,3.8,3,0
ORG01677,A,Lenovo ThinkPad,28,Male,Finance,Finance Analyst,3,Contract,8,96.6,2,3,2,59.0,0.859,40,36,4,67.0,3,2,4.0,18.4,0,0
ORG00349,C,Lenovo ThinkPad,38,Male,Operations,Ops Lead,4,Full-time,119,98.4,0,1,0,55.4,0.417,54,45,2,43.1,1,0,3.0,13.0,2,0
ORG01627,B,HP ProBook,25,Male,Sales,Inside Sales Rep,1,Full-time,13,97.9,1,0,0,28.2,0.352,52,36,2,54.6,0,2,1.0,8.7,0,1
ORG04658,A,Dell Latitude,31,Other,Engineering,Data Scientist,3,Full-time,112,97.2,1,0,0,81.4,0.785,48,43,3,84.2,4,1,4.0,9.7,0,0
ORG04770,C,Lenovo ThinkPad,24,Male,Finance,Finance Analyst,2,Full-time,49,100.0,0,0,0,36.2,0.453,25,16,2,60.4,4,2,3.0,18.2,0,0
ORG00872,D,Lenovo ThinkPad,34,Female,Engineering,Data Analyst,4,Full-time,73,96.3,2,0,0,60.4,0.7,61,54,6,60.4,5,0,3.0,19.6,0,0
ORG03321,B,Acer TravelMate,35,Female,Engineering,Software Engineer,5,Contract,11,95.4,2,1,0,78.6,0.699,61,58,3,80.7,0,0,4.0,20.0,2,0
ORG04999,B,Lenovo ThinkPad,21,Male,Sales,Inside Sales Rep,1,Full-time,18,98.4,0,2,0,40.4,0.52,30,24,1,41.8,3,1,3.0,11.1,0,1
ORG02639,A,Dell Latitude,27,Female,HR,HR Executive,3,Full-time,71,100.0,0,0,0,84.0,0.907,39,38,0,83.7,1,0,5.0,10.3,1,0
ORG02219,D,Lenovo ThinkPad,31,Male,IT,IT Support,2,Full-time,108,97.8,1,0,0,74.2,0.691,69,56,4,64.1,3,2,3.0,37.7,0,0
ORG05134,D,Dell Latitude,30,Female,Customer Support,Support Associate,3,Full-time,22,94.4,2,3,0,41.4,0.601,84,58,9,56.6,0,2,3.0,36.4,0,0
ORG02122,B,Dell Latitude,33,Male,Engineering,QA Analyst,3,Full-time,63,89.9,4,2,1,59.8,0.805,59,41,8,62.8,4,2,3.0,32.7,2,0
ORG02706,D,Dell Latitude,26,Female,Customer Support,Support Lead,3,Full-time,44,92.7,4,2,0,47.6,0.462,123,78,17,65.7,1,1,2.0,32.0,2,1
ORG00086,C,HP ProBook,24,Male,Engineering,Software Engineer,2,Full-time,12,98.0,1,0,0,50.1,0.693,39,30,2,63.4,0,0,3.0,14.3,3,0
ORG06237,C,Lenovo ThinkPad,32,Female,Customer Support,Support Lead,2,Full-time,116,98.9,2,0,0,65.6,,116,102,9,79.7,0,0,4.0,27.0,1,0
ORG01878,D,HP ProBook,32,Female,Sales,Inside Sales Rep,3,Full-time,91,98.1,3,0,1,59.6,0.511,59,44,5,58.6,4,4,3.0,43.6,0,0
ORG04978,C,Lenovo ThinkPad,39,Male,Engineering,Data Analyst,4,Full-time,88,100.0,0,1,1,50.9,0.835,29,25,1,61.1,4,0,4.0,34.1,2,0
ORG05400,D,Lenovo ThinkPad,36,Male,Engineering,DevOps Engineer,4,Full-time,114,100.0,0,1,0,75.3,0.665,35,30,0,72.7,2,0,4.0,14.8,1,0
ORG03804,C,Lenovo ThinkPad,35,Male,Engineering,Software Engineer,2,Full-time,100,93.9,3,1,1,69.9,0.853,28,22,3,72.9,2,0,2.0,16.7,0,0
ORG00495,B,Lenovo ThinkPad,26,Male,Finance,Finance Analyst,2,Contract,15,90.9,2,0,0,61.2,0.55,47,42,6,,1,0,3.0,11.5,1,0
ORG05574,C,Lenovo ThinkPad,21,Male,Marketing,Content Specialist,1,Contract,6,,2,3,1,55.2,0.374,61,39,10,65.1,1,0,2.0,16.0,3,0
ORG03478,D,Lenovo ThinkPad,23,Male,Marketing,Content Specialist,1,Full-time,78,100.0,3,2,0,65.7,0.715,15,13,0,64.6,2,0,4.0,11.9,1,0
ORG02549,A,Dell Latitude,27,Male,Sales,Account Manager,3,Full-time,16,90.6,2,3,0,83.7,0.9,67,59,8,71.9,2,1,4.0,18.8,3,0
ORG03097,C,Dell Latitude,27,Female,Engineering,Data Scientist,3,Full-time,6,95.0,0,2,0,47.4,0.809,47,36,4,65.2,4,3,2.0,16.5,2,1
ORG01271,D,Dell Latitude,23,Male,IT,IT Support,1,Contract,12,96.8,0,2,0,34.9,0.438,39,25,3,48.4,4,2,1.0,2.9,0,1
ORG05695,D,Lenovo ThinkPad,33,Female,Finance,Accounts Executive,3,Full-time,68,92.8,1,2,0,68.4,0.839,50,41,3,71.6,0,0,4.0,20.8,0,0
ORG04206,C,Acer TravelMate,36,Male,Finance,Accounts Executive,3,Full-time,91,98.2,1,0,0,78.7,0.61,60,50,1,69.4,3,1,3.0,15.0,1,0
ORG05217,B,Lenovo ThinkPad,23,Male,Sales,Inside Sales Rep,2,Full-time,39,96.1,3,1,0,64.2,0.579,55,40,9,58.5,4,2,2.0,10.3,2,0
ORG00619,A,MacBook Pro,33,Male,Engineering,DevOps Engineer,3,Full-time,9,92.2,0,2,0,67.8,0.927,56,43,9,77.4,1,0,3.0,20.0,2,1
ORG05398,D,HP ProBook,32,Male,Sales,Account Manager,4,Full-time,13,91.4,2,2,0,73.4,0.796,81,67,8,68.9,3,2,4.0,20.7,1,0
ORG02956,A,HP ProBook,23,Female,Sales,Inside Sales Rep,1,Full-time,16,96.8,1,2,0,58.3,0.744,72,50,6,45.2,3,2,3.0,24.4,0,0
ORG02946,C,Lenovo ThinkPad,23,Female,Customer Support,Support Associate,1,Full-time,14,92.0,2,0,0,80.5,0.675,113,107,15,75.5,1,3,4.0,30.3,0,0
ORG05567,C,MacBook Pro,30,Male,Operations,Ops Lead,3,Full-time,54,92.6,0,0,0,53.1,0.449,75,48,9,56.6,4,0,2.0,15.2,1,0
ORG05457,A,HP ProBook,36,Female,Engineering,Data Scientist,5,Full-time,43,97.0,0,1,0,97.5,0.929,50,44,4,92.7,2,0,5.0,26.2,0,0
ORG03419,B,Lenovo ThinkPad,28,Female,Engineering,QA Analyst,3,Full-time,48,93.2,1,2,0,88.8,0.79,43,40,5,82.1,0,0,4.0,11.9,1,0
ORG01414,A,Dell Latitude,27,Female,IT,System Admin,3,Full-time,3,93.9,2,0,0,79.3,1.0,36,28,4,77.3,1,0,4.0,16.7,1,0
ORG02202,A,Dell Latitude,30,Male,Marketing,Performance Marketer,3,Full-time,5,88.8,0,2,0,73.0,0.766,28,22,4,85.9,0,0,4.0,15.5,2,0
ORG04140,D,HP ProBook,25,Female,Finance,Accounts Executive,2,Full-time,50,96.8,3,1,0,42.6,0.638,64,46,5,61.8,1,1,2.0,13.3,0,0
ORG04704,B,Dell Latitude,25,Male,Sales,Sales Executive,1,Contract,11,83.6,3,1,1,83.2,0.893,45,38,7,88.0,0,0,5.0,21.9,0,0
ORG00870,D,HP ProBook,25,Male,Engineering,Data Scientist,3,Full-time,43,93.5,1,2,0,65.6,0.694,22,21,0,80.4,0,0,5.0,17.5,0,0
ORG02359,C,Dell Latitude,26,Male,IT,IT Support,2,Full-time,16,99.1,0,0,0,60.6,0.969,54,47,4,84.0,1,0,4.0,6.8,0,0
ORG02007,D,Acer TravelMate,26,Male,Customer Support,Support Lead,2,Full-time,100,88.3,7,3,2,72.5,0.94,91,82,14,76.5,3,1,4.0,40.2,0,0
ORG05292,C,Dell Latitude,26,Male,Customer Support,Support Associate,1,Full-time,67,92.1,4,1,0,70.4,0.67,118,85,17,76.5,2,1,4.0,3.5,2,0
ORG04858,A,Dell Latitude,31,Male,Operations,Ops Lead,3,Full-time,54,100.0,0,0,0,67.1,0.658,81,68,1,67.8,1,0,4.0,28.4,1,0
ORG00357,C,HP ProBook,25,Female,Finance,Finance Analyst,2,Full-time,13,99.1,1,1,1,81.5,1.0,53,47,3,80.3,0,0,5.0,32.8,0,0
ORG01163,A,HP ProBook,30,Male,HR,Talent Acquisition,2,Full-time,114,94.5,3,2,0,64.7,0.729,38,30,4,77.2,0,0,3.0,36.4,2,0
ORG04788,C,HP ProBook,34,Male,Finance,Accounts Executive,3,Full-time,49,95.0,4,1,0,78.0,0.738,40,27,3,78.4,2,0,3.0,23.1,0,0
ORG02518,D,Dell Latitude,28,Male,Sales,Account Manager,2,Full-time,65,86.8,4,0,0,56.7,0.657,50,31,6,63.2,2,0,3.0,16.6,0,0
ORG04506,C,HP ProBook,31,Female,Sales,Account Manager,2,Full-time,51,91.3,3,4,1,91.2,0.921,41,33,5,98.3,0,0,4.0,19.4,0,0
ORG06227,A,Dell Latitude,28,Male,Customer Support,Support Lead,2,Full-time,53,95.7,0,0,0,64.5,0.59,61,42,7,81.1,1,1,3.0,10.8,0,0
ORG01891,D,Acer TravelMate,31,Male,Sales,Sales Executive,2,Full-time,9,94.3,1,0,0,65.6,0.566,35,32,2,71.0,2,1,3.0,7.4,0,0
ORG00580,C,Dell Latitude,25,Male,Sales,Sales Executive,2,Contract,4,91.7,4,0,1,72.8,1.0,53,41,6,75.1,0,1,4.0,9.7,1,0
ORG05972,B,Dell Latitude,29,Male,Engineering,DevOps Engineer,4,Full-time,76,96.8,3,0,0,56.7,0.804,35,27,3,78.9,2,2,3.0,10.2,0,0
ORG05880,C,HP ProBook,22,Female,Sales,Sales Executive,1,Full-time,12,100.0,0,0,0,36.8,0.349,64,42,2,39.7,3,1,2.0,5.3,0,1
ORG01692,D,Dell Latitude,27,Female,Marketing,Content Specialist,1,Full-time,68,90.1,4,1,0,63.2,0.486,30,24,3,68.4,0,0,3.0,11.6,1,1
ORG00863,D,Dell Latitude,31,Male,Finance,Finance Analyst,3,Full-time,56,98.3,1,0,0,82.7,1.0,63,56,1,94.8,0,0,5.0,17.3,2,0
ORG05002,C,Acer TravelMate,23,Male,Operations,Ops Associate,1,Contract,12,97.7,2,3,0,75.7,0.882,92,79,12,87.4,0,0,4.0,22.4,0,0
ORG04014,C,MacBook Pro,32,Female,Engineering,Data Analyst,3,Full-time,46,96.3,0,0,0,65.6,0.657,58,46,4,57.0,4,1,4.0,12.7,0,1
ORG02381,B,Lenovo ThinkPad,28,Male,HR,Talent Acquisition,3,Contract,16,86.6,3,6,0,60.4,0.445,75,50,12,73.4,0,0,2.0,16.9,1,1
ORG02379,C,MacBook Pro,31,Male,Engineering,DevOps Engineer,3,Full-time,115,96.8,3,1,0,54.0,0.396,44,34,4,59.6,2,0,2.0,9.4,0,1
ORG04441,D,HP ProBook,23,Female,Engineering,Data Analyst,2,Full-time,45,94.4,1,1,0,41.8,0.492,51,32,2,46.9,3,3,1.0,31.5,2,1
ORG04884,D,HP ProBook,28,Male,Sales,Account Manager,2,Full-time,66,90.7,3,5,0,78.6,0.905,49,38,5,87.5,1,0,4.0,26.6,0,0
ORG01117,D,HP ProBook,33,Female,Engineering,Data Analyst,3,Full-time,109,91.4,1,3,1,40.2,0.775,55,37,8,48.7,2,2,2.0,19.4,1,1
ORG01542,A,Lenovo ThinkPad,27,Female,Sales,Sales Executive,1,Full-time,89,100.0,1,0,0,57.2,0.469,73,62,3,65.4,3,5,2.0,19.1,1,0
ORG04100,C,MacBook Pro,27,Male,Marketing,Marketing Executive,2,Full-time,116,86.1,1,4,2,68.1,0.819,34,20,5,73.8,1,0,3.0,23.4,0,0
ORG04851,C,Acer TravelMate,31,Male,Engineering,QA Analyst,4,Full-time,47,85.6,3,6,2,82.4,1.0,60,46,13,97.1,0,0,4.0,15.3,2,0
ORG05808,C,Lenovo ThinkPad,25,Male,HR,Talent Acquisition,3,Contract,2,87.4,2,1,1,72.9,0.735,73,47,13,75.6,2,0,3.0,18.9,0,0
ORG02935,D,Lenovo ThinkPad,33,Female,Operations,Ops Lead,3,Full-time,71,100.0,0,1,0,76.5,0.789,96,94,0,81.7,0,0,5.0,14.9,3,0
ORG03826,A,Lenovo ThinkPad,28,Male,Customer Support,Support Lead,2,Full-time,79,96.5,2,0,0,71.4,0.887,64,51,8,85.9,0,0,4.0,31.2,1,0
ORG03198,D,MacBook Pro,28,Female,Engineering,Data Scientist,3,Full-time,85,95.1,4,1,0,92.9,0.94,31,24,3,81.1,0,0,5.0,27.5,2,0
ORG05334,B,HP ProBook,25,Male,Engineering,QA Analyst,2,Contract,5,95.7,1,0,0,59.0,0.554,27,23,1,75.5,1,1,4.0,12.7,0,0
ORG02501,B,HP ProBook,36,Female,Engineering,Data Analyst,4,Full-time,105,97.0,1,0,2,64.2,0.889,54,45,4,74.9,2,0,4.0,29.5,2,0
ORG05575,D,Dell Latitude,33,Female,Sales,Sales Executive,3,Full-time,117,96.6,1,1,2,70.8,0.641,53,42,3,75.4,1,1,2.0,31.4,2,0
ORG05175,D,Lenovo ThinkPad,40,Female,Engineering,QA Analyst,4,Full-time,103,93.3,0,2,0,58.6,0.522,29,21,1,58.3,4,1,3.0,9.3,1,1
ORG05592,A,HP ProBook,30,Female,Finance,Finance Analyst,3,Full-time,37,94.9,3,1,0,74.8,0.597,32,25,4,70.5,1,3,3.0,20.5,1,0
ORG06216,C,Dell Latitude,33,Male,Engineering,DevOps Engineer,3,Full-time,30,99.4,1,1,0,80.9,0.958,23,22,1,88.5,1,0,5.0,25.9,1,0
ORG02705,A,Dell Latitude,21,Male,Finance,Accounts Executive,1,Full-time,21,98.7,2,0,0,52.2,0.565,60,46,4,61.5,3,1,2.0,10.5,1,0
ORG06125,C,MacBook Pro,24,Male,Engineering,Data Analyst,2,Full-time,30,92.0,2,1,2,57.4,0.548,35,21,5,55.1,4,2,2.0,15.8,0,1
ORG06022,B,Dell Latitude,22,Male,Marketing,Marketing Executive,1,Full-time,41,92.1,1,3,1,73.2,0.665,20,14,2,66.8,2,0,3.0,31.1,1,0
ORG03762,A,Acer TravelMate,30,Male,Sales,Account Manager,3,Contract,5,93.7,1,1,0,82.8,0.778,79,69,10,79.8,2,0,,21.4,2,0
ORG03350,C,Dell Latitude,21,Male,Sales,Inside Sales Rep,1,Full-time,21,90.7,3,3,0,70.8,0.662,33,27,2,60.6,4,0,3.0,28.6,3,0
ORG04687,C,HP ProBook,34,Male,Sales,Sales Executive,3,Full-time,108,98.5,0,1,0,51.1,0.297,76,54,5,53.8,2,0,2.0,25.6,3,1
ORG04183,B,HP ProBook,21,Male,Operations,Ops Associate,1,Full-time,19,90.5,1,5,2,77.5,0.503,104,76,18,68.2,0,2,3.0,9.8,1,0
ORG06055,D,Lenovo ThinkPad,30,Female,Engineering,Data Scientist,3,Full-time,35,93.3,1,3,1,57.1,,38,28,6,70.8,2,0,2.0,14.6,1,1
ORG02053,B,HP ProBook,34,Male,Customer Support,Support Lead,4,Full-time,10,91.2,2,3,1,95.4,1.0,94,84,17,98.8,1,0,5.0,47.2,2,0
ORG01777,B,Dell Latitude,25,Male,Finance,Accounts Executive,3,Contract,8,99.8,0,1,0,76.6,0.839,44,42,2,71.3,2,0,4.0,11.1,2,0
ORG03653,B,Lenovo ThinkPad,23,Female,Sales,Sales Executive,3,Full-time,43,96.5,0,1,0,61.6,0.637,68,55,10,81.8,0,2,3.0,20.4,2,0
ORG04524,C,Lenovo ThinkPad,23,Male,HR,Talent Acquisition,2,Full-time,27,98.2,1,0,0,87.7,0.813,25,22,1,87.1,2,0,5.0,7.5,0,0
ORG01593,A,Dell Latitude,22,Female,IT,IT Support,1,Full-time,17,92.6,1,0,1,58.9,0.519,27,19,3,59.8,3,0,2.0,15.6,2,1
ORG01724,A,MacBook Pro,23,Male,Operations,Ops Associate,2,Full-time,20,,0,6,0,25.0,0.393,52,31,7,43.1,2,1,1.0,22.6,1,1
ORG04935,B,Dell Latitude,36,Male,Operations,Ops Lead,3,Full-time,21,92.1,2,2,0,74.5,0.728,92,67,12,80.7,1,0,3.0,39.8,1,0
ORG06069,A,Lenovo ThinkPad,21,Male,Sales,Inside Sales Rep,1,Full-time,32,96.5,0,4,0,56.5,0.695,31,24,4,53.6,3,0,3.0,5.0,0,0
ORG00491,A,Lenovo ThinkPad,26,Female,Finance,Accounts Executive,1,Full-time,58,99.9,0,1,0,87.8,0.832,34,33,2,91.8,1,0,5.0,12.3,1,0
ORG05307,B,Dell Latitude,24,Female,IT,IT Support,1,Full-time,69,96.6,0,0,0,38.0,0.762,47,37,2,60.7,2,1,3.0,22.7,1,0
ORG01007,A,Dell Latitude,29,Female,Marketing,Content Specialist,3,Contract,7,93.0,2,1,0,77.1,0.89,66,64,5,76.9,0,1,3.0,53.4,3,0
ORG03519,D,Lenovo ThinkPad,32,Female,Customer Support,Support Lead,3,Full-time,47,95.4,1,1,1,60.4,0.765,93,73,14,72.0,1,3,5.0,8.1,4,1
ORG02504,D,MacBook Pro,38,Female,HR,Talent Acquisition,4,Full-time,86,93.9,4,0,1,83.4,0.779,56,42,5,71.1,1,1,3.0,11.8,1,0
ORG03867,A,HP ProBook,29,Male,Operations,Ops Associate,2,Full-time,83,96.4,1,1,0,58.1,0.576,103,83,11,77.8,1,1,2.0,35.0,1,0
ORG02315,B,Acer TravelMate,32,Male,Sales,Account Manager,2,Full-time,38,95.3,2,2,0,51.6,0.411,65,42,9,65.9,1,0,2.0,26.4,1,0
ORG01418,C,Lenovo ThinkPad,29,Female,Customer Support,Support Lead,3,Full-time,34,100.0,0,1,0,77.8,0.72,140,125,9,73.5,1,1,5.0,16.1,1,0
ORG00026,A,Dell Latitude,37,Male,Engineering,QA Analyst,3,Full-time,99,94.9,0,2,0,65.5,0.693,59,51,4,76.4,2,1,4.0,15.0,0,0
ORG02410,C,Acer TravelMate,21,Male,Marketing,Marketing Executive,1,Full-time,29,92.6,4,0,1,51.9,0.579,23,15,3,60.3,0,0,2.0,,0,0
ORG01114,C,MacBook Pro,27,Female,Marketing,Content Specialist,3,Full-time,43,98.4,1,0,0,88.0,1.0,45,43,5,96.0,0,0,5.0,18.8,0,0
ORG03414,D,Lenovo ThinkPad,28,Male,Engineering,DevOps Engineer,3,Full-time,30,100.0,0,3,0,59.6,0.591,40,33,0,69.9,2,0,3.0,28.7,2,0
ORG01553,D,Lenovo ThinkPad,29,Female,Sales,Account Manager,3,Full-time,116,99.5,0,0,1,76.3,0.95,49,48,1,82.6,1,2,5.0,10.0,1,0
ORG05390,A,HP ProBook,38,Male,Marketing,Content Specialist,3,Full-time,83,93.2,3,3,1,74.5,0.796,66,56,7,68.5,0,0,4.0,13.5,0,0
ORG04710,B,HP ProBook,35,Female,Sales,Sales Executive,3,Full-time,105,99.9,0,2,0,66.4,0.829,67,54,6,61.9,3,0,4.0,22.5,1,0
ORG00434,A,Lenovo ThinkPad,29,Male,HR,HR Executive,1,Full-time,120,100.0,0,0,0,54.8,0.513,21,17,0,55.2,1,0,3.0,16.1,1,1
ORG05156,B,Dell Latitude,36,Female,Engineering,Data Scientist,4,Full-time,86,94.6,1,0,1,69.6,0.81,53,44,3,75.7,0,0,4.0,8.7,0,0
ORG03151,C,Dell Latitude,28,Female,Engineering,QA Analyst,2,Full-time,36,92.1,0,3,0,96.4,0.813,50,43,4,64.6,3,1,4.0,21.0,2,0
ORG04270,C,HP ProBook,31,Male,Finance,Accounts Executive,2,Full-time,104,99.4,0,1,0,98.0,0.985,46,45,1,90.5,0,0,5.0,12.1,1,0
ORG03322,B,Lenovo ThinkPad,25,Female,Customer Support,Support Associate,1,Full-time,104,95.8,1,0,1,79.4,1.0,111,98,10,83.7,0,1,5.0,23.9,2,0
ORG05745,C,Acer TravelMate,34,Female,Operations,Process Analyst,3,Full-time,52,90.6,4,1,3,70.7,0.539,91,70,10,63.6,1,1,3.0,6.0,1,0
ORG03667,B,HP ProBook,31,Male,Engineering,Software Engineer,3,Contract,17,90.1,3,3,0,75.3,0.703,44,37,6,67.7,0,0,,23.8,1,0
ORG04681,A,HP ProBook,29,Female,IT,IT Support,2,Full-time,120,93.6,1,6,0,61.2,0.471,64,47,7,65.2,1,0,2.0,6.4,0,1
ORG04645,A,HP ProBook,26,Male,Sales,Inside Sales Rep,1,Full-time,48,100.0,0,0,0,33.9,0.502,49,40,1,56.5,3,1,3.0,16.3,1,0
ORG02519,D,HP ProBook,25,Female,Customer Support,Support Associate,1,Full-time,95,100.0,0,0,0,56.1,0.83,63,55,0,79.7,1,1,4.0,5.9,1,0
ORG06070,D,Dell Latitude,37,Male,Engineering,Data Scientist,5,Full-time,28,93.3,2,1,1,78.5,0.726,59,51,10,77.3,2,0,3.0,24.7,1,0
ORG01103,C,Lenovo ThinkPad,22,Male,Finance,Accounts Executive,1,Full-time,44,99.4,0,1,0,52.7,0.667,24,20,1,57.0,1,0,3.0,7.7,0,0
ORG02742,A,HP ProBook,31,Male,HR,Talent Acquisition,3,Full-time,48,97.5,1,3,0,70.3,0.626,40,36,4,80.0,2,0,3.0,44.9,1,0
ORG01836,B,Lenovo ThinkPad,38,Female,Engineering,DevOps Engineer,4,Full-time,115,99.1,1,0,0,86.3,0.932,60,58,2,79.6,1,0,5.0,14.7,2,0
ORG04797,D,Lenovo ThinkPad,32,Female,Engineering,Data Analyst,4,Full-time,66,98.3,2,0,0,53.5,0.503,38,27,3,52.6,1,1,3.0,25.5,0,0
ORG04377,C,Dell Latitude,24,Male,Finance,Accounts Executive,2,Full-time,102,93.4,0,1,1,74.5,0.729,68,57,7,70.6,4,1,3.0,6.2,0,0
ORG00195,A,Dell Latitude,26,Male,Engineering,QA Analyst,2,Full-time,12,91.1,2,1,1,65.5,0.718,30,24,3,67.0,4,0,4.0,4.0,1,0
ORG00616,C,Acer TravelMate,30,Female,Finance,Accounts Executive,1,Full-time,71,96.2,0,0,0,67.5,0.718,36,33,2,63.0,2,0,4.0,18.7,0,0
ORG00644,C,Lenovo ThinkPad,24,Female,Sales,Account Manager,2,Full-time,46,88.3,6,2,3,,0.779,66,50,8,68.1,2,1,4.0,17.2,1,0
ORG05501,D,HP ProBook,34,Female,Engineering,Data Analyst,2,Full-time,108,95.3,2,3,1,72.5,0.756,21,16,2,70.4,0,0,4.0,5.6,1,0
ORG02747,B,HP ProBook,37,Male,Engineering,Software Engineer,4,Full-time,110,92.1,2,2,1,98.0,0.979,37,34,3,99.0,0,0,5.0,9.8,2,0
ORG05336,A,Lenovo ThinkPad,26,Male,Finance,Accounts Executive,2,Full-time,89,90.3,2,2,0,75.1,0.751,68,52,10,65.9,4,0,2.0,16.7,3,1
ORG00331,A,Acer TravelMate,29,Female,Finance,Finance Analyst,3,Full-time,28,92.0,1,2,0,60.9,0.521,42,35,3,78.1,0,0,4.0,22.9,2,0
ORG03943,B,Lenovo ThinkPad,31,Male,Engineering,Data Analyst,4,Full-time,97,95.4,2,0,0,81.5,0.574,29,25,2,68.9,3,1,4.0,29.2,3,0
ORG04129,C,Lenovo ThinkPad,33,Male,Finance,Accounts Executive,2,Full-time,99,100.0,0,0,0,76.8,0.539,28,27,0,69.7,1,0,4.0,20.3,1,0
ORG03482,B,Lenovo ThinkPad,35,Female,Finance,Finance Analyst,3,Full-time,110,99.8,0,0,0,84.2,0.912,23,22,0,86.0,0,0,5.0,17.8,2,0
ORG03691,B,Dell Latitude,31,Male,Engineering,QA Analyst,2,Full-time,48,99.6,0,1,0,63.0,0.704,52,38,3,65.8,3,0,4.0,9.6,2,1
ORG00484,B,MacBook Pro,32,Male,Sales,Account Manager,3,Full-time,114,96.4,0,1,1,67.0,0.777,60,46,6,68.3,2,0,4.0,48.6,2,0
ORG02421,C,HP ProBook,21,Female,Engineering,QA Analyst,2,Contract,14,95.2,2,0,0,71.3,0.628,27,19,3,72.7,1,0,3.0,4.3,1,0
ORG00720,C,Lenovo ThinkPad,33,Female,IT,IT Support,2,Full-time,16,96.5,2,5,0,67.5,0.455,44,30,4,69.3,1,0,4.0,10.1,0,0
ORG02779,C,Dell Latitude,29,Male,Sales,Account Manager,4,Contract,9,100.0,0,0,0,78.3,0.899,52,47,2,76.3,2,1,5.0,6.2,3,0
ORG02060,B,HP ProBook,34,Male,Engineering,Software Engineer,5,Full-time,21,94.4,3,1,0,47.9,0.616,49,35,5,56.0,3,2,2.0,39.6,2,0
ORG02567,A,HP ProBook,32,Male,Engineering,DevOps Engineer,3,Contract,8,91.7,2,0,0,50.8,0.815,44,36,6,68.7,3,0,3.0,13.0,1,0
ORG04565,B,Dell Latitude,32,Female,Engineering,Data Scientist,4,Full-time,103,91.5,1,5,1,52.1,0.824,55,46,4,71.0,2,0,4.0,42.9,1,0
ORG00033,A,HP ProBook,33,Male,Sales,Inside Sales Rep,2,Full-time,107,100.0,2,2,0,50.7,0.672,61,52,5,54.6,2,3,2.0,16.1,2,1
ORG00665,A,HP ProBook,25,Male,Sales,Inside Sales Rep,1,Contract,14,96.6,4,0,0,30.3,0.42,33,20,3,57.4,0,2,3.0,8.7,1,0
ORG04962,C,Acer TravelMate,28,Male,Engineering,DevOps Engineer,4,Full-time,104,94.7,0,1,0,63.9,0.649,56,50,5,72.5,3,0,3.0,15.9,2,0
ORG02690,D,Lenovo ThinkPad,41,Female,Customer Support,Support Lead,3,Full-time,78,86.5,5,1,0,57.8,0.52,118,93,23,57.4,2,3,2.0,14.1,0,1
ORG01445,B,Acer TravelMate,38,Male,Engineering,Data Scientist,4,Full-time,23,98.7,1,0,0,74.1,0.934,34,27,2,64.0,2,0,4.0,16.2,0,0
ORG05604,D,Dell Latitude,30,Other,Marketing,Marketing Executive,3,Full-time,97,95.5,0,0,0,98.0,0.778,64,56,1,81.4,0,0,5.0,23.4,2,0
ORG02685,D,HP ProBook,29,Female,Sales,Account Manager,2,Full-time,85,94.2,4,3,1,75.1,0.563,45,32,4,51.3,4,1,3.0,8.1,0,1
ORG06158,C,MacBook Pro,29,Male,Engineering,Data Scientist,4,Full-time,51,93.3,1,4,0,91.6,1.0,29,25,3,91.2,1,0,5.0,17.9,1,0
ORG01706,D,Dell Latitude,26,Female,IT,System Admin,2,Contract,12,92.3,1,2,1,56.8,0.652,53,36,8,63.9,0,1,2.0,15.8,1,1
ORG02952,B,HP ProBook,24,Female,Finance,Finance Analyst,3,Full-time,39,92.3,0,0,0,68.4,0.486,35,26,2,57.4,4,1,3.0,16.9,1,0
ORG04905,D,Dell Latitude,29,Female,Finance,Finance Analyst,3,Full-time,25,95.2,0,0,0,50.3,0.447,52,42,2,48.7,3,2,2.0,13.6,1,0
ORG04733,B,HP ProBook,33,Male,Sales,Inside Sales Rep,3,Full-time,100,98.2,0,2,0,67.2,0.689,59,47,5,67.9,1,3,4.0,26.8,1,0
ORG03957,C,Dell Latitude,21,Male,IT,IT Support,1,Full-time,26,97.3,0,0,0,73.2,0.465,46,39,2,64.8,1,1,3.0,13.1,4,0
ORG02278,A,Dell Latitude,27,Female,Engineering,QA Analyst,3,Contract,14,95.7,1,0,1,33.8,0.393,28,19,1,,1,2,1.0,18.4,3,1
ORG01402,C,HP ProBook,39,Male,Engineering,Data Scientist,4,Full-time,41,92.7,1,3,0,63.7,0.477,32,22,4,56.0,1,1,2.0,30.5,3,1
ORG03733,C,Acer TravelMate,37,Male,Operations,Process Analyst,3,Full-time,92,97.2,2,2,0,65.8,0.758,74,63,8,71.7,1,1,5.0,14.2,0,0
ORG02457,C,Acer TravelMate,29,Female,Operations,Process Analyst,3,Full-time,20,96.9,0,1,0,63.9,0.822,108,103,2,68.9,3,2,5.0,37.9,0,0
ORG00171,D,Lenovo ThinkPad,28,Male,Sales,Account Manager,3,Contract,8,89.6,4,1,2,65.5,0.594,42,29,6,76.9,1,0,2.0,2.6,0,0
ORG00541,A,Lenovo ThinkPad,25,Male,IT,System Admin,2,Full-time,55,96.3,0,1,1,39.0,0.501,52,36,3,53.7,5,1,2.0,,1,1
ORG03517,A,HP ProBook,29,Male,Operations,Ops Associate,3,Full-time,60,,1,2,0,81.1,0.728,80,65,6,73.0,1,0,3.0,8.5,0,0
ORG00952,B,HP ProBook,32,Female,Sales,Inside Sales Rep,2,Full-time,78,100.0,0,0,0,65.6,0.84,67,61,5,73.1,2,1,5.0,36.9,1,0
ORG04620,C,Dell Latitude,31,Female,Customer Support,Support Lead,4,Contract,2,94.9,4,0,0,98.0,0.88,102,95,12,99.0,0,0,5.0,4.7,1,0
ORG05875,A,Acer TravelMate,29,Male,Engineering,Data Analyst,2,Full-time,110,95.9,2,0,0,59.4,0.561,45,34,2,62.4,2,2,3.0,50.4,3,0
ORG00675,C,Acer TravelMate,34,Male,Operations,Process Analyst,4,Full-time,84,95.9,2,1,0,73.5,0.681,91,73,18,72.4,2,0,3.0,16.8,2,0
ORG03270,A,Lenovo ThinkPad,29,Male,Engineering,QA Analyst,4,Full-time,55,93.6,1,1,1,79.6,0.849,41,30,5,80.0,1,1,3.0,26.5,0,0
ORG02645,A,MacBook Pro,29,Male,Sales,Sales Executive,1,Full-time,63,97.4,0,0,0,72.2,0.721,77,61,6,63.1,3,2,3.0,18.1,2,0
ORG01816,D,Acer TravelMate,29,Male,Customer Support,Support Lead,3,Full-time,70,94.1,0,2,1,66.5,0.692,110,87,15,80.8,0,0,4.0,16.7,4,0
ORG02875,C,Lenovo ThinkPad,29,Female,Engineering,QA Analyst,4,Full-time,19,88.0,4,5,2,85.8,0.894,24,18,3,71.1,1,0,3.0,16.1,1,0
ORG02101,A,Dell Latitude,35,Female,Finance,Finance Analyst,3,Full-time,92,95.2,3,1,0,92.3,0.804,67,58,8,91.8,0,0,4.0,28.6,0,0
ORG03495,A,HP ProBook,36,Female,Engineering,Data Scientist,5,Full-time,8,97.9,1,1,0,69.1,0.83,54,49,2,73.0,3,1,3.0,28.0,2,0
ORG04779,C,MacBook Pro,28,Female,Sales,Inside Sales Rep,1,Full-time,25,90.5,4,2,2,56.7,0.652,71,52,12,63.5,0,0,3.0,12.1,0,1
ORG05318,B,HP ProBook,32,Male,Marketing,Marketing Executive,2,Full-time,29,95.5,2,0,0,57.9,0.518,22,19,0,60.0,1,0,3.0,15.6,0,0
ORG02102,B,MacBook Pro,24,Female,Engineering,Software Engineer,3,Contract,10,90.5,4,1,1,88.0,0.86,29,21,4,75.7,3,1,4.0,,3,0
ORG05346,A,Dell Latitude,31,Female,Engineering,Data Scientist,3,Full-time,35,94.9,1,2,0,49.3,0.365,27,18,3,58.8,2,0,1.0,11.3,3,0
ORG03672,B,Lenovo ThinkPad,27,Male,Operations,Ops Lead,2,Full-time,74,95.0,0,1,0,76.7,0.709,89,84,6,65.2,2,0,5.0,12.8,1,0
ORG01549,A,Dell Latitude,34,Male,Sales,Inside Sales Rep,3,Full-time,100,99.1,0,0,0,59.8,0.366,57,45,1,59.9,1,1,4.0,25.8,0,0
ORG05937,B,Dell Latitude,27,Female,Sales,Sales Executive,1,Full-time,65,97.0,1,1,1,67.5,0.702,44,32,3,71.3,1,0,3.0,18.1,0,0
ORG04791,A,Lenovo ThinkPad,28,Male,Customer Support,Support Associate,1,Full-time,65,97.6,3,1,0,63.0,0.714,113,86,17,67.5,1,1,4.0,13.6,0,0
ORG00356,C,MacBook Pro,26,Female,Customer Support,Support Associate,2,Contract,3,100.0,2,0,0,66.5,0.835,96,71,7,67.2,1,2,4.0,1.4,0,0
ORG05086,B,HP ProBook,24,Female,Customer Support,Support Lead,2,Full-time,35,92.8,1,2,1,82.0,0.727,106,88,15,79.0,1,1,4.0,12.9,3,0
ORG05615,B,Dell Latitude,28,Female,Operations,Ops Associate,1,Full-time,86,93.8,1,0,1,50.7,0.393,74,55,5,61.0,5,1,2.0,35.5,2,0
ORG03782,A,HP ProBook,31,Female,HR,Talent Acquisition,2,Full-time,87,97.5,0,0,0,86.9,0.822,45,43,0,80.1,0,0,5.0,35.4,2,0
ORG02536,B,Dell Latitude,27,Male,Operations,Process Analyst,2,Full-time,11,95.0,2,2,0,57.6,0.563,71,41,12,58.4,7,2,2.0,13.3,0,1
ORG05587,C,Lenovo ThinkPad,24,Male,Operations,Ops Associate,1,Full-time,67,89.5,2,0,1,84.7,0.935,74,72,9,91.4,1,0,4.0,5.8,0,0
ORG05994,C,HP ProBook,31,Female,Marketing,Performance Marketer,4,Full-time,27,96.7,0,1,0,61.3,0.843,45,36,1,61.3,5,1,5.0,23.1,0,1
ORG02374,B,Lenovo ThinkPad,29,Male,Sales,Inside Sales Rep,1,Full-time,55,95.4,2,4,0,54.2,0.638,48,43,5,65.0,1,0,3.0,13.1,1,1
ORG01052,C,Acer TravelMate,29,Male,Engineering,Data Scientist,3,Full-time,66,91.1,0,1,0,78.8,0.99,45,33,11,70.5,1,0,3.0,9.9,0,0
ORG02322,C,HP ProBook,27,Male,Engineering,QA Analyst,3,Contract,2,87.1,2,4,0,76.2,0.932,52,39,8,66.3,4,0,4.0,26.5,1,1
ORG03965,D,Dell Latitude,31,Male,Sales,Account Manager,3,Full-time,32,94.4,2,0,0,57.8,0.573,66,53,6,68.4,1,0,3.0,23.5,1,0
ORG04039,D,Dell Latitude,26,Female,Sales,Sales Executive,2,Full-time,64,97.7,2,0,0,73.9,0.787,76,61,5,83.5,0,1,3.0,21.1,1,0
ORG01752,B,Dell Latitude,33,Female,Engineering,DevOps Engineer,4,Full-time,33,,2,4,0,59.0,0.522,51,39,4,53.9,2,0,3.0,22.0,0,0
ORG04991,A,Acer TravelMate,32,Female,Engineering,Data Analyst,2,Full-time,65,100.0,3,0,1,78.9,0.941,36,31,1,91.8,0,0,5.0,11.9,0,0
ORG01773,C,HP ProBook,29,Female,Operations,Process Analyst,2,Full-time,101,94.3,1,0,1,76.7,0.855,105,83,16,75.8,1,0,4.0,30.7,0,0
ORG01197,B,HP ProBook,28,Female,Sales,Account Manager,2,Full-time,21,90.0,6,2,1,62.1,0.657,64,46,9,68.0,0,0,2.0,15.1,1,0
ORG01879,B,HP ProBook,35,Male,Customer Support,Support Lead,4,Full-time,58,96.3,2,2,0,74.5,0.868,128,123,17,99.0,1,0,5.0,29.6,2,0
ORG02017,D,HP ProBook,32,Male,Sales,Inside Sales Rep,3,Contract,2,96.4,0,1,1,71.5,0.77,53,46,4,78.1,2,1,5.0,14.4,0,0
ORG02006,D,Dell Latitude,27,Female,Marketing,Content Specialist,3,Full-time,25,96.8,0,2,0,76.3,0.743,31,26,1,75.1,3,1,4.0,16.5,2,0
ORG05120,A,Dell Latitude,27,Female,Customer Support,Support Associate,2,Full-time,110,93.4,0,1,0,98.0,0.93,136,125,18,76.6,0,0,5.0,12.6,0,0
ORG01483,B,Dell Latitude,28,Male,Operations,Ops Associate,1,Full-time,88,95.1,2,2,0,70.3,0.79,90,78,8,77.5,1,0,4.0,24.4,1,0
ORG00329,D,HP ProBook,27,Other,Operations,Ops Associate,1,Full-time,97,100.0,0,0,0,64.7,0.755,97,79,7,67.3,1,1,4.0,20.8,1,1
ORG00649,C,HP ProBook,26,Female,Operations,Ops Lead,2,Full-time,28,93.8,3,5,0,35.5,0.58,95,65,15,51.1,2,2,2.0,16.8,0,1
ORG02752,B,Dell Latitude,32,Male,Finance,Accounts Executive,2,Full-time,83,86.2,6,3,2,78.4,0.787,31,19,6,74.4,1,0,3.0,22.1,1,0
ORG01124,B,Dell Latitude,33,Male,Engineering,Data Scientist,4,Full-time,14,98.6,2,1,0,67.1,0.736,29,22,1,67.3,1,0,4.0,16.6,1,0
ORG04944,A,Dell Latitude,27,Female,IT,IT Support,1,Full-time,107,92.7,2,0,0,38.6,0.434,61,41,2,53.4,2,2,2.0,20.0,3,1
ORG03318,B,Dell Latitude,29,Male,Engineering,DevOps Engineer,4,Full-time,5,98.7,0,2,0,80.0,1.0,58,52,4,92.8,0,0,5.0,15.2,3,0
ORG02771,A,HP ProBook,33,Male,Engineering,Software Engineer,3,Full-time,82,100.0,0,0,0,86.9,0.699,46,45,1,77.5,2,0,5.0,14.7,2,0
ORG03188,C,Lenovo ThinkPad,23,Female,Marketing,Content Specialist,1,Full-time,49,97.3,1,0,1,66.1,0.52,35,28,2,71.5,3,0,3.0,3.8,0,0
ORG04161,B,Lenovo ThinkPad,34,Male,Customer Support,Support Lead,3,Full-time,118,100.0,0,0,0,44.4,0.613,80,70,0,60.1,5,2,4.0,15.5,1,0
ORG05285,A,Lenovo ThinkPad,35,Male,Engineering,DevOps Engineer,3,Full-time,116,91.6,4,1,1,78.4,0.614,36,25,4,89.6,0,0,4.0,29.9,1,0
ORG01260,A,HP ProBook,31,Male,IT,System Admin,4,Full-time,74,99.1,0,0,0,63.3,0.658,33,29,0,57.8,0,0,4.0,23.8,0,0
ORG03404,D,Dell Latitude,27,Male,Marketing,Performance Marketer,3,Full-time,84,94.9,0,1,0,38.5,0.607,51,41,3,62.2,0,0,3.0,12.4,1,0
ORG03808,A,Dell Latitude,26,Male,Operations,Ops Lead,2,Full-time,36,97.3,0,0,0,79.0,0.637,77,71,5,69.8,3,0,4.0,19.6,2,0
ORG03028,D,Lenovo ThinkPad,28,Male,HR,Talent Acquisition,3,Full-time,56,97.3,1,0,0,62.5,0.709,69,58,3,67.2,2,0,3.0,8.2,1,0
ORG01520,B,Dell Latitude,36,Male,Engineering,Data Scientist,5,Full-time,67,94.5,2,4,2,96.3,0.872,43,42,5,84.5,0,0,5.0,14.0,1,0
ORG01379,B,Lenovo ThinkPad,21,Other,Operations,Ops Associate,2,Contract,16,95.3,0,2,0,70.5,0.752,55,46,5,65.7,3,1,3.0,20.1,1,0
ORG04603,C,Acer TravelMate,24,Female,IT,System Admin,4,Contract,7,95.1,1,2,1,76.0,0.817,31,26,1,80.6,0,0,3.0,19.0,1,0
ORG01024,B,HP ProBook,24,Male,Customer Support,Support Associate,3,Full-time,60,99.9,0,2,0,69.0,0.723,92,90,4,86.8,1,1,5.0,24.3,2,0
ORG03186,D,Dell Latitude,35,Male,Engineering,Data Analyst,4,Full-time,47,95.8,2,2,0,72.6,0.702,33,22,3,65.4,1,1,3.0,13.8,0,1
ORG05702,C,HP ProBook,42,Male,Engineering,Data Scientist,5,Full-time,112,93.9,3,3,1,,0.799,47,31,7,58.9,2,1,3.0,23.2,1,1
ORG05573,B,HP ProBook,27,Female,Customer Support,Support Associate,3,Full-time,82,96.5,1,3,1,52.5,0.705,72,51,8,58.8,1,1,3.0,17.6,1,0
ORG05839,C,MacBook Pro,27,Male,Customer Support,Support Associate,1,Full-time,7,93.1,2,1,0,44.8,0.403,84,63,8,58.8,3,3,3.0,7.3,0,0
ORG00913,B,Acer TravelMate,27,Male,Marketing,Content Specialist,2,Full-time,102,99.5,0,0,0,59.5,0.758,52,47,1,59.5,3,1,3.0,24.2,2,0
ORG04281,B,Lenovo ThinkPad,28,Female,Engineering,Data Scientist,3,Full-time,62,99.2,1,2,0,62.0,0.683,50,49,3,73.3,1,0,4.0,,0,0
ORG01676,C,HP ProBook,35,Male,Marketing,Content Specialist,3,Full-time,32,99.5,0,0,0,90.8,0.777,63,57,5,81.0,2,0,4.0,24.8,0,0
ORG01747,C,HP ProBook,28,Male,Finance,Finance Analyst,4,Full-time,22,96.9,1,1,0,74.2,0.747,44,34,3,68.4,0,0,5.0,9.1,2,1
ORG03329,D,Dell Latitude,28,Male,Customer Support,Support Lead,2,Full-time,106,95.0,2,2,0,83.4,0.658,85,73,13,70.6,1,1,4.0,6.6,0,0
ORG01737,B,Dell Latitude,26,Male,Marketing,Marketing Executive,1,Contract,2,97.2,1,2,1,73.6,0.658,20,17,1,70.3,0,0,4.0,4.3,1,0
ORG01630,B,MacBook Pro,27,Female,Customer Support,Support Associate,3,Full-time,22,94.2,0,2,0,97.9,0.836,115,112,10,99.0,0,1,5.0,16.4,0,0
ORG04156,A,Lenovo ThinkPad,40,Male,Engineering,DevOps Engineer,5,Full-time,109,93.7,0,3,0,56.9,0.723,68,56,6,79.9,0,0,3.0,20.9,1,0
ORG00431,A,Lenovo ThinkPad,26,Male,Marketing,Content Specialist,1,Contract,11,92.2,3,0,1,59.8,0.577,67,50,4,51.3,1,0,2.0,6.1,0,0
ORG01809,D,HP ProBook,23,Male,Customer Support,Support Lead,3,Contract,8,98.7,0,0,0,81.8,0.813,105,92,7,82.8,0,0,5.0,11.9,2,0
ORG03937,D,MacBook Pro,27,Female,Sales,Inside Sales Rep,2,Full-time,47,94.8,1,0,0,87.1,0.995,67,62,6,93.4,1,0,4.0,6.0,1,0
ORG02689,B,HP ProBook,28,Male,Sales,Account Manager,3,Full-time,75,94.9,2,1,0,34.8,0.635,41,32,1,54.6,4,1,2.0,11.1,1,1
ORG03796,A,Lenovo ThinkPad,31,Female,Operations,Ops Associate,3,Full-time,82,98.9,0,1,0,52.7,,60,55,1,62.1,0,0,3.0,12.4,1,1
ORG03886,A,Dell Latitude,30,Male,Engineering,QA Analyst,4,Full-time,62,97.0,0,1,0,55.1,0.574,52,42,2,56.5,1,0,3.0,19.1,2,0
ORG03856,A,Acer TravelMate,31,Male,Engineering,DevOps Engineer,3,Contract,12,100.0,0,0,0,98.0,,30,29,1,96.1,0,0,5.0,4.3,1,0
ORG02223,A,MacBook Pro,33,Male,Customer Support,Support Lead,2,Full-time,22,100.0,0,0,0,72.2,0.72,98,81,5,79.2,2,1,4.0,8.4,0,0
ORG03629,D,MacBook Pro,28,Male,Operations,Process Analyst,3,Full-time,22,92.8,1,3,0,68.1,0.538,76,61,4,75.2,0,0,3.0,15.3,1,0
ORG05039,B,HP ProBook,25,Male,Marketing,Marketing Executive,1,Full-time,19,92.0,2,3,0,71.1,0.721,21,14,3,79.5,1,0,4.0,24.4,0,0
ORG03609,C,Dell Latitude,31,Male,Engineering,QA Analyst,2,Full-time,36,92.2,1,3,0,57.3,0.452,33,21,2,56.4,1,0,2.0,13.9,1,1
ORG05630,B,HP ProBook,29,Female,Sales,Inside Sales Rep,3,Full-time,38,95.0,1,0,0,79.3,0.657,41,33,3,69.8,2,0,4.0,7.5,1,0
ORG05997,B,Dell Latitude,23,Female,Operations,Ops Associate,1,Full-time,10,95.1,0,0,0,63.8,0.699,78,68,7,67.0,3,0,4.0,10.1,1,0
ORG05282,D,Dell Latitude,29,Female,Sales,Inside Sales Rep,2,Full-time,120,97.9,0,0,0,50.3,0.335,75,65,2,60.7,0,0,2.0,12.3,0,0
ORG05603,B,Acer TravelMate,29,Male,Marketing,Marketing Executive,1,Full-time,67,90.7,2,4,0,54.6,0.738,46,34,5,73.8,1,0,4.0,19.4,0,0
ORG04238,C,HP ProBook,30,Male,Marketing,Content Specialist,3,Full-time,63,100.0,0,0,0,75.7,0.639,26,23,0,68.0,0,0,4.0,23.0,2,0
ORG01996,D,HP ProBook,24,Male,Finance,Accounts Executive,1,Full-time,82,97.2,2,0,0,65.2,0.681,21,17,0,58.7,1,1,3.0,1.9,0,0
ORG02672,C,MacBook Pro,26,Female,Customer Support,Support Lead,3,Contract,11,98.9,1,1,0,77.1,0.671,76,74,3,62.5,4,0,5.0,7.4,1,0
ORG03552,B,MacBook Pro,24,Female,Customer Support,Support Associate,1,Full-time,55,88.3,2,5,1,55.4,0.647,84,57,11,81.9,0,0,2.0,23.5,2,0
ORG02225,D,Lenovo ThinkPad,37,Female,Marketing,Performance Marketer,4,Full-time,16,,2,0,2,71.3,0.805,42,32,4,77.1,1,1,4.0,14.4,0,0
ORG01107,D,HP ProBook,34,Male,Engineering,Data Scientist,3,Full-time,107,99.5,0,1,0,88.9,0.848,38,33,3,73.6,0,0,5.0,19.4,0,0
ORG05203,A,Lenovo ThinkPad,36,Male,Engineering,Software Engineer,5,Contract,7,91.2,4,3,1,81.1,0.853,47,38,7,81.1,0,0,4.0,24.0,3,0
ORG00819,C,Lenovo ThinkPad,27,Male,Operations,Ops Associate,1,Full-time,104,97.2,0,1,0,92.6,0.963,42,38,3,80.9,0,0,4.0,20.5,1,0
ORG03307,B,Dell Latitude,31,Male,Engineering,Data Scientist,3,Full-time,8,91.1,2,4,1,50.4,0.675,47,29,7,48.8,3,1,2.0,11.3,1,0
ORG06234,B,MacBook Pro,35,Male,Sales,Inside Sales Rep,2,Full-time,119,93.0,2,3,0,43.7,0.565,72,47,7,48.6,1,0,2.0,7.1,1,1
ORG04708,A,Lenovo ThinkPad,29,Female,Customer Support,Support Associate,3,Full-time,14,100.0,0,1,0,72.2,0.826,84,82,3,80.1,2,1,5.0,15.8,0,0
ORG01698,A,HP ProBook,26,Male,Finance,Finance Analyst,2,Full-time,26,90.3,2,1,0,65.7,0.5,46,30,6,63.8,0,0,2.0,6.1,0,0
ORG02859,A,HP ProBook,36,Male,Finance,Accounts Executive,3,Full-time,53,93.6,1,3,0,76.2,0.924,40,32,5,82.9,1,0,4.0,42.7,1,0
ORG00137,A,Dell Latitude,24,Male,IT,IT Support,1,Full-time,40,99.4,0,0,0,33.7,0.553,65,47,3,73.5,1,0,3.0,14.2,1,0
ORG03617,A,Dell Latitude,27,Female,Sales,Sales Executive,2,Contract,14,93.4,2,2,1,55.9,0.65,43,29,6,57.6,3,1,2.0,20.8,2,1
ORG04853,A,Dell Latitude,21,Female,HR,HR Executive,1,Full-time,24,85.4,6,3,0,62.8,0.454,31,19,5,67.6,3,1,1.0,13.3,1,0
ORG03904,D,HP ProBook,24,Male,Customer Support,Support Lead,2,Contract,13,99.9,1,0,0,66.8,0.803,123,97,14,71.2,0,1,5.0,13.2,1,0
ORG05595,A,Lenovo ThinkPad,31,Male,Operations,Ops Associate,2,Full-time,118,90.0,3,3,0,61.9,0.803,77,60,11,81.8,2,1,3.0,10.3,1,0
ORG01181,A,Lenovo ThinkPad,28,Female,Finance,Accounts Executive,3,Full-time,15,98.2,4,1,1,61.0,0.581,57,43,4,60.3,4,1,3.0,19.7,2,0
ORG03832,D,Acer TravelMate,30,Female,Operations,Process Analyst,4,Contract,13,100.0,0,1,0,65.5,0.479,54,45,4,63.3,1,0,4.0,17.1,3,0
ORG00889,B,Lenovo ThinkPad,23,Male,Engineering,QA Analyst,2,Full-time,46,95.4,3,1,0,65.3,0.704,37,34,4,70.2,2,1,4.0,16.5,1,0
ORG03821,D,Dell Latitude,26,Male,Finance,Accounts Executive,2,Full-time,21,94.6,2,3,0,76.6,0.541,54,41,5,72.5,2,0,4.0,28.8,2,0
ORG02438,D,Lenovo ThinkPad,27,Female,Operations,Ops Associate,1,Full-time,119,94.5,2,0,0,71.0,0.552,87,67,15,74.9,1,0,4.0,32.0,0,1
ORG05090,B,Dell Latitude,31,Female,Sales,Inside Sales Rep,2,Full-time,49,92.9,1,1,1,85.3,0.749,50,39,6,76.3,0,0,3.0,43.3,1,0
ORG04029,A,HP ProBook,30,Male,Customer Support,Support Associate,2,Full-time,60,92.7,4,3,0,76.4,0.847,76,53,10,86.2,3,0,4.0,15.0,1,1
ORG00818,C,Lenovo ThinkPad,27,Male,Customer Support,Support Lead,3,Full-time,60,96.4,0,1,0,88.8,1.0,136,129,20,80.2,1,3,4.0,32.3,2,0
ORG01112,D,HP ProBook,29,Female,Customer Support,Support Lead,3,Full-time,100,94.9,0,1,0,63.9,0.674,117,95,11,73.0,2,3,3.0,12.1,0,0
ORG03809,D,HP ProBook,29,Male,Marketing,Content Specialist,2,Full-time,80,96.3,1,0,0,70.3,0.772,68,58,2,69.1,1,0,3.0,5.7,0,0
ORG02342,B,Lenovo ThinkPad,36,Female,Engineering,Data Scientist,5,Full-time,36,89.8,3,4,1,74.7,0.987,27,22,4,66.1,0,0,5.0,17.7,0,0
ORG04651,B,Lenovo ThinkPad,24,Male,HR,HR Executive,3,Full-time,12,97.7,2,0,0,74.4,0.723,53,44,2,62.4,1,2,5.0,20.2,2,0
ORG05552,C,HP ProBook,28,Male,Engineering,DevOps Engineer,4,Contract,14,94.9,0,1,0,76.4,0.913,59,49,5,78.1,1,0,4.0,23.3,4,0
ORG01265,C,Acer TravelMate,33,Male,Operations,Ops Associate,2,Full-time,96,100.0,1,0,0,91.4,0.906,74,72,0,98.4,1,1,5.0,16.3,1,0
ORG00991,A,Acer TravelMate,29,Female,Operations,Ops Lead,2,Contract,7,92.8,1,2,1,77.1,0.887,79,58,8,77.8,0,0,4.0,46.4,3,0
ORG03613,A,Dell Latitude,33,Male,Operations,Process Analyst,4,Contract,15,93.8,1,2,0,41.8,0.658,103,77,18,55.5,1,2,2.0,14.9,1,1
ORG01740,C,Lenovo ThinkPad,31,Male,Finance,Finance Analyst,3,Full-time,74,100.0,0,0,0,71.3,0.996,40,34,0,61.9,1,1,5.0,26.6,1,0
ORG02788,D,HP ProBook,34,Male,Customer Support,Support Lead,4,Full-time,93,92.3,4,3,0,58.6,0.585,136,93,22,67.4,2,2,2.0,16.9,0,1
ORG00354,C,Lenovo ThinkPad,37,Male,Operations,Ops Lead,4,Full-time,114,99.4,1,0,0,65.1,0.834,70,65,4,81.4,0,0,5.0,14.9,3,0
ORG04833,C,MacBook Pro,27,Female,Operations,Ops Associate,2,Full-time,73,96.6,0,0,0,53.6,0.335,53,42,5,55.0,1,0,1.0,22.4,0,0
ORG02829,A,Dell Latitude,21,Male,HR,HR Executive,1,Full-time,15,92.7,1,4,0,85.3,0.941,61,58,5,83.9,1,1,4.0,21.8,1,0
ORG04424,D,Lenovo ThinkPad,28,Male,Sales,Sales Executive,1,Full-time,36,93.3,4,1,1,65.6,0.67,48,31,8,63.4,0,0,2.0,14.7,1,0
ORG01490,D,Acer TravelMate,30,Female,Customer Support,Support Associate,2,Full-time,57,94.9,0,2,1,57.3,0.565,139,115,15,59.2,2,1,4.0,17.2,0,1
ORG04220,D,MacBook Pro,23,Male,Operations,Ops Associate,1,Contract,17,92.4,0,1,0,47.0,0.76,86,65,8,69.7,1,1,4.0,15.9,1,0
ORG01229,B,Lenovo ThinkPad,26,Male,Marketing,Marketing Executive,1,Full-time,62,90.0,2,2,0,42.5,0.361,66,45,8,48.6,4,2,3.0,34.0,1,1
ORG04245,B,Lenovo ThinkPad,28,Female,Finance,Finance Analyst,2,Contract,11,94.5,3,0,0,92.1,1.0,38,36,2,76.2,1,0,5.0,1.6,0,0
ORG03022,C,HP ProBook,31,Male,Finance,Accounts Executive,2,Full-time,19,96.9,1,4,0,65.2,0.725,31,25,1,68.8,0,0,4.0,25.5,0,1
ORG06172,A,HP ProBook,30,Female,Customer Support,Support Lead,4,Full-time,109,100.0,0,0,0,51.7,0.805,86,78,4,50.8,3,0,3.0,18.1,1,0
ORG05908,C,MacBook Pro,25,Male,Operations,Ops Associate,1,Full-time,27,100.0,0,1,0,80.3,0.98,75,73,3,80.6,2,0,5.0,15.2,1,0
ORG00053,A,Dell Latitude,31,Male,Finance,Finance Analyst,2,Full-time,75,93.5,2,1,2,73.7,0.75,65,49,8,65.7,4,1,3.0,20.1,1,0
ORG03492,D,HP ProBook,33,Male,Engineering,Software Engineer,5,Full-time,18,92.9,0,4,0,64.7,0.731,39,30,3,62.7,4,3,4.0,13.2,1,0
ORG03079,B,Acer TravelMate,33,Male,Operations,Ops Lead,3,Full-time,65,100.0,0,2,0,72.6,0.865,56,54,0,78.9,0,0,4.0,32.9,1,0
ORG00160,C,Lenovo ThinkPad,21,Male,Finance,Accounts Executive,1,Full-time,4,94.6,1,1,0,52.7,0.695,49,37,4,57.6,7,3,2.0,7.3,0,1
ORG03711,C,Acer TravelMate,28,Male,Marketing,Marketing Executive,2,Full-time,12,90.2,3,3,0,45.7,0.622,56,39,8,59.5,3,0,4.0,15.2,2,0
ORG04077,D,Dell Latitude,32,Male,Operations,Process Analyst,2,Full-time,60,94.5,3,2,0,60.0,0.562,74,56,8,66.2,1,1,3.0,14.4,1,0
ORG01590,B,Lenovo ThinkPad,27,Male,Engineering,Data Analyst,2,Full-time,27,91.8,0,2,0,53.0,0.687,33,25,4,78.8,0,0,3.0,6.3,0,0
ORG01480,D,Lenovo ThinkPad,35,Male,Customer Support,Support Lead,3,Full-time,104,99.4,0,0,0,93.2,0.984,137,132,6,,0,0,5.0,9.7,2,0
ORG01470,D,Dell Latitude,35,Male,Engineering,QA Analyst,3,Full-time,57,100.0,0,2,0,58.0,0.796,41,29,1,67.8,3,0,4.0,8.8,1,0
ORG04458,A,Lenovo ThinkPad,37,Male,Operations,Ops Lead,4,Contract,3,89.2,3,1,1,90.8,0.825,81,70,14,85.0,0,0,4.0,14.4,0,0
ORG05821,C,MacBook Pro,25,Female,Operations,Ops Associate,2,Contract,12,93.5,4,2,0,75.3,0.965,107,90,19,80.2,0,0,3.0,25.3,1,0
ORG03659,B,HP ProBook,23,Female,Marketing,Marketing Executive,1,Contract,15,97.6,1,0,0,60.4,0.906,63,51,6,73.2,4,0,3.0,19.4,0,0
ORG02079,A,MacBook Pro,28,Male,Sales,Account Manager,4,Full-time,17,89.1,6,5,0,76.7,0.726,81,57,16,73.5,2,0,2.0,34.0,1,0
ORG03850,B,MacBook Pro,33,Female,Sales,Account Manager,4,Contract,2,93.9,2,2,0,49.2,0.664,51,34,2,62.4,4,5,2.0,22.0,0,0
ORG06223,C,Dell Latitude,28,Male,Operations,Ops Lead,3,Full-time,48,96.8,0,0,0,69.7,0.817,55,53,4,79.4,0,0,5.0,21.6,2,0
ORG04532,A,Dell Latitude,37,Male,Sales,Sales Executive,3,Full-time,89,94.1,2,2,1,58.0,0.587,38,26,3,55.1,4,1,3.0,18.0,3,1
ORG00437,B,MacBook Pro,23,Male,Engineering,DevOps Engineer,3,Full-time,120,98.8,1,0,0,61.7,0.718,24,20,1,50.0,2,0,3.0,16.1,2,0
ORG05142,A,HP ProBook,28,Male,Operations,Process Analyst,4,Contract,10,94.5,4,1,0,76.3,0.958,103,88,9,76.2,2,3,5.0,16.9,1,0
ORG04196,A,Acer TravelMate,28,Male,Customer Support,Support Associate,1,Full-time,30,96.6,2,1,0,42.4,0.498,61,45,5,59.1,2,1,2.0,44.9,2,0
ORG01589,C,MacBook Pro,31,Male,Sales,Account Manager,3,Full-time,88,94.6,4,3,2,82.8,0.571,69,53,7,80.3,1,2,4.0,12.4,1,0
ORG04642,A,HP ProBook,31,Male,Engineering,Software Engineer,4,Full-time,35,93.5,4,1,0,63.8,0.695,48,37,6,76.7,0,0,4.0,18.0,1,0
ORG01591,D,Dell Latitude,34,Female,Engineering,QA Analyst,2,Full-time,120,100.0,0,0,0,62.8,0.441,34,30,0,62.0,3,0,2.0,12.6,0,0
ORG04992,B,Dell Latitude,35,Female,HR,HR Executive,3,Full-time,54,98.7,0,1,0,64.8,0.717,40,35,2,65.9,2,0,4.0,27.1,3,0
ORG00974,B,Dell Latitude,27,Female,Marketing,Marketing Executive,1,Full-time,118,95.5,0,0,0,63.8,0.561,26,22,1,65.6,3,1,4.0,21.6,0,0
ORG01239,A,Lenovo ThinkPad,27,Male,Engineering,Software Engineer,2,Full-time,88,95.9,1,1,1,53.2,0.566,48,40,3,79.6,1,1,3.0,17.5,1,0
ORG02343,B,Dell Latitude,25,Male,Finance,Finance Analyst,2,Full-time,30,97.2,0,0,0,46.1,0.422,47,36,2,40.3,7,2,3.0,19.5,0,0
ORG05600,C,Dell Latitude,26,Male,Customer Support,Support Associate,1,Full-time,18,100.0,0,0,1,85.2,0.806,108,96,15,87.8,1,0,5.0,26.2,2,0
ORG05179,C,Dell Latitude,35,Female,Customer Support,Support Lead,4,Full-time,49,94.5,3,5,2,58.5,0.568,91,64,17,70.6,0,3,2.0,31.6,2,1
ORG04003,D,Acer TravelMate,25,Female,HR,HR Executive,1,Contract,1,96.8,4,1,1,63.8,0.855,51,41,5,68.6,3,1,4.0,5.4,1,0
ORG05387,B,Lenovo ThinkPad,29,Male,Engineering,QA Analyst,2,Full-time,96,100.0,0,0,0,42.9,0.393,53,35,0,51.1,2,5,3.0,7.6,0,0
ORG02232,C,HP ProBook,25,Male,Operations,Ops Lead,2,Full-time,81,94.9,1,1,0,64.3,0.761,87,67,12,69.1,3,0,3.0,33.0,1,0
ORG05837,C,Lenovo ThinkPad,27,Female,Marketing,Marketing Executive,3,Full-time,72,93.8,2,1,0,50.8,0.407,46,38,5,69.3,0,1,3.0,13.4,4,1
ORG01498,C,MacBook Pro,28,Male,Operations,Ops Associate,2,Full-time,78,98.1,1,3,2,81.7,0.921,61,57,3,75.7,1,0,5.0,25.0,0,0
ORG00450,C,Lenovo ThinkPad,33,Female,Operations,Ops Lead,4,Full-time,91,97.9,1,1,1,72.1,0.763,116,91,15,71.2,0,1,3.0,22.0,3,0
ORG02370,B,Dell Latitude,32,Male,Customer Support,Support Lead,2,Full-time,118,96.0,3,1,1,93.4,0.931,62,60,8,81.4,0,0,4.0,8.4,1,0
ORG03756,C,Lenovo ThinkPad,37,Male,Sales,Account Manager,4,Full-time,106,95.3,1,1,0,69.7,0.577,69,52,8,77.7,1,1,2.0,14.6,2,0
ORG02423,A,HP ProBook,29,Female,Finance,Accounts Executive,2,Full-time,81,93.2,1,1,0,36.6,0.71,44,34,4,70.1,2,0,3.0,17.2,0,0
ORG05666,B,HP ProBook,34,Female,Operations,Ops Lead,3,Full-time,48,94.0,4,2,1,83.7,0.702,53,41,10,81.7,0,0,4.0,18.0,1,0
ORG03353,D,HP ProBook,30,Male,Engineering,Data Scientist,4,Contract,12,94.5,3,0,0,96.2,0.899,35,30,4,84.3,2,1,4.0,10.6,0,0
ORG01552,B,HP ProBook,35,Male,Customer Support,Support Lead,3,Full-time,90,98.6,0,1,0,64.0,0.778,94,74,7,63.4,2,1,4.0,16.6,0,0
ORG05914,A,MacBook Pro,30,Male,Sales,Account Manager,3,Full-time,106,98.3,0,0,0,71.6,0.691,51,41,4,75.6,3,2,4.0,17.3,4,0
ORG01147,A,Dell Latitude,32,Male,Finance,Finance Analyst,3,Full-time,57,88.9,0,2,0,58.3,0.712,57,44,8,66.2,1,0,3.0,35.2,3,0
ORG04128,C,HP ProBook,23,Male,Customer Support,Support Associate,1,Full-time,8,99.1,1,0,0,68.0,0.639,109,84,16,75.4,2,0,3.0,7.4,0,0
ORG02093,D,Lenovo ThinkPad,26,Female,Operations,Ops Lead,2,Contract,3,91.6,2,1,1,42.2,0.549,101,69,16,55.9,3,0,1.0,4.4,1,1
ORG01314,D,Dell Latitude,36,Female,Engineering,DevOps Engineer,5,Full-time,14,91.9,1,1,0,86.1,0.726,62,59,5,77.3,2,0,3.0,14.0,2,0
ORG02016,D,Acer TravelMate,21,Male,Customer Support,Support Associate,1,Full-time,27,92.3,1,1,0,44.1,0.618,135,88,19,50.2,4,7,2.0,9.7,1,1
ORG03650,C,MacBook Pro,23,Male,HR,Talent Acquisition,2,Full-time,103,93.5,0,1,0,85.5,0.82,64,58,5,83.8,0,0,4.0,18.8,1,0
ORG03568,A,Acer TravelMate,27,Female,Customer Support,Support Associate,1,Full-time,95,98.7,2,0,0,54.3,0.578,99,70,7,48.6,1,0,4.0,8.6,1,0
ORG05183,D,Acer TravelMate,31,Female,Engineering,Data Scientist,4,Contract,17,94.0,3,1,0,80.2,0.774,32,23,2,70.5,3,1,3.0,15.3,1,0
ORG01382,B,Dell Latitude,35,Female,Engineering,Software Engineer,4,Full-time,48,91.3,1,2,0,92.2,0.86,33,27,4,79.0,0,0,4.0,20.3,1,0
ORG03626,D,Dell Latitude,30,Male,Operations,Process Analyst,3,Full-time,37,90.6,0,4,1,61.3,0.509,94,65,13,76.9,0,1,4.0,15.4,0,0
ORG00414,D,Acer TravelMate,27,Female,Marketing,Content Specialist,2,Full-time,60,94.4,3,2,1,76.0,0.763,41,32,5,82.6,1,0,4.0,25.2,1,0
ORG00942,D,HP ProBook,31,Male,HR,HR Executive,2,Full-time,87,93.3,3,1,0,91.9,0.827,42,36,5,86.8,1,0,5.0,17.5,1,0
ORG00802,A,Dell Latitude,34,Male,Sales,Sales Executive,2,Full-time,38,94.4,5,1,0,74.7,0.668,48,37,5,66.9,1,1,4.0,6.7,0,1
ORG02751,A,MacBook Pro,26,Male,Sales,Inside Sales Rep,2,Full-time,50,100.0,0,0,0,42.3,0.453,68,55,5,48.3,0,1,2.0,9.6,0,1
ORG05800,C,HP ProBook,22,Female,Sales,Sales Executive,1,Full-time,38,95.9,1,1,0,65.2,0.662,40,32,2,76.1,1,0,4.0,3.7,2,0
ORG03681,B,Dell Latitude,28,Male,Finance,Accounts Executive,3,Full-time,88,97.1,1,1,0,98.0,0.998,48,47,3,99.0,0,0,5.0,11.4,0,0
ORG00257,B,MacBook Pro,24,Male,HR,HR Executive,1,Full-time,71,94.9,2,0,0,63.6,0.769,36,29,2,62.5,3,1,3.0,15.3,4,0
ORG06196,B,Acer TravelMate,32,Male,Customer Support,Support Lead,3,Full-time,114,94.1,2,0,1,61.3,0.525,81,58,9,63.6,0,0,2.0,28.1,1,1
ORG02236,A,Dell Latitude,26,Female,Marketing,Marketing Executive,1,Full-time,18,94.5,2,0,0,56.8,0.471,31,21,4,45.9,1,1,2.0,19.1,1,0
ORG00648,C,Lenovo ThinkPad,31,Female,Customer Support,Support Lead,4,Full-time,63,97.1,1,1,0,73.0,0.752,123,91,13,86.3,1,0,4.0,14.8,0,0
ORG01768,D,HP ProBook,26,Male,Engineering,DevOps Engineer,3,Full-time,111,96.1,2,0,0,84.7,0.933,38,33,4,86.1,2,0,4.0,23.5,1,0
ORG04319,D,Lenovo ThinkPad,26,Male,HR,Talent Acquisition,3,Full-time,82,93.9,5,1,1,59.7,0.616,39,32,3,72.7,0,0,3.0,30.0,4,0
ORG03683,C,Dell Latitude,29,Male,Customer Support,Support Lead,2,Full-time,72,90.4,2,2,1,49.2,0.476,76,47,10,37.5,5,0,2.0,18.4,1,1
ORG03342,D,Lenovo ThinkPad,31,Male,HR,Talent Acquisition,3,Full-time,86,88.3,3,0,1,63.5,0.747,60,40,10,55.1,2,3,2.0,20.9,0,1
ORG02955,A,HP ProBook,33,Female,Customer Support,Support Associate,2,Full-time,90,94.1,4,0,0,73.9,0.825,96,69,15,53.3,6,3,4.0,9.5,2,0
ORG00025,D,Dell Latitude,34,Female,Finance,Finance Analyst,3,Full-time,109,100.0,0,0,0,47.7,0.611,59,49,1,62.1,0,0,4.0,9.5,0,0
ORG01089,D,HP ProBook,29,Male,Customer Support,Support Lead,2,Full-time,11,91.2,1,1,1,57.5,0.837,124,107,19,74.3,1,1,3.0,16.0,1,0
ORG03182,D,Lenovo ThinkPad,22,Male,Sales,Inside Sales Rep,2,Contract,10,88.5,2,4,0,73.6,0.682,71,49,15,71.4,1,4,2.0,7.7,4,0
ORG02695,C,HP ProBook,31,Female,Marketing,Performance Marketer,4,Contract,7,100.0,0,2,0,89.8,1.0,82,72,5,86.2,2,1,5.0,8.6,2,0
ORG04499,B,Lenovo ThinkPad,33,Male,HR,HR Executive,2,Full-time,32,94.1,3,1,3,85.9,0.909,49,37,5,80.9,1,1,4.0,9.4,0,0
ORG00113,C,HP ProBook,25,Female,Sales,Sales Executive,1,Full-time,24,93.9,1,1,0,54.6,0.56,40,24,6,74.3,2,1,2.0,14.9,1,1
ORG02312,B,HP ProBook,33,Male,Engineering,DevOps Engineer,4,Full-time,107,95.1,2,1,1,76.3,0.779,25,20,2,78.4,1,0,4.0,12.6,2,0
ORG03108,D,HP ProBook,25,Male,Operations,Ops Lead,2,Full-time,52,95.9,5,1,0,65.1,1.0,74,60,7,68.9,1,1,4.0,11.9,2,0
ORG00057,A,MacBook Pro,24,Male,Customer Support,Support Associate,2,Full-time,64,89.6,3,1,0,40.3,0.395,82,55,12,44.3,0,3,1.0,9.3,0,1
ORG01310,C,HP ProBook,21,Male,IT,IT Support,1,Full-time,4,89.6,2,1,1,53.1,0.794,53,39,6,75.2,0,0,3.0,9.9,0,0
ORG00696,C,Dell Latitude,28,Male,Customer Support,Support Lead,2,Full-time,53,94.4,1,0,0,61.2,0.54,105,77,13,71.3,1,3,4.0,10.2,2,1
ORG04588,D,HP ProBook,30,Male,Marketing,Content Specialist,1,Full-time,83,88.2,0,3,0,67.6,0.729,34,27,4,85.4,0,0,3.0,4.7,1,0
ORG01228,D,Dell Latitude,25,Male,Customer Support,Support Associate,3,Full-time,101,100.0,2,1,0,71.0,0.832,118,110,7,71.2,1,0,4.0,23.8,0,0
ORG02000,C,Acer TravelMate,25,Male,Customer Support,Support Lead,2,Full-time,59,96.0,0,0,0,72.3,0.63,121,92,13,69.4,1,5,4.0,15.0,1,0
ORG00277,D,Lenovo ThinkPad,21,Male,Sales,Sales Executive,2,Contract,2,96.6,0,1,0,46.7,0.578,60,49,3,44.4,6,4,2.0,4.0,2,1
ORG05253,C,Dell Latitude,22,Female,Sales,Account Manager,2,Full-time,18,96.9,2,0,0,64.8,0.559,77,55,7,62.9,2,1,3.0,15.7,0,0
ORG03751,A,HP ProBook,36,Female,Engineering,Data Scientist,4,Full-time,15,95.5,3,2,2,83.8,0.851,50,40,7,80.0,0,0,4.0,17.8,1,0
ORG01834,B,Lenovo ThinkPad,36,Female,Engineering,DevOps Engineer,4,Full-time,62,90.3,3,1,1,98.0,0.917,47,41,5,79.5,1,0,4.0,20.0,1,0
ORG00683,C,Lenovo ThinkPad,32,Female,Engineering,DevOps Engineer,4,Full-time,63,100.0,0,0,0,53.5,0.794,51,47,4,82.0,1,0,4.0,14.2,1,0
ORG03510,A,Dell Latitude,26,Female,Sales,Sales Executive,1,Full-time,90,100.0,0,0,0,69.5,0.906,37,36,0,84.4,1,0,5.0,6.7,0,0
ORG05982,D,Dell Latitude,34,Female,Customer Support,Support Associate,3,Full-time,67,100.0,2,1,1,61.6,0.833,72,62,5,69.2,1,2,4.0,9.7,2,0
ORG03212,B,Dell Latitude,30,Female,Finance,Finance Analyst,4,Full-time,38,99.0,2,3,0,65.9,0.671,33,22,4,50.1,3,0,3.0,31.5,2,1
ORG01138,B,Lenovo ThinkPad,21,Male,Customer Support,Support Associate,2,Contract,8,88.3,8,0,0,59.4,0.757,115,70,24,58.3,3,2,2.0,9.8,1,1
ORG02768,A,Dell Latitude,29,Male,Operations,Ops Associate,2,Full-time,93,97.6,0,0,0,52.0,0.645,66,54,7,84.1,2,0,3.0,21.1,2,0
ORG04214,A,Dell Latitude,27,Male,Engineering,Data Scientist,4,Full-time,15,97.2,1,1,0,83.4,0.711,42,34,1,69.9,5,3,5.0,9.4,1,0
ORG03863,A,Acer TravelMate,31,Female,Operations,Process Analyst,3,Full-time,84,92.9,4,3,0,83.6,0.714,52,40,6,83.1,0,0,3.0,29.7,0,0
ORG04335,A,Acer TravelMate,21,Female,HR,HR Executive,1,Full-time,61,95.6,6,2,3,64.0,0.632,62,48,9,67.9,3,1,3.0,28.3,1,1
ORG05473,D,Acer TravelMate,28,Female,IT,IT Support,3,Full-time,85,92.0,2,0,0,74.1,0.901,40,33,5,72.6,0,0,3.0,19.2,1,0
ORG05085,B,Lenovo ThinkPad,31,Male,Marketing,Performance Marketer,3,Full-time,112,99.5,0,0,0,48.3,0.606,74,58,5,63.3,4,1,2.0,14.7,2,1
ORG01347,A,Dell Latitude,30,Male,Customer Support,Support Associate,3,Contract,13,96.4,2,1,0,47.3,0.674,99,79,6,61.7,3,1,3.0,6.1,1,1
ORG05361,A,Lenovo ThinkPad,32,Female,Operations,Ops Lead,4,Full-time,31,97.2,1,1,2,61.3,0.65,63,50,7,78.2,2,1,2.0,24.7,1,0
ORG06114,B,Dell Latitude,30,Female,IT,IT Support,3,Full-time,21,98.1,0,3,0,70.3,0.771,62,54,7,72.8,2,0,3.0,23.0,1,0
ORG02785,C,Dell Latitude,28,Male,Engineering,DevOps Engineer,3,Full-time,111,99.1,0,1,0,76.8,0.686,54,47,2,73.8,1,0,3.0,12.8,3,0
ORG05625,C,Acer TravelMate,35,Female,Engineering,Data Analyst,4,Full-time,38,96.4,1,0,0,75.0,0.642,37,32,3,81.3,1,0,3.0,9.7,0,0
ORG02385,C,Dell Latitude,36,Female,Engineering,Data Scientist,4,Full-time,9,,0,0,0,58.4,0.613,34,26,1,82.0,0,0,,20.2,0,0
ORG00116,C,HP ProBook,35,Male,HR,Talent Acquisition,4,Full-time,86,92.9,0,2,0,79.7,,48,39,5,87.0,0,0,5.0,46.0,4,0
ORG04507,B,Acer TravelMate,25,Male,Customer Support,Support Associate,2,Full-time,86,91.3,2,1,1,75.5,0.583,136,105,14,71.0,1,1,4.0,15.5,0,0
ORG04796,B,Lenovo ThinkPad,29,Male,Engineering,Software Engineer,4,Contract,1,100.0,0,1,0,59.7,0.546,46,39,3,63.1,0,1,4.0,15.2,2,0
ORG03873,C,Lenovo ThinkPad,33,Male,Engineering,Data Scientist,4,Full-time,87,100.0,0,0,0,75.3,0.889,33,32,0,90.1,1,0,4.0,13.7,2,0
ORG02933,D,Dell Latitude,26,Male,Operations,Ops Associate,1,Full-time,72,94.9,0,4,0,42.7,0.6,90,61,14,51.5,4,3,2.0,3.0,1,1
ORG03635,B,HP ProBook,33,Female,Operations,Ops Lead,4,Contract,2,97.7,0,1,0,76.3,0.781,110,107,8,65.0,4,0,4.0,12.8,0,0
ORG02820,B,HP ProBook,22,Male,Marketing,Content Specialist,1,Full-time,39,91.2,2,1,0,30.6,0.424,39,26,5,44.8,2,1,1.0,9.7,0,1
ORG03543,B,HP ProBook,28,Male,Marketing,Performance Marketer,4,Full-time,74,98.4,0,1,0,80.3,0.816,74,68,8,71.1,1,0,4.0,12.2,1,0
ORG03090,B,Lenovo ThinkPad,26,Male,Marketing,Performance Marketer,3,Full-time,77,100.0,0,1,1,59.2,,53,40,3,70.4,2,1,3.0,22.3,0,0
ORG05251,B,Dell Latitude,26,Female,Customer Support,Support Lead,2,Full-time,24,96.0,1,4,0,49.7,0.574,96,71,11,51.1,4,6,3.0,6.6,0,0
ORG05822,D,Lenovo ThinkPad,27,Male,HR,HR Executive,3,Full-time,24,97.5,0,2,0,65.7,0.581,58,47,3,63.0,2,0,3.0,11.8,1,0
ORG00082,A,HP ProBook,35,Male,Customer Support,Support Lead,4,Full-time,118,98.5,0,2,0,74.3,0.671,110,103,11,79.0,3,1,4.0,15.8,0,0
ORG01973,C,MacBook Pro,32,Male,Finance,Accounts Executive,2,Full-time,70,100.0,1,1,0,63.3,0.732,65,58,2,91.4,2,0,4.0,23.5,0,0
ORG01715,C,Lenovo ThinkPad,32,Female,Sales,Sales Executive,3,Full-time,34,98.2,0,1,0,48.9,0.407,61,48,4,66.4,2,2,2.0,16.6,2,0
ORG03995,B,Lenovo ThinkPad,29,Female,Sales,Sales Executive,3,Full-time,63,91.1,2,2,1,59.5,0.671,67,52,8,69.3,2,2,3.0,8.2,0,0
ORG04742,D,Lenovo ThinkPad,26,Male,Sales,Sales Executive,1,Full-time,105,99.0,0,0,0,53.1,0.574,79,59,6,61.7,2,1,2.0,5.9,0,0
ORG03133,C,Lenovo ThinkPad,26,Female,Engineering,QA Analyst,3,Contract,9,90.4,5,6,0,87.2,0.97,52,42,7,81.6,2,0,5.0,21.7,2,0
ORG04042,B,HP ProBook,37,Male,Finance,Finance Analyst,3,Full-time,108,96.5,0,0,0,54.6,0.652,51,37,4,55.9,2,1,3.0,8.2,2,0
ORG01947,A,Dell Latitude,31,Male,Engineering,DevOps Engineer,3,Full-time,66,95.7,1,0,0,94.5,0.679,20,19,0,83.0,1,0,5.0,8.3,1,0
ORG03707,A,HP ProBook,29,Male,Sales,Inside Sales Rep,3,Full-time,28,95.5,0,1,0,46.0,0.715,51,35,6,61.1,4,1,2.0,19.9,1,1
ORG03314,B,Lenovo ThinkPad,32,Male,Operations,Ops Lead,3,Full-time,93,99.5,3,0,0,48.0,0.5,92,56,9,44.7,3,3,2.0,34.7,0,1
ORG04420,B,Acer TravelMate,33,Male,Customer Support,Support Lead,3,Full-time,111,95.6,1,2,0,59.4,0.617,99,74,11,66.5,2,4,3.0,34.8,0,0
ORG01611,A,Dell Latitude,25,Female,Sales,Inside Sales Rep,2,Full-time,25,90.5,2,5,0,72.8,0.604,71,52,12,90.3,0,0,4.0,48.8,1,0
ORG03619,B,Dell Latitude,24,Male,Sales,Account Manager,2,Contract,11,96.1,1,3,2,48.3,0.479,46,33,3,50.6,2,0,3.0,4.9,0,1
ORG03239,B,Dell Latitude,28,Female,Sales,Sales Executive,2,Full-time,112,95.0,0,1,0,61.9,0.591,68,54,6,62.6,1,0,3.0,10.2,0,0
ORG03623,A,HP ProBook,33,Male,Customer Support,Support Associate,3,Full-time,75,95.6,3,0,0,61.1,0.535,144,125,21,51.6,5,4,4.0,8.6,1,1
ORG06170,C,Dell Latitude,26,Male,Operations,Ops Lead,2,Full-time,72,96.8,2,4,1,38.9,0.662,48,41,5,70.4,0,0,3.0,5.4,1,0
ORG04861,A,Dell Latitude,30,Male,Customer Support,Support Associate,2,Full-time,102,100.0,0,0,0,83.3,0.743,132,118,2,68.9,1,3,4.0,36.2,2,0
ORG03362,A,Lenovo ThinkPad,26,Female,Sales,Account Manager,2,Full-time,55,98.7,1,0,0,67.6,0.605,43,36,2,60.8,1,0,3.0,21.1,3,0
ORG00666,D,Lenovo ThinkPad,22,Female,Finance,Accounts Executive,1,Full-time,52,100.0,1,1,0,27.3,0.386,43,26,2,40.9,2,1,1.0,20.7,3,1
ORG02195,C,Dell Latitude,37,Male,Operations,Process Analyst,3,Full-time,63,84.8,8,1,5,75.0,0.677,109,70,25,75.0,2,2,2.0,19.9,4,1
ORG05419,C,Dell Latitude,34,Female,Engineering,QA Analyst,4,Full-time,111,98.3,1,0,0,74.2,0.724,30,27,2,70.8,1,1,3.0,21.9,3,0
ORG05367,B,Lenovo ThinkPad,31,Male,Customer Support,Support Associate,2,Full-time,55,96.9,0,0,0,49.3,0.72,116,93,3,60.3,4,2,4.0,29.6,1,1
ORG01018,A,Lenovo ThinkPad,22,Female,HR,HR Executive,1,Full-time,12,93.6,0,2,1,61.6,0.853,43,37,4,77.9,0,0,4.0,18.3,0,0
ORG00558,D,Dell Latitude,21,Female,Customer Support,Support Associate,2,Contract,11,90.5,2,3,0,62.7,0.702,91,61,11,75.1,0,0,3.0,15.1,0,1
ORG04150,A,Dell Latitude,29,Male,Customer Support,Support Associate,3,Full-time,65,95.9,0,2,0,97.0,1.0,112,109,12,99.0,0,0,5.0,8.5,2,0
ORG03790,C,Dell Latitude,22,Female,Operations,Ops Associate,1,Full-time,4,92.2,1,3,1,57.9,0.703,99,64,14,61.0,2,1,3.0,4.5,0,0
ORG01208,D,Dell Latitude,22,Male,Customer Support,Support Associate,3,Full-time,33,94.7,1,2,1,69.9,0.637,139,123,18,68.7,2,0,3.0,16.1,2,0
ORG03215,D,Dell Latitude,32,Male,Engineering,DevOps Engineer,4,Full-time,72,93.4,1,0,0,73.6,0.77,54,43,8,78.7,0,0,3.0,8.6,0,0
ORG04557,D,Dell Latitude,28,Female,Finance,Accounts Executive,1,Full-time,85,94.7,0,1,0,53.1,0.63,16,12,1,71.7,0,0,3.0,13.9,2,0
ORG01511,D,HP ProBook,32,Female,Engineering,Data Analyst,3,Full-time,50,93.4,1,0,0,60.0,0.806,29,22,1,57.1,1,1,3.0,31.4,1,0
ORG06182,A,HP ProBook,26,Male,Customer Support,Support Lead,3,Full-time,44,92.0,1,0,0,89.8,0.808,99,90,11,84.2,2,1,5.0,12.4,1,0
ORG04103,B,Dell Latitude,31,Male,Customer Support,Support Lead,3,Full-time,78,98.0,0,0,0,81.4,0.817,114,102,8,79.5,1,1,4.0,21.0,3,0
ORG04293,B,Acer TravelMate,28,Female,Engineering,Data Analyst,2,Full-time,21,97.1,0,1,0,57.0,0.645,49,43,4,66.0,1,2,3.0,14.1,2,0
ORG04295,C,Lenovo ThinkPad,26,Male,HR,HR Executive,1,Full-time,49,92.9,2,2,1,73.9,0.763,22,17,3,77.0,1,0,4.0,12.7,2,0
ORG00267,B,HP ProBook,24,Male,Sales,Sales Executive,1,Full-time,48,92.4,2,4,0,61.0,0.592,68,53,6,68.2,4,2,3.0,28.6,2,1
ORG04772,A,MacBook Pro,30,Female,Sales,Sales Executive,3,Full-time,26,95.8,1,5,0,72.2,0.642,41,31,5,64.8,1,1,4.0,17.2,2,0
ORG03738,A,Dell Latitude,21,Female,Finance,Accounts Executive,1,Contract,1,98.6,0,0,0,77.2,0.653,58,47,2,63.8,4,2,5.0,17.8,1,0
ORG02112,D,Lenovo ThinkPad,25,Male,Customer Support,Support Lead,2,Full-time,29,100.0,1,0,0,38.0,0.464,109,74,8,62.2,4,1,3.0,10.5,0,0
ORG05900,A,Lenovo ThinkPad,35,Female,Engineering,Data Scientist,3,Full-time,88,98.3,0,2,0,81.2,0.932,27,26,3,86.2,1,0,4.0,23.5,0,0
ORG01910,D,HP ProBook,26,Female,Marketing,Content Specialist,1,Full-time,85,90.5,2,2,0,51.1,0.595,61,42,8,56.2,3,0,2.0,19.3,0,1
ORG03932,B,HP ProBook,29,Female,Operations,Ops Lead,3,Full-time,24,92.2,2,1,3,51.0,0.386,107,76,15,65.6,4,0,2.0,28.5,2,1
ORG05381,D,Dell Latitude,29,Male,Engineering,DevOps Engineer,4,Contract,9,91.1,1,2,1,61.0,0.625,60,46,9,70.1,1,0,3.0,15.5,2,0
ORG00657,A,Dell Latitude,38,Male,HR,Talent Acquisition,3,Full-time,109,92.8,5,1,2,63.9,0.445,37,28,6,61.7,2,1,2.0,15.4,2,0
ORG04237,A,HP ProBook,24,Male,Sales,Account Manager,2,Contract,16,99.0,0,0,0,80.9,0.634,54,47,2,58.7,2,2,3.0,21.1,0,1
ORG04454,D,Lenovo ThinkPad,33,Male,Operations,Ops Lead,3,Full-time,24,95.4,3,3,0,79.3,0.914,81,68,9,86.4,2,0,4.0,11.2,0,0
ORG04033,B,HP ProBook,39,Male,Operations,Ops Lead,4,Full-time,72,96.0,1,0,1,34.8,0.722,91,67,6,50.5,1,0,2.0,36.9,2,1
ORG00999,D,Lenovo ThinkPad,28,Male,IT,IT Support,2,Full-time,5,91.2,4,4,1,26.3,0.476,31,18,4,59.7,0,0,1.0,18.2,0,1
ORG05986,A,MacBook Pro,29,Male,Sales,Account Manager,4,Full-time,56,98.2,2,0,0,64.1,0.782,48,42,2,78.6,2,2,3.0,21.8,1,0
ORG02835,B,Acer TravelMate,29,Male,Operations,Process Analyst,2,Full-time,12,87.3,8,3,1,72.5,0.479,49,31,9,73.7,0,0,2.0,9.0,1,0
ORG02810,C,MacBook Pro,33,Female,Engineering,Data Scientist,4,Full-time,120,91.3,2,0,0,76.7,0.958,25,21,2,85.9,0,0,4.0,40.3,2,0
ORG01785,A,HP ProBook,21,Male,Sales,Inside Sales Rep,1,Full-time,31,100.0,0,1,0,55.7,0.475,73,58,4,51.6,0,1,3.0,8.9,1,0
ORG01238,D,HP ProBook,25,Female,Customer Support,Support Associate,2,Full-time,104,88.3,4,1,2,63.9,0.721,123,94,20,67.8,1,0,3.0,5.2,0,1
ORG05254,D,HP ProBook,21,Male,HR,HR Executive,1,Full-time,84,95.3,1,2,0,44.5,0.528,53,41,3,36.9,8,2,3.0,9.1,1,0
ORG04985,B,Dell Latitude,29,Female,Sales,Account Manager,2,Full-time,57,91.4,2,1,1,77.9,0.853,54,52,5,91.1,1,1,4.0,34.5,0,0
ORG05590,B,MacBook Pro,31,Female,Operations,Ops Lead,3,Full-time,24,96.5,1,0,0,80.3,0.749,78,70,8,72.0,1,1,4.0,12.9,1,0
ORG05121,C,MacBook Pro,31,Female,Operations,Ops Associate,3,Full-time,13,98.8,0,0,0,48.4,0.771,72,54,4,54.9,3,1,3.0,23.9,3,0
ORG01321,A,HP ProBook,28,Male,Customer Support,Support Associate,2,Full-time,60,95.1,1,1,1,55.2,0.623,117,99,13,64.7,2,3,2.0,3.4,1,0
ORG02187,A,MacBook Pro,33,Male,HR,HR Executive,2,Full-time,65,95.0,3,1,0,67.8,0.707,26,20,1,47.0,4,1,3.0,7.1,0,0
ORG03847,B,Dell Latitude,26,Female,Finance,Finance Analyst,2,Full-time,40,96.8,0,0,0,69.2,0.71,49,38,3,71.8,1,1,4.0,18.5,0,0
ORG00909,A,MacBook Pro,32,Male,Sales,Account Manager,4,Full-time,51,85.5,3,3,1,59.4,0.67,75,45,18,69.2,0,0,3.0,15.3,1,1
ORG05565,A,Lenovo ThinkPad,27,Male,Marketing,Performance Marketer,2,Full-time,67,95.0,0,1,0,56.9,0.617,39,28,3,60.8,1,0,4.0,14.2,1,0
ORG01304,D,Dell Latitude,23,Male,Sales,Sales Executive,3,Full-time,29,93.8,1,1,0,75.0,0.818,49,39,7,74.4,0,0,4.0,38.2,1,0
ORG05892,B,MacBook Pro,27,Female,Operations,Process Analyst,2,Full-time,64,86.6,4,4,2,74.7,0.684,57,39,10,60.0,3,2,2.0,8.2,0,0
ORG01628,D,Lenovo ThinkPad,35,Female,Engineering,QA Analyst,4,Full-time,35,96.0,0,5,0,61.4,0.781,50,37,3,63.1,0,0,3.0,21.5,1,0
ORG01523,A,HP ProBook,30,Female,Marketing,Marketing Executive,3,Full-time,60,92.6,2,3,1,74.3,0.617,59,56,4,77.6,0,0,3.0,32.7,2,0
ORG00836,D,HP ProBook,36,Male,Operations,Process Analyst,4,Full-time,71,99.0,0,1,0,98.0,1.0,74,72,4,99.0,0,0,5.0,20.6,0,0
ORG00359,A,Dell Latitude,31,Male,Customer Support,Support Lead,4,Full-time,24,95.3,4,2,1,78.2,0.758,117,96,17,71.1,2,0,4.0,14.1,3,0
ORG00139,C,HP ProBook,32,Male,Finance,Finance Analyst,4,Full-time,43,94.0,0,0,1,60.5,0.716,62,46,5,73.9,3,0,3.0,15.5,2,0
ORG00300,C,HP ProBook,24,Male,Operations,Ops Associate,1,Full-time,12,90.1,5,2,1,86.9,0.697,103,79,17,78.6,1,1,3.0,24.6,3,1
ORG01557,C,Acer TravelMate,33,Male,Marketing,Performance Marketer,3,Full-time,48,92.0,2,6,2,52.5,0.418,44,28,8,55.0,1,1,1.0,13.4,1,1
ORG01004,B,Dell Latitude,31,Female,Engineering,Software Engineer,4,Full-time,71,100.0,1,4,0,96.6,0.913,53,50,1,84.6,3,1,5.0,46.8,1,0
ORG00383,D,Lenovo ThinkPad,21,Male,Finance,Accounts Executive,2,Full-time,6,91.0,1,1,0,84.5,0.673,56,44,6,74.8,3,1,3.0,6.9,0,0
ORG03280,D,HP ProBook,35,Male,Engineering,DevOps Engineer,4,Full-time,88,100.0,0,0,0,86.8,0.818,49,46,1,63.8,2,0,5.0,14.5,0,0
ORG00762,C,Lenovo ThinkPad,28,Female,Engineering,DevOps Engineer,3,Full-time,3,92.0,3,1,0,75.4,0.814,53,41,9,67.9,5,2,5.0,19.9,1,0
ORG04026,B,Dell Latitude,33,Female,IT,System Admin,3,Full-time,95,91.9,1,2,2,70.4,0.93,65,52,7,79.2,1,0,4.0,14.6,2,0
ORG03312,A,Lenovo ThinkPad,40,Male,Marketing,Performance Marketer,4,Full-time,108,95.4,0,0,1,72.4,0.704,70,57,4,75.3,0,0,4.0,46.1,1,0
ORG03493,D,Dell Latitude,26,Female,HR,Talent Acquisition,2,Full-time,3,89.7,3,3,0,59.3,0.542,52,30,7,52.2,5,1,1.0,5.9,0,1
ORG05102,B,HP ProBook,23,Male,Sales,Inside Sales Rep,2,Contract,14,91.7,5,2,1,33.9,0.459,70,41,9,57.1,2,1,2.0,4.6,1,1
ORG05689,B,MacBook Pro,29,Male,Finance,Accounts Executive,2,Full-time,103,96.9,1,2,2,85.9,0.784,67,57,6,73.3,1,0,4.0,13.4,1,0
ORG01403,D,MacBook Pro,30,Female,IT,System Admin,2,Full-time,81,96.4,1,0,0,61.2,0.838,46,39,2,72.7,1,0,4.0,19.4,0,0
ORG03627,B,Dell Latitude,29,Female,Marketing,Content Specialist,3,Full-time,18,91.0,2,1,0,62.8,0.523,51,41,5,53.5,6,1,2.0,11.5,0,1
ORG05416,A,Dell Latitude,34,Female,Customer Support,Support Lead,2,Full-time,37,89.1,2,2,0,57.8,0.676,95,78,12,60.1,1,2,2.0,4.0,0,0
ORG02722,D,Lenovo ThinkPad,35,Male,HR,Talent Acquisition,4,Full-time,26,92.2,4,5,0,87.1,1.0,74,62,9,87.6,1,0,4.0,25.2,0,0
ORG01933,D,Dell Latitude,27,Male,Finance,Accounts Executive,1,Full-time,100,100.0,1,1,0,94.3,0.757,27,26,1,96.3,0,0,5.0,16.9,0,0
ORG05608,B,Acer TravelMate,24,Male,Operations,Ops Lead,2,Full-time,78,91.9,3,0,0,54.5,0.477,80,55,12,68.4,0,1,2.0,22.4,1,0
ORG03247,B,Dell Latitude,26,Male,Sales,Inside Sales Rep,2,Full-time,91,100.0,0,1,0,58.4,0.471,43,34,1,56.1,1,0,3.0,12.6,1,0
ORG05024,D,Lenovo ThinkPad,32,Male,Operations,Ops Lead,2,Full-time,101,99.5,1,0,0,66.3,0.878,61,52,6,77.6,2,0,5.0,20.2,2,0
ORG05389,D,Dell Latitude,37,Male,Customer Support,Support Lead,4,Full-time,71,95.3,2,4,0,83.0,0.68,74,59,9,79.3,0,1,4.0,30.6,0,0
ORG03170,C,Lenovo ThinkPad,34,Female,Operations,Process Analyst,2,Full-time,68,96.5,3,2,0,63.1,0.74,64,54,2,63.3,3,0,4.0,8.5,2,0
ORG04188,B,HP ProBook,26,Male,Engineering,QA Analyst,2,Contract,6,89.6,3,0,2,76.4,0.867,31,27,5,92.4,0,1,4.0,9.0,1,0
ORG02686,B,HP ProBook,26,Male,Finance,Finance Analyst,3,Full-time,28,95.9,1,1,0,70.6,0.578,66,61,4,72.5,2,0,3.0,12.0,2,0
ORG03771,D,Acer TravelMate,23,Female,Marketing,Marketing Executive,2,Full-time,46,93.4,0,3,0,58.3,0.556,58,39,4,52.3,2,0,2.0,19.1,2,1
ORG00059,B,Dell Latitude,30,Female,Engineering,Data Analyst,3,Full-time,88,93.5,1,0,0,66.2,0.569,55,42,4,80.7,0,0,2.0,19.6,5,0
ORG00077,B,Lenovo ThinkPad,21,Male,Sales,Sales Executive,1,Full-time,69,94.1,3,1,2,68.3,0.669,49,34,5,76.6,0,0,3.0,37.4,1,0
ORG00797,B,HP ProBook,29,Male,Engineering,Software Engineer,3,Full-time,64,95.2,0,2,0,65.3,0.72,38,29,2,64.0,6,1,4.0,12.8,0,0
ORG02417,C,Lenovo ThinkPad,28,Male,Sales,Account Manager,2,Contract,10,92.5,4,1,0,82.5,0.938,67,60,5,91.6,1,0,4.0,18.6,0,0
ORG04631,B,Lenovo ThinkPad,33,Male,Sales,Inside Sales Rep,2,Full-time,37,92.5,1,0,1,51.9,0.724,78,60,5,49.7,5,1,3.0,11.6,0,1
ORG04609,D,HP ProBook,31,Male,Engineering,DevOps Engineer,3,Full-time,44,90.5,6,1,0,51.8,0.55,30,16,4,57.0,4,1,1.0,22.0,1,1
ORG00786,B,HP ProBook,28,Male,Sales,Inside Sales Rep,3,Full-time,18,97.1,0,0,0,48.2,0.656,68,62,2,58.9,2,2,4.0,21.7,1,1
ORG03366,B,Lenovo ThinkPad,26,Male,Sales,Inside Sales Rep,1,Contract,11,99.3,0,1,0,55.8,0.609,75,68,3,59.6,1,1,3.0,18.3,1,0
ORG06150,D,MacBook Pro,25,Female,Finance,Finance Analyst,2,Full-time,39,99.3,1,2,0,67.8,0.778,64,51,5,49.0,4,3,3.0,12.3,2,1
ORG04679,D,Dell Latitude,30,Female,Engineering,Data Analyst,4,Full-time,13,99.5,0,0,0,55.0,0.654,54,39,6,68.3,3,2,2.0,12.8,0,0
ORG02218,B,Lenovo ThinkPad,26,Male,Marketing,Marketing Executive,1,Full-time,105,98.7,0,1,0,46.3,0.568,20,14,0,48.1,2,2,4.0,14.3,2,0
ORG04845,B,HP ProBook,37,Male,Sales,Inside Sales Rep,3,Full-time,108,95.2,1,5,1,80.3,0.957,66,64,7,97.5,0,0,5.0,24.3,2,0
ORG06006,D,MacBook Pro,29,Female,Customer Support,Support Associate,3,Full-time,39,94.7,1,1,1,78.5,0.671,75,58,8,77.1,2,0,4.0,11.8,0,0
ORG03913,B,Dell Latitude,31,Female,Marketing,Content Specialist,3,Full-time,99,93.8,2,1,0,91.2,0.797,62,60,9,94.1,0,0,4.0,19.0,1,0
ORG03081,D,HP ProBook,28,Male,Sales,Sales Executive,3,Contract,1,85.6,3,4,1,30.4,0.755,56,30,10,45.5,8,5,2.0,14.1,2,1
ORG03741,A,HP ProBook,26,Female,Engineering,QA Analyst,2,Full-time,103,96.8,1,0,0,53.8,0.595,19,15,1,67.2,4,0,3.0,27.6,1,0
ORG04866,C,HP ProBook,30,Other,Engineering,DevOps Engineer,5,Full-time,78,97.7,0,3,0,68.0,0.623,43,31,2,66.2,2,0,3.0,11.0,3,0
ORG00911,A,HP ProBook,31,Female,Finance,Finance Analyst,3,Full-time,37,90.8,1,2,0,58.9,0.325,37,28,3,60.8,4,1,2.0,10.9,0,1
ORG02173,A,MacBook Pro,25,Female,Customer Support,Support Associate,1,Full-time,56,97.1,1,0,0,74.0,0.729,92,78,8,77.1,2,1,3.0,15.6,1,0
ORG03928,D,HP ProBook,28,Male,HR,Talent Acquisition,4,Full-time,39,95.1,1,1,1,61.2,0.756,64,50,7,71.8,2,1,4.0,19.7,2,0
ORG02310,C,Dell Latitude,25,Female,Marketing,Content Specialist,2,Contract,3,94.9,3,1,0,60.8,0.785,35,24,4,64.2,3,1,3.0,3.7,0,0
ORG05910,C,MacBook Pro,31,Female,Engineering,QA Analyst,2,Full-time,110,100.0,1,1,0,52.8,0.453,29,24,1,50.2,2,3,2.0,9.7,2,1
ORG01258,C,Dell Latitude,33,Male,HR,Talent Acquisition,3,Full-time,115,94.2,0,3,0,66.5,0.786,68,48,11,65.3,3,1,3.0,32.6,1,0
ORG02496,C,MacBook Pro,21,Female,Customer Support,Support Associate,1,Full-time,9,92.5,2,2,2,63.2,0.658,87,68,11,71.2,0,0,3.0,25.5,3,0
ORG04751,B,HP ProBook,33,Male,Engineering,DevOps Engineer,5,Full-time,74,93.4,1,3,3,84.0,0.791,36,27,2,67.2,5,2,4.0,34.1,2,0
ORG04355,C,Dell Latitude,36,Female,Marketing,Content Specialist,2,Full-time,109,98.8,2,3,0,54.9,0.622,66,49,6,58.7,3,0,3.0,24.6,1,0
ORG01179,A,Dell Latitude,29,Female,Engineering,Data Analyst,3,Full-time,96,94.2,4,1,1,50.3,0.649,50,34,5,49.6,3,2,2.0,20.0,1,1
ORG04744,B,HP ProBook,27,Male,Sales,Inside Sales Rep,3,Full-time,85,96.2,1,1,0,75.1,0.687,78,71,5,65.3,1,1,4.0,27.6,2,0
ORG05158,C,HP ProBook,29,Female,Operations,Process Analyst,2,Full-time,95,92.8,1,3,1,68.7,0.669,88,60,16,67.8,1,3,3.0,,2,0
ORG00443,D,Lenovo ThinkPad,31,Male,Finance,Finance Analyst,3,Full-time,49,95.9,0,1,0,97.0,0.785,23,20,0,73.1,3,1,4.0,21.5,1,0
ORG01400,D,Dell Latitude,29,Female,Sales,Sales Executive,3,Full-time,64,98.5,1,0,0,76.1,,58,45,5,67.6,2,2,3.0,24.3,1,0
ORG03642,D,Dell Latitude,38,Male,Engineering,Data Scientist,4,Full-time,68,97.9,0,0,0,73.1,0.546,46,42,3,82.5,0,0,4.0,19.7,0,0
ORG03363,B,Lenovo ThinkPad,25,Female,Operations,Process Analyst,2,Full-time,37,91.9,3,1,0,61.8,0.625,52,41,6,69.1,2,0,2.0,35.4,2,0
ORG03400,C,HP ProBook,27,Female,Operations,Ops Lead,3,Full-time,20,100.0,0,0,0,48.6,0.434,96,79,1,56.9,3,2,3.0,12.1,0,1
ORG03685,A,HP ProBook,36,Male,Engineering,Software Engineer,5,Full-time,32,91.6,2,0,0,89.6,1.0,24,21,3,71.8,5,0,4.0,49.5,1,0
ORG06018,B,Dell Latitude,26,Male,HR,Talent Acquisition,2,Full-time,51,98.1,0,0,0,75.5,0.779,54,46,5,68.4,2,0,4.0,18.8,0,0
ORG01055,B,Lenovo ThinkPad,27,Male,Sales,Account Manager,2,Full-time,82,99.2,1,1,0,67.3,0.756,55,46,2,63.7,1,1,3.0,30.7,4,0
ORG04589,C,MacBook Pro,27,Male,Operations,Ops Associate,3,Full-time,22,99.0,0,1,0,70.0,0.877,86,74,6,68.4,1,0,5.0,14.8,1,0
ORG04831,B,HP ProBook,29,Female,Operations,Ops Associate,1,Full-time,100,97.1,0,2,0,65.4,0.539,83,63,8,67.3,2,1,3.0,26.5,0,1
ORG03407,C,Acer TravelMate,25,Female,Customer Support,Support Associate,1,Contract,13,99.3,0,0,0,61.0,0.727,80,75,3,65.2,6,2,4.0,7.0,0,0
ORG01416,B,Lenovo ThinkPad,28,Female,Finance,Accounts Executive,1,Full-time,112,94.4,0,2,0,59.3,0.764,47,37,5,69.3,0,0,4.0,8.7,0,0
ORG02373,B,Lenovo ThinkPad,30,Male,Sales,Inside Sales Rep,3,Full-time,50,97.8,2,1,0,98.0,1.0,75,73,5,99.0,1,0,5.0,12.8,1,0
ORG04455,A,Dell Latitude,27,Female,Customer Support,Support Associate,2,Full-time,67,94.5,3,2,0,46.1,0.449,124,78,11,55.5,1,1,1.0,26.2,2,1
ORG04536,C,HP ProBook,35,Male,Engineering,Software Engineer,4,Full-time,67,94.6,1,0,0,98.0,1.0,38,37,1,85.8,1,0,5.0,18.6,4,0
ORG06001,B,Dell Latitude,30,Female,Customer Support,Support Associate,3,Full-time,79,97.3,0,0,1,68.3,0.793,105,95,8,71.5,0,0,3.0,19.4,0,0
ORG03124,A,Dell Latitude,35,Male,Customer Support,Support Lead,4,Full-time,49,97.1,0,0,0,40.9,0.746,121,100,11,62.9,3,1,3.0,8.2,0,0
ORG04088,D,Lenovo ThinkPad,26,Male,Operations,Ops Lead,2,Full-time,51,100.0,1,0,0,97.9,1.0,63,61,3,99.0,0,0,5.0,24.9,0,0
ORG04419,B,Lenovo ThinkPad,35,Other,Engineering,Software Engineer,2,Full-time,87,94.0,1,3,0,59.6,0.823,29,21,3,73.3,0,0,4.0,16.4,0,0
ORG01503,B,HP ProBook,21,Female,Sales,Sales Executive,1,Full-time,20,93.5,1,2,1,82.1,0.823,39,36,2,97.2,0,0,5.0,11.0,0,0
ORG03484,A,Dell Latitude,31,Male,Operations,Process Analyst,2,Full-time,108,94.1,0,1,0,62.1,0.713,85,58,14,62.3,3,3,3.0,15.1,0,1
ORG04175,D,MacBook Pro,29,Male,Finance,Finance Analyst,3,Full-time,50,93.2,5,0,2,69.5,0.807,74,57,7,58.6,4,0,4.0,13.5,0,0
ORG02012,C,Lenovo ThinkPad,21,Male,Sales,Inside Sales Rep,2,Full-time,30,100.0,0,0,0,67.8,0.666,38,35,3,70.0,1,0,3.0,10.1,0,0
ORG04777,A,Dell Latitude,21,Female,Customer Support,Support Associate,2,Contract,13,97.5,1,3,0,84.1,0.806,89,74,10,78.8,3,1,5.0,7.6,1,0
ORG03434,D,MacBook Pro,30,Male,Sales,Account Manager,2,Full-time,104,92.3,1,1,2,53.5,0.715,71,56,9,68.4,0,0,4.0,16.6,3,0
ORG03204,D,MacBook Pro,33,Male,Operations,Ops Associate,3,Full-time,54,96.4,1,0,0,81.7,0.727,90,75,10,73.1,1,0,4.0,15.4,1,0
ORG05088,A,HP ProBook,32,Male,Customer Support,Support Associate,2,Full-time,115,98.0,0,0,1,45.0,0.597,84,63,5,47.3,2,0,3.0,26.4,3,0
ORG04762,B,MacBook Pro,32,Female,Customer Support,Support Lead,2,Full-time,74,92.6,0,4,0,67.1,0.798,71,53,14,86.0,2,0,3.0,35.7,1,0
ORG05927,C,Acer TravelMate,33,Male,HR,HR Executive,3,Full-time,118,83.8,2,3,1,52.2,0.498,26,15,4,58.6,3,0,2.0,33.1,2,1
ORG00007,B,Lenovo ThinkPad,30,Male,Finance,Finance Analyst,3,Full-time,18,96.3,2,0,0,71.2,0.838,69,54,6,76.7,1,0,5.0,12.1,2,0
ORG02981,D,Acer TravelMate,34,Female,Operations,Process Analyst,3,Full-time,37,93.7,0,5,1,59.2,0.573,71,40,12,59.5,2,1,2.0,31.6,2,1
ORG02488,D,Acer TravelMate,30,Female,HR,Talent Acquisition,3,Contract,5,92.5,1,1,2,59.4,0.676,22,18,2,78.7,0,0,4.0,13.8,0,0
ORG00679,C,Dell Latitude,25,Male,Engineering,Data Analyst,3,Full-time,24,93.4,0,0,0,25.0,0.458,26,18,2,33.5,5,2,1.0,10.8,0,1
ORG01944,B,Dell Latitude,35,Other,Engineering,Data Scientist,5,Full-time,47,94.0,6,2,0,79.2,0.777,56,49,7,99.0,0,0,4.0,17.4,4,0
ORG03765,A,HP ProBook,36,Male,Engineering,DevOps Engineer,5,Full-time,53,95.5,0,1,0,62.2,,56,45,4,55.1,1,0,3.0,52.4,2,1
ORG05810,B,Lenovo ThinkPad,29,Male,Finance,Finance Analyst,3,Full-time,60,98.7,2,1,0,71.8,0.831,40,34,3,62.9,5,0,4.0,80.0,3,0
ORG04104,B,HP ProBook,25,Male,Sales,Inside Sales Rep,1,Full-time,49,98.1,1,3,0,67.7,0.812,32,27,3,79.0,0,0,3.0,12.8,1,0
ORG04838,B,Lenovo ThinkPad,23,Female,Engineering,QA Analyst,2,Full-time,70,92.8,3,3,0,73.4,0.821,52,39,8,69.7,4,0,3.0,7.4,0,0
ORG05584,A,Acer TravelMate,25,Female,Finance,Accounts Executive,1,Full-time,44,93.2,0,1,0,58.9,0.577,48,32,6,61.4,1,1,3.0,14.9,0,0
ORG02608,C,HP ProBook,21,Female,Sales,Inside Sales Rep,1,Contract,6,90.9,3,0,0,,0.701,53,41,7,79.5,1,1,3.0,0.0,0,0
ORG05480,B,HP ProBook,27,Male,IT,System Admin,2,Full-time,117,95.3,1,0,0,77.8,0.695,66,50,8,70.9,0,0,4.0,4.7,1,0
ORG05806,A,HP ProBook,29,Female,Finance,Finance Analyst,2,Full-time,112,95.0,0,2,3,83.3,0.936,22,19,2,95.3,0,0,4.0,12.2,0,0
ORG01065,D,Lenovo ThinkPad,26,Male,Sales,Inside Sales Rep,2,Full-time,116,91.4,1,1,0,34.3,0.2,49,32,5,38.7,2,0,2.0,11.5,0,1
ORG02895,A,Lenovo ThinkPad,25,Male,IT,IT Support,1,Full-time,107,98.1,2,1,2,54.6,0.504,17,14,0,51.7,3,0,2.0,12.3,2,0
ORG04126,A,Dell Latitude,41,Female,Engineering,Software Engineer,5,Full-time,28,94.2,0,2,0,71.2,0.748,46,40,4,71.1,4,0,4.0,26.6,3,0
ORG02243,B,Acer TravelMate,26,Male,Sales,Inside Sales Rep,1,Full-time,8,94.7,1,2,0,85.2,0.598,56,51,7,83.7,0,0,3.0,6.8,1,0
ORG01475,B,HP ProBook,27,Female,Customer Support,Support Lead,2,Full-time,110,92.7,2,2,1,70.3,0.721,80,67,6,79.5,1,0,3.0,11.0,2,0
ORG05503,B,HP ProBook,31,Male,Engineering,DevOps Engineer,3,Full-time,41,100.0,0,0,0,82.2,0.782,53,51,1,86.7,0,0,4.0,23.4,1,0
ORG01890,C,MacBook Pro,33,Male,Customer Support,Support Associate,2,Full-time,91,99.2,1,0,0,57.6,0.796,82,69,4,65.0,1,1,5.0,20.2,4,0
ORG04914,C,HP ProBook,29,Male,IT,IT Support,3,Full-time,28,93.2,3,1,0,88.9,0.913,43,33,7,77.6,1,0,4.0,23.3,3,0
ORG02022,A,Acer TravelMate,34,Male,Engineering,QA Analyst,2,Full-time,116,95.4,0,0,0,69.2,0.57,45,32,4,67.5,2,0,2.0,57.7,3,0
ORG04961,C,Lenovo ThinkPad,23,Female,Engineering,QA Analyst,3,Contract,12,91.1,3,3,0,64.4,0.601,53,38,11,74.8,3,2,2.0,12.2,0,0
ORG04491,D,Acer TravelMate,33,Female,Customer Support,Support Lead,3,Full-time,47,93.0,4,2,0,85.6,0.651,105,90,12,75.3,0,1,4.0,11.5,1,0
ORG02659,D,HP ProBook,30,Male,Engineering,QA Analyst,3,Full-time,29,99.6,0,0,0,57.8,0.686,38,31,2,75.0,1,0,3.0,21.4,0,0
ORG02468,C,Lenovo ThinkPad,22,Female,Operations,Ops Lead,2,Full-time,54,90.7,2,6,0,58.8,0.812,89,67,13,80.9,1,0,4.0,22.6,3,0
ORG05405,D,Lenovo ThinkPad,22,Male,Customer Support,Support Associate,1,Full-time,45,93.1,2,0,1,67.6,0.59,107,75,15,51.4,3,1,3.0,12.5,0,0
ORG01131,B,Dell Latitude,21,Male,IT,IT Support,1,Full-time,31,95.6,2,2,0,65.8,0.922,37,27,3,55.9,2,1,3.0,9.7,1,0
ORG01462,B,Dell Latitude,28,Female,Customer Support,Support Lead,2,Full-time,19,90.9,3,0,1,43.9,0.514,124,96,15,35.4,4,1,3.0,7.5,0,1
ORG05650,D,Acer TravelMate,30,Female,Engineering,Data Analyst,3,Full-time,14,90.7,3,1,1,75.9,0.782,45,38,4,86.5,1,0,4.0,9.7,1,0
ORG05715,D,Dell Latitude,27,Male,Engineering,Data Analyst,3,Full-time,38,84.9,2,3,1,38.3,0.315,44,25,7,42.7,5,1,1.0,11.1,2,1
ORG06104,B,Dell Latitude,25,Male,HR,Talent Acquisition,2,Full-time,19,93.8,3,0,0,72.8,0.642,52,36,5,64.7,3,2,3.0,20.3,1,0
ORG03649,B,Dell Latitude,34,Male,Sales,Account Manager,4,Full-time,88,97.8,1,0,0,70.0,0.797,58,56,5,74.5,3,1,5.0,22.2,0,0
ORG02969,D,Lenovo ThinkPad,23,Male,Operations,Process Analyst,2,Full-time,5,98.4,1,0,1,67.2,0.665,75,56,6,64.7,0,1,3.0,8.6,1,0
ORG00223,B,Acer TravelMate,22,Male,Operations,Ops Lead,2,Full-time,14,95.3,4,1,1,78.3,0.723,75,61,9,80.8,1,0,3.0,13.5,1,0
ORG05852,C,Lenovo ThinkPad,23,Female,Marketing,Performance Marketer,2,Full-time,49,92.7,0,2,0,65.2,0.776,20,15,2,68.8,2,0,3.0,22.3,3,0
ORG00049,B,MacBook Pro,35,Male,Operations,Process Analyst,3,Full-time,82,95.4,1,0,0,62.0,0.582,72,53,10,53.1,5,1,2.0,25.3,2,0
ORG00574,D,Dell Latitude,22,Female,Finance,Finance Analyst,2,Full-time,46,98.4,0,0,0,84.6,0.674,24,22,2,84.9,0,0,5.0,22.6,0,0
ORG01237,B,Lenovo ThinkPad,28,Female,Engineering,QA Analyst,2,Full-time,108,95.2,2,0,2,54.5,0.512,51,38,5,55.7,3,1,3.0,10.4,0,1
ORG04795,B,Lenovo ThinkPad,27,Male,Sales,Inside Sales Rep,2,Contract,11,88.8,4,5,0,60.6,0.513,57,41,9,60.2,4,1,2.0,7.0,1,1
ORG03034,B,HP ProBook,23,Male,Sales,Sales Executive,1,Full-time,109,96.0,0,0,0,72.2,0.894,52,46,5,82.8,3,1,4.0,15.6,0,0
ORG06119,C,Lenovo ThinkPad,24,Male,Marketing,Performance Marketer,2,Full-time,47,99.1,0,0,0,65.0,0.77,62,50,2,67.3,1,0,4.0,7.5,2,0
ORG05669,B,MacBook Pro,28,Male,Operations,Ops Associate,2,Contract,14,90.2,0,4,1,42.3,0.639,50,39,8,71.8,1,0,4.0,26.2,0,1
ORG02283,B,Lenovo ThinkPad,26,Male,Sales,Account Manager,3,Full-time,17,98.6,0,0,0,46.8,0.825,47,37,0,57.5,2,1,4.0,12.6,2,0
ORG04787,C,Lenovo ThinkPad,31,Male,Sales,Inside Sales Rep,1,Contract,10,93.2,2,2,0,39.2,0.711,75,57,8,55.1,2,3,3.0,17.0,1,1
ORG00268,B,HP ProBook,31,Male,Engineering,Data Scientist,3,Full-time,72,98.1,1,0,0,74.9,0.535,33,23,2,54.4,2,0,2.0,11.0,1,0
ORG01105,A,Dell Latitude,29,Female,Engineering,Data Analyst,2,Full-time,86,92.4,1,2,0,80.5,0.599,45,38,1,73.0,1,1,3.0,11.5,2,0
ORG02306,B,Lenovo ThinkPad,23,Female,Sales,Sales Executive,2,Full-time,110,97.4,0,0,0,81.2,0.957,56,53,3,73.7,0,1,5.0,18.7,0,0
ORG04960,A,HP ProBook,30,Other,Finance,Finance Analyst,3,Full-time,72,92.4,0,1,0,71.7,0.685,29,22,2,63.3,1,1,3.0,10.8,0,1
ORG01936,B,Dell Latitude,31,Male,Engineering,Data Analyst,4,Full-time,61,95.6,2,2,0,76.1,0.545,30,25,0,75.2,0,0,4.0,21.1,2,0
ORG00387,D,Dell Latitude,27,Male,Finance,Accounts Executive,2,Full-time,38,92.2,0,2,1,76.6,0.794,29,22,4,71.5,4,1,2.0,8.6,2,0
ORG01702,B,Lenovo ThinkPad,39,Male,IT,IT Support,2,Full-time,115,96.9,0,0,0,78.6,0.797,25,23,0,77.4,0,0,5.0,16.8,1,0
ORG01629,A,Dell Latitude,27,Female,Engineering,Data Analyst,2,Contract,10,93.0,1,1,0,68.3,0.678,53,35,7,69.0,2,0,3.0,1.4,0,0
ORG03574,D,Acer TravelMate,33,Female,Customer Support,Support Associate,3,Full-time,112,97.6,1,1,0,85.9,1.0,87,72,9,98.6,0,1,5.0,21.7,1,0
ORG02715,A,Lenovo ThinkPad,25,Female,Marketing,Performance Marketer,3,Full-time,71,91.2,1,1,1,88.9,0.99,53,45,7,84.0,1,0,4.0,10.8,1,0
ORG05407,A,HP ProBook,27,Male,Sales,Sales Executive,1,Full-time,106,95.7,1,1,1,41.7,0.586,75,54,7,62.7,1,0,2.0,42.0,2,1
ORG05519,B,Dell Latitude,34,Male,Engineering,Data Scientist,3,Full-time,58,91.2,1,6,0,67.5,0.572,24,16,2,64.7,1,1,3.0,21.3,1,1
ORG01564,A,HP ProBook,30,Female,Marketing,Content Specialist,1,Full-time,91,98.4,1,0,1,44.9,0.658,67,47,5,56.4,2,1,4.0,15.6,2,0
ORG02761,C,Dell Latitude,30,Male,Operations,Ops Lead,2,Full-time,24,93.2,3,3,0,62.1,0.585,102,72,17,52.8,3,0,4.0,17.7,0,0
ORG03993,D,HP ProBook,29,Male,Engineering,DevOps Engineer,4,Full-time,55,93.2,0,1,0,64.6,0.759,21,15,2,89.5,1,0,3.0,22.6,1,0
ORG00210,C,Lenovo ThinkPad,29,Female,Customer Support,Support Associate,2,Full-time,113,99.6,1,1,0,68.0,0.483,121,90,12,56.0,3,2,1.0,26.9,2,0
ORG00910,A,HP ProBook,32,Male,Sales,Account Manager,2,Full-time,104,95.1,1,3,1,77.0,0.79,35,32,3,90.2,1,1,5.0,23.9,3,0
ORG01290,A,HP ProBook,32,Male,Operations,Process Analyst,2,Full-time,38,100.0,0,0,0,97.1,0.864,86,84,1,97.0,0,0,5.0,16.6,1,0
ORG04759,C,Dell Latitude,33,Other,Engineering,DevOps Engineer,4,Full-time,20,98.0,0,0,0,77.1,0.82,47,40,2,57.3,2,2,4.0,27.6,0,0
ORG01867,D,Lenovo ThinkPad,27,Male,Marketing,Marketing Executive,1,Full-time,99,96.5,2,0,0,70.1,1.0,25,21,1,89.4,0,0,4.0,13.5,1,0
ORG01843,C,Dell Latitude,31,Male,Engineering,Software Engineer,4,Full-time,10,94.4,2,0,0,92.1,0.982,45,39,3,75.9,2,0,,24.5,4,0
ORG02498,A,Lenovo ThinkPad,31,Female,Engineering,Data Analyst,3,Full-time,69,94.2,0,1,0,58.2,0.426,21,15,2,64.5,1,0,3.0,7.3,3,0
ORG05165,B,MacBook Pro,35,Male,Operations,Process Analyst,4,Full-time,99,100.0,0,1,0,52.2,0.614,106,82,8,64.8,2,1,3.0,30.7,1,0
ORG04061,B,MacBook Pro,29,Male,IT,System Admin,2,Full-time,83,91.3,1,2,0,56.4,0.482,53,39,7,62.5,3,0,2.0,7.5,0,0
ORG00959,B,HP ProBook,29,Male,Customer Support,Support Associate,3,Full-time,71,99.3,2,0,0,67.5,0.556,132,99,10,65.5,3,1,2.0,16.0,0,0
ORG01794,D,Lenovo ThinkPad,27,Male,Operations,Ops Associate,3,Full-time,35,95.3,0,0,0,81.4,0.773,109,104,13,85.6,0,0,4.0,22.8,3,0
ORG02089,D,HP ProBook,30,Female,Finance,Finance Analyst,3,Full-time,116,98.0,0,1,0,72.1,0.622,50,42,3,72.3,1,1,4.0,20.5,3,0
ORG02703,A,HP ProBook,33,Male,Sales,Account Manager,3,Full-time,115,96.7,3,4,0,47.4,0.643,61,46,8,62.5,0,1,4.0,14.1,0,0
ORG00332,A,Lenovo ThinkPad,26,Female,Engineering,Data Scientist,3,Full-time,102,100.0,1,0,0,71.5,0.631,32,27,0,72.5,1,0,,7.2,1,0
ORG06034,B,Lenovo ThinkPad,35,Male,Engineering,QA Analyst,3,Full-time,108,100.0,0,0,0,71.1,0.503,19,16,0,71.2,3,1,4.0,17.4,0,0
ORG05980,B,Lenovo ThinkPad,29,Male,Operations,Ops Lead,3,Full-time,81,98.3,0,1,0,82.3,0.688,94,69,12,80.6,1,0,3.0,33.5,3,0
ORG03351,C,Lenovo ThinkPad,35,Male,Engineering,Data Scientist,4,Contract,16,100.0,0,0,0,55.9,0.632,49,42,0,59.3,2,0,,27.2,0,0
ORG02460,B,Dell Latitude,34,Female,Customer Support,Support Lead,3,Full-time,117,93.1,1,3,0,64.8,0.66,91,68,9,66.3,3,2,3.0,35.2,0,1
ORG01775,C,Lenovo ThinkPad,29,Female,Operations,Process Analyst,4,Full-time,87,94.6,1,2,0,87.1,0.868,92,78,10,86.8,0,0,4.0,28.9,2,0
ORG04428,D,Dell Latitude,29,Male,Engineering,DevOps Engineer,3,Full-time,39,94.0,2,2,0,71.3,0.751,32,27,3,75.8,2,0,3.0,17.2,2,0
ORG03754,B,HP ProBook,21,Male,Finance,Accounts Executive,1,Full-time,100,100.0,1,0,0,89.2,0.863,32,31,0,91.8,1,0,5.0,6.6,0,0
ORG04114,D,Acer TravelMate,30,Male,Customer Support,Support Lead,2,Full-time,92,96.7,1,3,0,60.1,0.701,132,107,16,78.8,2,0,3.0,13.1,3,0
ORG03606,C,Lenovo ThinkPad,34,Female,Engineering,DevOps Engineer,4,Full-time,84,91.9,2,4,1,88.4,0.856,44,38,6,72.7,1,1,4.0,23.2,1,0
ORG05412,B,Dell Latitude,28,Female,Finance,Accounts Executive,2,Contract,16,100.0,1,0,0,81.1,0.825,54,49,2,72.7,1,0,4.0,28.2,0,0
ORG04478,A,Lenovo ThinkPad,23,Male,Sales,Sales Executive,1,Full-time,79,98.0,3,0,0,64.6,0.641,60,49,6,56.1,3,0,4.0,10.8,0,1
ORG04311,A,Acer TravelMate,28,Male,Customer Support,Support Associate,3,Full-time,100,95.1,1,2,1,81.0,0.846,131,110,14,75.8,0,0,4.0,23.9,0,0
ORG02898,D,HP ProBook,28,Male,Engineering,Software Engineer,2,Full-time,52,93.7,3,4,0,44.5,0.484,37,24,4,48.9,1,3,2.0,30.4,2,1
ORG03152,A,Lenovo ThinkPad,22,Female,Operations,Ops Associate,1,Full-time,94,97.1,0,2,0,69.3,0.745,59,50,4,68.9,4,1,4.0,,0,0
ORG01711,D,HP ProBook,36,Male,Finance,Finance Analyst,4,Full-time,59,96.5,1,2,2,88.9,0.681,66,54,7,55.2,3,0,3.0,19.5,0,0
ORG04814,A,Lenovo ThinkPad,24,Male,IT,System Admin,3,Contract,7,96.7,0,0,0,73.8,0.718,39,28,1,73.9,1,0,4.0,8.0,0,0
ORG02479,C,Dell Latitude,27,Female,Sales,Account Manager,3,Full-time,46,99.4,3,0,0,53.6,0.686,65,50,4,64.4,4,3,4.0,10.2,1,0
ORG04488,D,HP ProBook,28,Male,Engineering,QA Analyst,2,Full-time,82,89.9,6,2,2,57.2,0.673,37,27,6,61.6,2,2,2.0,19.1,1,1
ORG01367,B,Acer TravelMate,30,Male,Engineering,QA Analyst,3,Full-time,44,96.2,1,0,0,84.8,0.845,54,45,4,77.1,2,0,5.0,9.6,0,0
ORG00174,D,Dell Latitude,28,Male,Marketing,Content Specialist,2,Full-time,33,93.5,1,0,0,62.0,0.616,63,43,5,60.2,3,1,4.0,38.4,1,0
ORG00859,C,HP ProBook,23,Male,Sales,Inside Sales Rep,1,Contract,10,99.6,1,1,0,94.3,0.779,66,59,5,76.4,1,2,4.0,14.7,1,0
ORG04644,C,HP ProBook,29,Male,Engineering,Software Engineer,2,Full-time,29,96.4,1,1,0,52.2,0.569,38,27,5,44.2,4,1,3.0,18.3,2,1
ORG03246,D,Dell Latitude,31,Female,Customer Support,Support Associate,3,Full-time,65,100.0,0,0,0,71.9,0.881,69,67,0,75.9,2,1,5.0,11.2,2,0
ORG05500,B,Acer TravelMate,28,Male,Sales,Account Manager,3,Full-time,105,97.6,0,2,0,85.0,0.803,53,49,4,75.2,1,0,3.0,9.0,0,0
ORG05374,B,Lenovo ThinkPad,35,Female,Operations,Process Analyst,4,Full-time,104,97.6,0,0,0,91.7,1.0,69,66,5,80.8,3,0,5.0,18.5,1,0
ORG01953,C,Dell Latitude,24,Male,Finance,Accounts Executive,2,Full-time,50,96.7,0,0,1,80.9,0.848,56,53,5,80.9,1,0,4.0,32.7,1,0
ORG05044,D,Lenovo ThinkPad,29,Female,Sales,Sales Executive,3,Full-time,46,91.2,1,3,0,80.0,0.771,53,44,6,71.1,4,3,4.0,15.6,1,0
ORG03743,A,Acer TravelMate,28,Male,HR,Talent Acquisition,3,Full-time,29,89.3,5,0,0,41.7,0.615,43,26,7,69.6,2,0,2.0,32.5,3,1
ORG02037,B,Lenovo ThinkPad,30,Female,IT,System Admin,4,Full-time,114,100.0,0,0,0,86.6,0.939,44,43,1,90.5,1,0,5.0,13.0,0,0
ORG04942,B,MacBook Pro,29,Male,Engineering,Data Scientist,4,Full-time,72,85.9,2,2,0,87.2,0.828,56,45,11,83.9,2,0,4.0,9.5,1,0
ORG05643,B,Lenovo ThinkPad,21,Male,Finance,Accounts Executive,1,Full-time,9,96.9,1,2,0,59.5,0.608,49,39,6,75.7,0,0,3.0,19.8,1,0
ORG04623,A,HP ProBook,35,Male,Operations,Ops Lead,4,Full-time,78,92.8,0,2,0,80.0,0.683,68,61,6,86.6,1,0,4.0,37.8,1,0
ORG00019,C,Dell Latitude,27,Male,HR,HR Executive,1,Full-time,78,95.4,2,1,0,71.4,0.513,18,15,1,63.4,4,1,4.0,18.2,0,0
ORG00001,D,HP ProBook,24,Female,Finance,Accounts Executive,1,Full-time,101,99.3,0,0,0,89.1,0.805,40,39,0,78.2,4,0,5.0,,0,0
ORG02175,C,Lenovo ThinkPad,27,Female,Sales,Account Manager,2,Full-time,30,99.0,0,0,0,88.9,1.0,35,31,1,72.8,2,3,4.0,25.8,2,0
ORG01357,A,MacBook Pro,29,Male,Customer Support,Support Associate,2,Full-time,39,93.9,2,2,0,51.1,0.69,109,90,18,65.3,1,0,2.0,19.3,2,1
ORG04691,A,Lenovo ThinkPad,31,Female,Customer Support,Support Lead,2,Full-time,80,94.9,0,1,0,62.9,0.637,115,101,10,66.2,2,2,4.0,26.5,2,1
ORG03553,D,Lenovo ThinkPad,27,Male,Sales,Account Manager,2,Full-time,48,92.7,1,3,0,66.2,0.876,72,56,5,75.3,0,0,3.0,19.7,4,0
ORG02827,B,HP ProBook,29,Male,Customer Support,Support Lead,2,Contract,17,100.0,0,0,0,53.9,0.399,127,84,9,48.3,6,2,2.0,16.1,1,0
ORG03530,D,HP ProBook,28,Female,Customer Support,Support Lead,3,Full-time,22,88.9,3,1,0,98.0,0.946,73,65,11,80.0,3,0,5.0,17.2,1,0
ORG00397,B,Dell Latitude,31,Female,HR,Talent Acquisition,4,Contract,2,98.9,0,2,1,81.4,0.575,58,50,4,76.8,2,0,4.0,16.4,2,0
ORG06048,A,Acer TravelMate,38,Male,Engineering,DevOps Engineer,3,Full-time,38,94.9,1,1,0,58.1,0.408,42,33,5,59.8,4,2,2.0,13.9,1,1
ORG03113,D,Dell Latitude,22,Male,Finance,Finance Analyst,2,Full-time,32,93.6,3,3,1,78.8,0.755,64,47,8,60.4,0,0,3.0,,0,0
ORG05803,C,Lenovo ThinkPad,28,Male,Finance,Finance Analyst,4,Full-time,12,96.7,1,1,1,72.8,0.815,70,63,10,71.5,0,2,4.0,31.3,1,0
ORG04987,B,MacBook Pro,25,Female,Operations,Process Analyst,2,Full-time,109,99.0,0,0,0,45.3,0.529,63,57,0,65.5,2,3,2.0,25.4,1,1
ORG01813,C,Lenovo ThinkPad,33,Female,Finance,Finance Analyst,4,Full-time,6,88.3,1,1,3,78.8,0.554,65,49,6,56.5,2,1,3.0,13.8,0,0
ORG06133,D,Dell Latitude,28,Female,Finance,Accounts Executive,3,Contract,8,100.0,0,2,0,69.8,0.692,46,37,3,64.3,5,0,4.0,11.8,2,0
ORG04571,D,Lenovo ThinkPad,37,Male,Sales,Sales Executive,3,Full-time,79,99.4,0,0,0,80.7,0.858,79,69,2,84.6,2,0,5.0,14.0,1,0
ORG00817,D,Dell Latitude,21,Male,Marketing,Content Specialist,1,Full-time,28,92.6,2,3,1,79.7,0.615,58,47,7,57.8,2,1,4.0,9.0,0,0
ORG01573,D,HP ProBook,26,Female,Customer Support,Support Associate,2,Full-time,23,94.8,0,2,0,70.8,0.762,107,92,10,72.6,2,0,4.0,11.0,1,0
ORG05867,D,HP ProBook,25,Female,HR,HR Executive,1,Full-time,59,97.3,0,3,0,40.9,0.643,43,30,1,51.5,3,0,2.0,14.6,0,1
ORG01801,B,Lenovo ThinkPad,31,Male,Operations,Ops Lead,2,Full-time,114,100.0,2,1,0,79.2,0.695,76,67,6,68.4,2,0,4.0,17.4,0,0
ORG02281,A,HP ProBook,33,Male,Customer Support,Support Lead,3,Full-time,118,100.0,0,0,0,85.1,0.92,130,125,7,80.5,1,2,4.0,19.2,1,0
ORG02430,D,Lenovo ThinkPad,29,Male,Finance,Accounts Executive,1,Full-time,117,91.1,1,2,0,82.3,0.667,21,16,3,74.4,1,0,2.0,11.2,1,0
ORG04989,A,MacBook Pro,29,Male,Marketing,Content Specialist,3,Full-time,18,95.0,1,3,0,72.4,0.851,30,25,2,82.0,6,0,4.0,11.8,0,0
ORG04210,D,Dell Latitude,37,Male,Engineering,DevOps Engineer,5,Full-time,43,87.9,1,5,0,39.2,0.399,34,18,6,62.5,2,1,2.0,18.2,1,1
ORG04766,A,Dell Latitude,29,Female,Sales,Sales Executive,3,Full-time,57,98.1,0,0,0,75.8,0.838,81,79,1,83.4,0,1,5.0,13.0,0,0
ORG03671,C,Lenovo ThinkPad,23,Female,Sales,Sales Executive,1,Full-time,35,96.5,4,3,0,51.8,0.375,55,37,8,55.6,2,2,1.0,11.9,1,1
ORG05444,A,Dell Latitude,28,Male,Finance,Finance Analyst,2,Full-time,106,94.6,1,0,0,49.1,0.593,33,31,2,50.9,5,0,2.0,20.1,0,0
ORG04401,C,Lenovo ThinkPad,27,Male,Finance,Accounts Executive,2,Full-time,38,93.4,1,1,0,62.6,0.602,61,47,5,67.3,2,1,3.0,33.9,3,0
ORG03881,A,Dell Latitude,23,Male,Finance,Accounts Executive,1,Full-time,86,96.1,1,2,0,62.9,0.899,55,47,3,77.6,4,1,2.0,3.8,0,0
ORG03700,D,Acer TravelMate,25,Female,Customer Support,Support Associate,2,Contract,15,97.5,0,1,0,75.6,1.0,70,61,8,77.3,1,1,5.0,18.9,0,0
ORG05231,B,Acer TravelMate,37,Male,HR,Talent Acquisition,4,Full-time,97,95.5,1,1,0,43.2,0.368,33,18,4,43.2,4,1,1.0,20.4,1,1
ORG04408,A,Lenovo ThinkPad,29,Male,Sales,Account Manager,2,Full-time,92,92.3,2,0,0,75.6,0.645,79,68,9,74.7,1,3,3.0,36.9,2,0
ORG04520,C,Lenovo ThinkPad,24,Female,Sales,Sales Executive,1,Full-time,112,94.4,0,1,1,41.4,0.53,47,30,6,36.0,4,3,2.0,1.7,1,1
ORG00555,B,HP ProBook,31,Female,Engineering,DevOps Engineer,3,Full-time,87,94.7,2,2,1,58.9,0.712,45,33,6,60.4,2,0,4.0,6.4,0,0
ORG01160,A,Dell Latitude,33,Female,Finance,Accounts Executive,3,Full-time,102,95.5,2,2,1,41.3,0.567,62,53,4,66.5,2,1,3.0,16.7,1,1
ORG01214,C,Dell Latitude,38,Female,Sales,Sales Executive,2,Full-time,114,94.9,2,1,0,52.8,0.372,41,28,3,52.7,1,0,2.0,14.1,1,0
ORG05647,B,Dell Latitude,22,Female,Operations,Ops Associate,1,Contract,15,91.2,1,0,1,50.4,0.636,40,26,2,61.6,1,3,2.0,7.9,0,1
ORG01326,C,HP ProBook,29,Male,Marketing,Content Specialist,2,Contract,2,98.3,0,1,0,58.0,0.512,60,44,5,54.5,2,1,3.0,10.6,1,1
ORG04386,B,Dell Latitude,24,Male,Marketing,Content Specialist,3,Full-time,51,95.8,1,4,0,71.0,0.852,39,34,4,77.2,0,0,4.0,9.5,0,0
ORG04746,B,HP ProBook,27,Female,Engineering,Data Scientist,3,Contract,11,87.3,2,2,1,86.4,0.94,58,43,9,79.9,1,0,3.0,18.4,3,0
ORG00701,B,Acer TravelMate,27,Male,Sales,Inside Sales Rep,3,Full-time,65,93.8,0,0,0,97.7,0.906,48,40,4,99.0,0,0,5.0,69.1,4,0
ORG02701,D,Lenovo ThinkPad,23,Male,Operations,Ops Associate,1,Full-time,15,99.2,0,1,1,75.8,0.721,62,51,4,67.4,3,1,4.0,11.7,0,0
ORG06203,D,Lenovo ThinkPad,31,Female,Customer Support,Support Lead,3,Full-time,35,93.3,2,1,1,61.8,0.629,121,94,20,69.2,2,1,3.0,20.5,1,0
ORG01848,C,HP ProBook,37,Male,Operations,Process Analyst,3,Full-time,119,100.0,0,0,0,49.1,0.73,79,72,0,74.5,2,0,4.0,9.7,1,0
ORG04629,C,Dell Latitude,40,Male,Engineering,Software Engineer,5,Full-time,59,93.5,1,1,0,85.2,0.776,49,40,7,95.2,1,0,4.0,16.7,1,0
ORG02797,A,HP ProBook,28,Male,Operations,Ops Lead,4,Full-time,30,89.3,3,1,0,90.0,0.867,95,78,17,81.2,3,0,4.0,14.5,2,0
ORG01456,B,HP ProBook,29,Female,Engineering,Data Analyst,2,Full-time,66,93.3,1,2,0,57.1,0.624,35,27,2,55.5,2,0,3.0,45.3,0,1
ORG05283,B,HP ProBook,26,Female,IT,IT Support,2,Full-time,51,92.2,5,1,0,53.3,0.516,31,23,3,63.9,1,0,3.0,23.8,0,0
ORG03308,C,Dell Latitude,25,Male,Engineering,Data Analyst,3,Full-time,15,100.0,0,2,0,53.1,0.563,47,33,4,55.2,6,1,2.0,28.2,4,0
ORG03208,C,HP ProBook,30,Male,Engineering,QA Analyst,2,Full-time,78,93.7,3,0,0,68.3,0.893,29,24,2,70.2,1,0,5.0,28.4,2,0
ORG00867,D,Dell Latitude,35,Male,Marketing,Performance Marketer,4,Full-time,18,94.5,4,4,0,56.1,0.587,62,48,3,57.3,1,1,4.0,30.8,4,0
ORG04819,C,Dell Latitude,27,Female,Customer Support,Support Associate,2,Full-time,31,97.9,0,0,0,93.7,0.668,115,96,11,71.9,1,0,4.0,,0,0
ORG01645,B,Dell Latitude,28,Male,Engineering,Data Analyst,4,Full-time,22,96.1,1,1,0,88.5,0.862,52,43,5,87.1,1,0,4.0,14.0,0,0
ORG02141,A,HP ProBook,26,Male,Marketing,Marketing Executive,2,Full-time,74,93.6,3,0,0,76.7,0.928,47,43,4,92.4,1,0,5.0,13.4,0,0
ORG04259,C,Lenovo ThinkPad,23,Female,IT,IT Support,1,Contract,5,99.1,3,3,0,70.0,0.64,49,38,5,64.7,3,0,4.0,5.7,1,0
ORG03845,B,Acer TravelMate,24,Male,IT,IT Support,2,Full-time,24,87.6,7,2,4,44.8,0.464,24,15,3,58.6,3,1,1.0,5.7,1,1
ORG01491,A,Dell Latitude,33,Male,Engineering,DevOps Engineer,4,Full-time,54,100.0,0,2,0,95.0,1.0,48,47,3,99.0,0,0,5.0,23.3,1,0
ORG06109,D,Dell Latitude,27,Male,Sales,Sales Executive,1,Full-time,119,94.5,4,0,0,82.4,0.718,45,41,3,63.5,3,0,4.0,20.5,1,0
ORG00730,C,Lenovo ThinkPad,31,Male,Customer Support,Support Lead,3,Full-time,81,93.9,1,5,1,59.1,0.736,113,85,16,68.2,2,1,4.0,19.9,0,0
ORG05620,B,HP ProBook,31,Male,Engineering,Software Engineer,4,Full-time,52,90.1,0,1,1,85.1,0.762,53,48,6,85.4,1,0,5.0,22.9,0,0
ORG04255,C,Dell Latitude,34,Female,HR,HR Executive,3,Full-time,96,97.8,0,1,0,72.7,0.696,27,22,3,83.9,0,0,4.0,25.4,1,0
ORG02621,B,Dell Latitude,26,Female,Marketing,Marketing Executive,2,Full-time,75,97.4,1,2,0,78.4,0.98,52,46,4,90.6,0,0,5.0,8.8,0,0
ORG01937,D,MacBook Pro,26,Male,Customer Support,Support Lead,3,Full-time,47,98.0,3,1,0,64.5,0.681,124,97,13,66.0,1,2,3.0,26.2,3,0
ORG03516,B,MacBook Pro,25,Other,Finance,Finance Analyst,2,Full-time,37,93.3,0,2,1,69.2,0.635,61,45,7,67.2,2,3,2.0,11.1,1,1
ORG01111,B,Dell Latitude,26,Female,Engineering,Data Analyst,2,Full-time,12,95.6,2,1,0,42.7,0.631,23,17,1,69.7,2,1,3.0,21.3,3,0
ORG05126,B,HP ProBook,25,Male,Engineering,Data Analyst,3,Full-time,45,90.5,3,2,1,79.0,0.858,27,22,4,84.1,0,0,4.0,36.6,1,0
ORG05640,A,Acer TravelMate,28,Male,Operations,Process Analyst,4,Contract,5,93.8,1,0,1,62.6,0.687,69,56,8,65.8,3,1,3.0,20.4,2,0
ORG02999,C,Lenovo ThinkPad,26,Male,IT,IT Support,3,Full-time,29,98.4,0,1,1,73.5,1.0,73,71,5,87.9,2,0,5.0,35.2,0,0
ORG02395,D,Lenovo ThinkPad,29,Male,Operations,Ops Lead,3,Full-time,69,100.0,1,1,0,60.4,0.545,106,93,10,61.7,0,1,3.0,25.8,3,0
ORG01186,A,HP ProBook,30,Male,HR,HR Executive,3,Full-time,29,93.5,1,2,0,77.7,0.808,31,22,3,65.2,2,1,3.0,16.2,2,0
ORG02008,B,Dell Latitude,37,Male,Engineering,DevOps Engineer,5,Full-time,19,97.9,0,0,1,55.1,0.555,25,21,2,71.7,1,0,4.0,29.9,1,0
ORG00194,D,Lenovo ThinkPad,21,Male,HR,HR Executive,1,Full-time,19,90.6,6,4,2,63.5,0.766,61,46,11,76.2,3,1,3.0,20.4,2,0
ORG01516,D,Dell Latitude,31,Male,Sales,Account Manager,3,Full-time,53,97.6,1,5,0,72.4,,39,36,2,83.5,0,1,4.0,42.9,2,0
ORG05352,D,MacBook Pro,27,Female,Finance,Finance Analyst,3,Contract,3,93.6,3,3,0,49.5,0.831,52,41,6,63.3,2,1,4.0,6.6,0,0
ORG00579,D,Lenovo ThinkPad,32,Male,HR,HR Executive,3,Full-time,60,95.9,3,0,0,95.5,0.932,37,32,3,99.0,0,0,4.0,18.4,1,0
ORG02124,B,MacBook Pro,36,Female,Engineering,Data Scientist,4,Full-time,97,91.6,3,1,2,67.6,0.662,50,35,6,47.5,3,1,3.0,11.0,1,1
ORG01430,B,Dell Latitude,32,Female,Customer Support,Support Lead,2,Full-time,103,95.3,0,2,1,86.0,0.856,85,73,7,85.9,0,0,5.0,9.4,1,0
ORG00772,C,Lenovo ThinkPad,23,Male,Operations,Process Analyst,2,Full-time,24,96.2,1,1,0,48.7,0.755,109,88,9,71.9,1,0,5.0,22.2,1,0
ORG05642,D,Dell Latitude,22,Female,Finance,Accounts Executive,1,Full-time,36,98.1,1,0,1,64.5,0.707,34,26,2,64.9,0,1,4.0,12.5,1,0
ORG02396,C,Dell Latitude,27,Male,IT,IT Support,2,Full-time,6,96.0,1,1,0,76.7,0.595,54,45,3,67.2,1,0,4.0,8.8,1,0
ORG01197,B,HP ProBook,28,Female,Sales,Account Manager,2,Full-time,21,90.0,6,2,1,62.1,0.657,64,46,9,68.0,0,0,2.0,15.1,1,0
ORG01847,A,MacBook Pro,32,Female,Sales,Account Manager,3,Full-time,71,92.6,1,0,0,79.0,0.932,56,44,8,80.0,0,0,4.0,19.2,1,0
ORG00132,D,Dell Latitude,31,Male,Marketing,Marketing Executive,3,Full-time,91,91.3,1,1,1,85.3,0.758,31,22,5,87.2,2,0,3.0,15.5,4,0
ORG00179,A,MacBook Pro,23,Female,Marketing,Marketing Executive,2,Full-time,17,92.9,2,5,0,89.0,0.844,28,26,2,84.0,0,0,3.0,12.6,1,0
ORG05635,C,HP ProBook,35,Male,Engineering,Software Engineer,4,Full-time,32,87.5,3,5,4,82.5,0.77,31,22,7,83.0,0,0,3.0,33.1,3,0
ORG01812,C,Acer TravelMate,25,Female,Customer Support,Support Lead,3,Contract,9,93.7,2,1,0,61.5,0.783,139,113,12,76.4,0,1,2.0,22.6,2,0
ORG05504,D,Acer TravelMate,25,Female,Operations,Ops Associate,1,Full-time,63,98.6,0,0,0,76.9,0.715,91,79,6,58.0,2,1,5.0,20.5,0,0
ORG02581,B,Lenovo ThinkPad,36,Female,Engineering,Data Scientist,4,Full-time,94,98.3,1,1,0,76.8,0.616,59,57,5,75.1,2,0,3.0,21.2,0,0
ORG04592,D,Lenovo ThinkPad,30,Female,Customer Support,Support Associate,3,Full-time,21,95.7,0,1,0,74.4,0.576,104,81,11,66.4,1,3,3.0,10.7,1,1
ORG05815,A,MacBook Pro,21,Female,Customer Support,Support Associate,1,Contract,2,89.3,1,4,1,73.5,0.336,111,71,19,62.2,1,4,1.0,3.8,2,1
ORG02653,D,HP ProBook,33,Male,HR,Talent Acquisition,4,Full-time,66,90.8,5,1,3,64.8,0.906,59,43,7,63.6,0,0,4.0,12.0,0,0
ORG04371,B,Dell Latitude,26,Female,Sales,Sales Executive,2,Contract,10,91.9,1,4,0,63.8,0.462,75,50,11,54.3,2,3,3.0,23.4,1,1
ORG02074,D,HP ProBook,37,Male,HR,HR Executive,3,Full-time,88,100.0,1,0,0,67.2,0.585,67,53,5,71.3,2,1,3.0,18.5,1,0
ORG00659,B,Lenovo ThinkPad,24,Female,Operations,Process Analyst,2,Full-time,68,90.7,1,0,0,78.8,0.99,71,62,7,83.9,3,1,5.0,8.6,0,0
ORG01897,B,Acer TravelMate,24,Female,Operations,Ops Associate,1,Contract,8,99.5,1,0,0,87.1,0.755,70,57,6,72.4,1,0,3.0,11.7,0,0
ORG04634,A,HP ProBook,26,Male,Sales,Inside Sales Rep,1,Full-time,81,93.2,1,1,0,62.9,0.425,55,46,4,63.5,4,1,2.0,15.0,1,0
ORG02607,B,Lenovo ThinkPad,28,Female,Operations,Ops Associate,2,Full-time,69,99.9,0,2,0,75.7,,46,43,1,75.9,1,0,4.0,11.7,2,0
ORG02222,A,MacBook Pro,30,Female,Customer Support,Support Associate,3,Full-time,89,92.0,1,3,0,61.4,0.567,90,67,20,54.9,0,2,3.0,17.9,0,1
ORG05974,D,HP ProBook,29,Male,IT,System Admin,3,Full-time,54,99.0,1,0,0,48.7,0.449,62,49,3,58.7,2,1,3.0,10.9,2,1
ORG02380,C,Lenovo ThinkPad,23,Female,Operations,Process Analyst,3,Full-time,12,98.8,1,1,1,93.2,0.797,94,89,8,80.2,1,1,5.0,15.1,3,0
ORG01448,D,Dell Latitude,21,Male,Customer Support,Support Associate,1,Full-time,41,93.6,1,2,0,72.2,0.803,98,73,10,53.7,2,0,4.0,24.4,1,0
ORG00343,C,HP ProBook,34,Female,HR,HR Executive,3,Full-time,119,98.0,0,0,0,50.9,0.51,49,44,4,69.1,1,1,3.0,16.5,1,0
ORG04021,C,Dell Latitude,26,Male,Sales,Account Manager,2,Full-time,81,98.4,2,1,0,75.5,0.874,48,45,5,69.8,0,1,5.0,8.8,1,0
ORG05560,A,Dell Latitude,33,Female,Engineering,DevOps Engineer,4,Full-time,94,96.2,1,0,0,77.9,0.84,23,18,0,78.3,0,0,5.0,22.9,2,0
ORG02528,A,HP ProBook,31,Female,Marketing,Performance Marketer,2,Full-time,52,90.4,1,2,1,69.3,0.474,63,48,8,65.3,1,0,2.0,10.4,1,0
ORG00728,A,HP ProBook,33,Male,Engineering,Data Analyst,4,Full-time,48,91.2,1,3,1,83.8,0.903,33,27,5,88.8,1,0,5.0,9.9,0,0
ORG04964,A,Lenovo ThinkPad,25,Female,Sales,Account Manager,2,Contract,13,92.8,1,1,0,55.7,0.599,66,51,6,70.0,1,2,3.0,10.2,3,0
ORG00977,C,Lenovo ThinkPad,25,Male,Customer Support,Support Associate,2,Full-time,23,88.9,5,3,0,63.1,0.75,128,88,16,65.0,1,1,3.0,15.7,1,1
ORG04378,D,Lenovo ThinkPad,34,Female,Engineering,DevOps Engineer,3,Full-time,77,99.0,0,0,0,60.6,0.665,22,17,1,57.5,2,0,4.0,21.5,1,0
ORG04376,B,Dell Latitude,37,Male,Engineering,Software Engineer,5,Full-time,116,96.8,5,0,0,83.9,1.0,40,35,3,88.8,1,1,4.0,30.0,1,0
ORG01929,D,Acer TravelMate,27,Male,Engineering,DevOps Engineer,4,Full-time,65,91.7,2,2,1,83.5,0.703,45,37,4,84.2,0,0,4.0,9.6,2,0
ORG06229,D,Lenovo ThinkPad,21,Female,Customer Support,Support Associate,1,Full-time,17,94.4,0,0,0,66.2,0.631,129,121,20,75.6,2,1,4.0,9.5,0,0
ORG06151,C,Dell Latitude,21,Male,HR,HR Executive,1,Contract,17,100.0,0,0,0,56.6,0.801,36,29,1,73.6,1,0,4.0,3.6,0,0
ORG06061,D,Dell Latitude,25,Female,Operations,Ops Associate,2,Full-time,68,93.9,1,0,0,76.3,0.9,61,56,4,82.6,1,0,5.0,8.5,0,0
ORG01300,D,HP ProBook,33,Male,Sales,Account Manager,3,Full-time,99,92.6,0,0,0,72.5,0.904,61,55,5,70.0,4,1,3.0,17.2,0,0
ORG04388,D,Dell Latitude,33,Male,Engineering,Data Scientist,4,Full-time,51,94.8,1,0,0,46.6,0.57,43,30,5,43.1,4,3,2.0,19.1,1,1
ORG05798,A,HP ProBook,21,Male,Marketing,Marketing Executive,1,Full-time,7,91.9,3,4,1,60.7,0.704,61,37,11,61.0,3,0,3.0,7.9,1,0
ORG00661,C,Acer TravelMate,22,Male,Sales,Sales Executive,1,Full-time,4,97.8,2,3,0,67.1,0.584,71,60,2,69.6,0,0,2.0,9.3,1,0
ORG01791,A,Lenovo ThinkPad,27,Male,Finance,Finance Analyst,2,Full-time,59,93.7,1,3,1,61.6,0.538,54,44,5,71.3,2,0,2.0,9.4,2,1
ORG03783,D,Lenovo ThinkPad,24,Male,Marketing,Content Specialist,1,Full-time,70,86.3,3,6,0,83.5,0.71,64,50,12,75.6,2,0,4.0,12.6,2,1
ORG04232,C,Lenovo ThinkPad,32,Female,Engineering,Data Scientist,4,Contract,16,96.3,2,0,0,66.5,0.721,41,35,5,67.8,2,1,4.0,13.3,0,0
ORG00494,A,Acer TravelMate,24,Male,Sales,Sales Executive,1,Full-time,76,90.1,1,3,0,56.7,0.553,41,27,5,48.5,4,1,3.0,14.4,0,1
ORG03481,A,HP ProBook,34,Female,Customer Support,Support Lead,3,Full-time,42,93.3,2,3,4,64.3,0.809,102,79,15,71.6,1,1,3.0,14.7,2,1
ORG05297,C,Lenovo ThinkPad,27,Male,IT,System Admin,4,Full-time,83,97.2,1,3,0,81.2,0.808,28,25,2,89.7,1,0,5.0,20.6,3,0
ORG03479,C,Acer TravelMate,33,Female,Marketing,Performance Marketer,3,Full-time,103,95.6,3,2,1,65.4,0.575,44,32,5,73.9,0,0,2.0,10.2,2,1
ORG05863,D,MacBook Pro,31,Female,Operations,Ops Lead,3,Full-time,7,93.5,1,3,0,70.3,0.546,77,53,13,63.4,2,1,2.0,22.5,1,0
ORG05812,A,Lenovo ThinkPad,36,Female,Engineering,Data Scientist,4,Full-time,102,96.6,0,3,0,71.5,0.598,44,36,1,67.7,2,0,4.0,18.0,1,0
ORG05345,D,Lenovo ThinkPad,24,Male,Sales,Sales Executive,1,Full-time,27,97.8,0,3,0,65.9,0.642,45,36,5,65.5,2,1,3.0,24.9,2,0
ORG01086,B,Acer TravelMate,29,Male,Finance,Accounts Executive,1,Full-time,33,95.2,4,4,0,63.4,0.625,40,25,3,47.5,2,1,3.0,14.3,1,1
ORG05957,D,MacBook Pro,33,Female,Customer Support,Support Associate,3,Full-time,99,100.0,1,2,0,74.9,0.593,121,114,9,75.0,2,1,3.0,13.9,2,0
ORG05495,D,HP ProBook,28,Female,Marketing,Content Specialist,3,Full-time,6,99.3,0,2,0,71.9,0.819,42,34,4,88.6,0,0,4.0,11.3,0,0
ORG00695,B,Acer TravelMate,27,Female,Marketing,Marketing Executive,3,Full-time,83,96.9,1,2,0,56.5,0.674,68,47,6,53.8,1,2,3.0,7.5,3,0
ORG01279,C,Lenovo ThinkPad,26,Male,Marketing,Content Specialist,2,Full-time,60,91.9,3,2,3,74.1,0.637,49,35,7,62.6,3,0,4.0,29.2,0,0
ORG03199,D,HP ProBook,29,Male,Engineering,Software Engineer,4,Contract,9,99.8,0,0,0,82.0,0.867,45,41,1,84.4,2,0,4.0,9.3,1,0
ORG04447,B,Dell Latitude,23,Male,Sales,Account Manager,2,Full-time,62,94.2,1,2,0,58.3,0.561,62,49,6,73.8,3,1,3.0,4.7,0,1
ORG01622,C,Lenovo ThinkPad,31,Female,Customer Support,Support Lead,2,Full-time,68,93.2,1,2,0,82.8,0.745,72,48,9,59.1,5,3,3.0,5.5,1,0
ORG02562,B,HP ProBook,30,Male,Operations,Ops Associate,2,Full-time,7,94.7,4,2,1,52.2,0.534,72,51,7,52.6,1,2,3.0,18.0,2,1
ORG04403,C,Lenovo ThinkPad,28,Female,Engineering,Data Scientist,3,Full-time,28,100.0,1,2,1,51.2,0.324,32,17,3,48.9,1,3,3.0,11.0,1,0
ORG04265,A,Lenovo ThinkPad,22,Male,Operations,Ops Associate,1,Full-time,96,86.3,5,2,1,75.1,0.907,65,46,16,71.3,1,1,4.0,8.6,1,1
ORG00068,D,Dell Latitude,22,Male,Sales,Sales Executive,2,Contract,10,90.9,2,0,1,82.7,0.76,79,54,14,64.4,0,2,4.0,18.2,3,0
ORG04079,D,Lenovo ThinkPad,28,Female,Engineering,Data Scientist,3,Full-time,88,100.0,0,1,0,85.0,0.505,28,25,0,72.8,1,1,5.0,6.2,0,0
ORG05434,A,HP ProBook,36,Male,Customer Support,Support Lead,4,Full-time,62,94.1,4,0,0,87.2,0.721,70,56,9,74.8,0,3,4.0,31.5,1,0
ORG02270,A,Acer TravelMate,30,Male,Marketing,Performance Marketer,3,Full-time,95,99.1,0,1,0,77.4,0.703,64,56,4,82.4,1,0,4.0,7.8,0,0
ORG04875,D,MacBook Pro,21,Female,Customer Support,Support Associate,1,Full-time,65,,0,1,0,66.6,0.647,85,66,10,56.5,4,1,3.0,6.7,1,0
ORG03505,D,Dell Latitude,26,Male,Finance,Finance Analyst,3,Full-time,3,97.3,1,1,0,62.8,0.521,50,41,2,67.2,1,0,3.0,15.1,2,0
ORG04967,A,Dell Latitude,23,Male,Sales,Sales Executive,1,Full-time,53,92.2,0,1,0,67.0,0.792,41,32,2,69.8,0,1,4.0,6.9,0,0
ORG00821,C,MacBook Pro,35,Female,Engineering,Data Scientist,5,Contract,2,88.1,2,3,0,75.6,0.917,50,37,10,84.9,1,1,4.0,13.1,0,1
ORG01227,C,Acer TravelMate,27,Male,Customer Support,Support Associate,2,Full-time,119,90.4,5,1,3,91.3,0.968,84,70,12,99.0,1,0,5.0,4.7,1,0
ORG01678,D,Lenovo ThinkPad,27,Male,Customer Support,Support Associate,2,Full-time,83,96.0,0,1,0,72.1,0.529,101,87,13,71.7,1,0,3.0,42.5,2,0
ORG05275,C,HP ProBook,25,Female,Sales,Sales Executive,1,Full-time,46,90.3,3,2,0,68.1,0.791,69,62,5,75.0,3,2,4.0,15.2,0,1
ORG02868,B,Lenovo ThinkPad,26,Male,Customer Support,Support Associate,2,Full-time,80,93.3,2,2,0,76.4,0.62,100,78,8,74.6,2,3,4.0,7.1,1,0
ORG04598,C,Acer TravelMate,28,Female,Engineering,Data Analyst,2,Full-time,86,97.6,1,0,0,82.7,0.638,52,44,3,73.6,2,1,4.0,10.5,1,0
ORG02368,D,Dell Latitude,21,Female,Customer Support,Support Associate,2,Full-time,14,91.9,4,1,0,73.5,0.752,132,87,25,79.7,1,2,3.0,18.4,5,1
ORG04824,A,Dell Latitude,21,Female,Finance,Accounts Executive,1,Full-time,43,96.4,0,1,0,71.2,0.701,55,51,4,79.4,3,0,4.0,17.4,3,0
ORG04195,B,MacBook Pro,37,Male,Sales,Account Manager,4,Full-time,48,98.0,0,1,0,88.5,0.91,87,77,6,83.4,0,1,4.0,25.1,1,0
ORG02513,B,MacBook Pro,34,Female,Engineering,DevOps Engineer,4,Full-time,41,95.6,2,1,0,98.0,1.0,34,33,1,99.0,0,0,5.0,19.5,2,0
ORG05483,B,Acer TravelMate,21,Female,Sales,Inside Sales Rep,1,Full-time,78,100.0,0,0,0,,0.763,39,30,1,68.3,4,2,4.0,15.4,1,0
ORG02724,B,HP ProBook,30,Female,Customer Support,Support Lead,3,Full-time,9,89.1,4,2,0,70.9,0.61,81,60,11,76.6,1,1,4.0,18.6,2,0
ORG05623,D,Dell Latitude,33,Male,Operations,Ops Lead,4,Full-time,80,92.6,3,0,0,84.1,0.934,86,73,7,83.6,0,0,4.0,22.1,1,0
ORG05371,D,Dell Latitude,29,Male,Engineering,Data Scientist,5,Contract,6,92.4,0,3,0,83.1,0.768,45,36,4,81.2,2,0,4.0,24.1,1,0
ORG03965,D,Dell Latitude,31,Male,Sales,Account Manager,3,Full-time,32,94.4,2,0,0,57.8,0.573,66,53,6,68.4,1,0,3.0,23.5,1,0
ORG01144,C,Acer TravelMate,27,Female,HR,HR Executive,2,Full-time,5,86.5,1,1,1,83.5,0.887,31,22,5,70.2,4,1,4.0,29.4,2,0
ORG00398,A,Acer TravelMate,27,Male,Sales,Inside Sales Rep,2,Full-time,88,98.0,0,0,0,71.2,0.739,66,59,5,77.5,3,1,3.0,37.7,3,0
ORG05817,A,Dell Latitude,21,Male,Sales,Sales Executive,1,Full-time,83,91.5,3,3,0,75.9,0.762,56,47,8,81.6,1,1,3.0,6.8,1,0
ORG05936,B,HP ProBook,28,Female,Customer Support,Support Associate,1,Full-time,35,87.2,1,3,0,66.9,0.799,123,87,27,75.4,2,0,4.0,19.4,1,0
ORG00787,C,Lenovo ThinkPad,36,Male,HR,Talent Acquisition,2,Full-time,115,92.0,2,1,0,72.8,0.72,20,17,2,68.2,1,1,3.0,8.3,2,0
ORG05408,C,Dell Latitude,26,Male,Engineering,Data Scientist,4,Contract,15,91.4,3,0,0,88.2,0.758,40,33,5,89.1,1,0,4.0,15.8,1,0
ORG04208,A,Dell Latitude,24,Female,Engineering,Software Engineer,2,Full-time,120,94.6,0,2,0,66.6,0.646,26,19,1,71.3,2,0,3.0,25.6,1,0
ORG01399,A,Lenovo ThinkPad,37,Female,Operations,Process Analyst,4,Full-time,48,96.1,1,0,1,70.1,0.721,68,51,5,66.5,3,0,3.0,26.8,0,0
ORG01660,B,Dell Latitude,32,Female,Engineering,Data Scientist,4,Full-time,41,93.0,0,0,0,76.5,0.928,38,32,2,79.7,1,0,5.0,29.6,3,0
ORG03721,A,Dell Latitude,30,Male,Operations,Process Analyst,3,Full-time,67,97.9,2,0,0,68.3,0.785,71,59,7,60.0,1,1,3.0,17.2,1,0
ORG04574,C,HP ProBook,25,Female,Sales,Inside Sales Rep,2,Full-time,22,91.5,0,1,0,69.3,0.536,67,59,7,63.7,2,1,4.0,45.4,6,0
ORG03135,C,HP ProBook,24,Male,Finance,Accounts Executive,2,Contract,8,91.3,0,3,0,65.0,0.594,26,17,5,72.8,1,2,2.0,11.6,0,0
ORG02221,A,Lenovo ThinkPad,26,Male,Sales,Sales Executive,2,Full-time,3,98.3,1,1,0,54.9,0.676,40,34,4,53.8,0,2,4.0,5.0,1,0
ORG00980,A,Lenovo ThinkPad,36,Male,Engineering,QA Analyst,3,Full-time,88,94.9,3,1,1,71.7,0.639,37,30,2,64.7,2,0,4.0,20.1,2,0
ORG02332,B,Lenovo ThinkPad,29,Male,Sales,Sales Executive,3,Full-time,23,100.0,0,0,0,89.0,0.962,43,38,1,86.9,0,0,5.0,20.6,1,0
ORG01299,A,Acer TravelMate,27,Male,Finance,Finance Analyst,3,Contract,15,98.1,1,1,0,89.3,0.793,38,37,2,99.0,0,0,5.0,15.0,1,0
ORG02893,B,Dell Latitude,36,Male,Operations,Process Analyst,4,Full-time,101,94.8,3,1,0,69.3,0.795,108,99,13,74.9,4,2,5.0,18.3,2,0
ORG04152,B,Dell Latitude,28,Female,Customer Support,Support Lead,2,Full-time,86,96.1,2,0,0,41.2,0.475,60,40,6,54.5,1,0,2.0,16.3,1,0
ORG04688,D,Lenovo ThinkPad,24,Female,Customer Support,Support Associate,3,Full-time,90,89.0,0,1,0,75.6,0.873,79,55,6,77.6,1,2,5.0,29.7,0,0
ORG00083,B,MacBook Pro,26,Female,HR,Talent Acquisition,3,Full-time,28,95.5,0,2,0,81.8,0.852,49,48,3,88.9,0,0,5.0,18.4,0,0
ORG03468,C,HP ProBook,29,Female,Sales,Sales Executive,1,Full-time,110,95.9,0,0,0,68.0,0.583,38,33,1,76.0,1,0,3.0,15.6,0,0
ORG03887,D,Lenovo ThinkPad,29,Male,IT,IT Support,3,Full-time,19,96.5,0,0,0,77.6,0.667,48,43,4,64.1,2,0,4.0,25.4,0,0
ORG05894,B,Acer TravelMate,33,Male,HR,Talent Acquisition,2,Contract,16,94.2,1,2,0,58.2,0.6,27,20,2,61.7,3,1,3.0,7.5,0,0
ORG05037,A,Lenovo ThinkPad,21,Female,Marketing,Marketing Executive,2,Full-time,16,96.3,1,1,0,46.0,0.518,33,25,3,57.4,2,0,4.0,33.2,0,0
ORG04963,C,Dell Latitude,37,Male,Customer Support,Support Associate,3,Full-time,75,93.5,3,2,1,62.5,0.642,91,73,12,59.1,0,0,4.0,50.6,2,0
ORG03631,B,HP ProBook,32,Female,Engineering,Data Analyst,3,Full-time,91,90.3,0,1,0,50.4,0.375,32,24,3,73.3,1,1,1.0,22.1,1,0
ORG02904,A,Acer TravelMate,22,Male,IT,IT Support,1,Full-time,61,86.5,3,0,3,60.1,0.795,24,16,3,57.3,0,0,4.0,16.3,2,0
ORG00424,A,Lenovo ThinkPad,21,Female,Engineering,Software Engineer,2,Full-time,23,91.3,1,2,1,49.5,0.728,36,23,5,60.8,2,0,2.0,14.7,0,1
ORG05462,B,MacBook Pro,41,Female,Engineering,DevOps Engineer,4,Full-time,92,97.8,1,1,0,68.8,0.813,54,41,2,57.3,1,0,4.0,23.0,3,0
ORG01905,B,Dell Latitude,33,Male,Operations,Process Analyst,2,Full-time,110,95.6,2,0,0,65.1,0.717,86,78,3,69.0,2,0,4.0,19.3,0,0
ORG05724,B,Lenovo ThinkPad,29,Male,Marketing,Performance Marketer,4,Full-time,19,95.6,0,2,0,69.8,0.748,45,37,2,71.9,1,0,3.0,13.0,0,0
ORG01531,D,Lenovo ThinkPad,23,Male,Sales,Inside Sales Rep,1,Contract,2,89.2,1,4,1,92.0,0.74,57,49,5,79.0,1,3,4.0,8.3,5,0
ORG05561,A,Dell Latitude,29,Male,Marketing,Performance Marketer,3,Full-time,108,99.0,0,0,0,59.6,0.427,45,37,0,67.4,1,1,3.0,16.7,0,0
ORG01566,C,Lenovo ThinkPad,24,Male,Customer Support,Support Associate,1,Full-time,64,97.9,3,2,1,56.3,0.468,90,70,12,46.1,2,2,3.0,18.7,2,1
ORG04661,C,Dell Latitude,28,Female,Operations,Ops Lead,3,Full-time,8,96.8,0,0,0,73.0,0.792,69,62,4,62.2,2,0,5.0,17.2,1,0
ORG02750,B,Lenovo ThinkPad,30,Male,Engineering,QA Analyst,2,Full-time,23,100.0,0,0,0,76.9,0.735,33,28,2,55.6,3,1,4.0,11.5,1,0
ORG00840,C,Acer TravelMate,36,Female,Customer Support,Support Associate,3,Full-time,87,95.2,2,0,1,81.3,0.73,88,65,9,84.7,2,0,3.0,24.1,1,0
ORG00501,B,MacBook Pro,25,Male,Finance,Finance Analyst,2,Full-time,49,94.8,3,2,0,82.4,0.721,20,17,0,83.3,0,0,4.0,36.5,1,0
ORG03657,A,Dell Latitude,33,Male,Engineering,DevOps Engineer,4,Full-time,31,100.0,0,0,0,64.8,0.71,53,47,0,70.9,1,1,4.0,28.1,1,0
ORG00142,B,MacBook Pro,30,Male,Customer Support,Support Associate,2,Full-time,73,95.6,1,0,0,61.3,0.599,91,66,8,68.4,1,0,5.0,14.8,1,0
ORG05895,A,MacBook Pro,36,Female,Engineering,Data Scientist,3,Full-time,82,88.4,6,1,1,75.5,0.525,28,18,6,52.8,1,2,2.0,54.1,3,0
ORG02606,A,Dell Latitude,28,Male,Engineering,Data Scientist,3,Full-time,105,90.0,2,2,3,62.2,0.669,43,36,4,68.8,3,1,3.0,21.6,1,0
ORG05776,D,Lenovo ThinkPad,35,Male,Engineering,Data Scientist,4,Full-time,110,94.7,2,1,1,81.1,0.866,36,26,4,72.7,0,0,4.0,17.5,3,0
ORG01378,B,Lenovo ThinkPad,24,Female,Marketing,Marketing Executive,1,Full-time,96,96.5,1,2,1,79.5,0.71,27,21,3,,0,0,2.0,19.4,1,0
ORG04900,D,HP ProBook,32,Male,Finance,Accounts Executive,3,Full-time,87,93.2,1,0,0,59.4,0.618,63,51,6,67.6,3,0,4.0,34.4,1,0
ORG06191,D,Lenovo ThinkPad,21,Male,HR,HR Executive,2,Full-time,53,93.5,1,1,0,73.7,0.807,50,48,4,67.9,1,0,3.0,17.2,0,0
ORG02267,D,MacBook Pro,32,Male,Finance,Finance Analyst,2,Full-time,62,96.6,2,1,2,85.3,0.796,53,48,4,84.2,0,0,5.0,12.5,3,0
ORG03399,D,Dell Latitude,27,Male,Operations,Ops Associate,1,Full-time,68,96.3,1,2,0,52.0,0.625,70,64,4,77.9,3,1,4.0,21.4,0,0
ORG01139,B,Dell Latitude,34,Male,Engineering,DevOps Engineer,4,Full-time,81,98.6,0,1,0,43.6,0.558,38,31,2,66.0,1,1,3.0,14.2,1,0
ORG02258,A,MacBook Pro,32,Male,Finance,Accounts Executive,1,Full-time,82,94.2,1,2,0,59.3,0.797,29,23,1,78.1,3,0,5.0,15.7,1,0
ORG05506,B,HP ProBook,30,Female,Sales,Sales Executive,1,Full-time,109,96.4,1,1,0,53.6,0.657,67,51,5,60.1,1,1,4.0,17.0,0,0
ORG04020,C,HP ProBook,37,Female,Finance,Finance Analyst,4,Full-time,61,99.2,1,0,0,81.3,0.925,51,49,4,87.3,1,0,5.0,10.3,0,0
ORG01788,A,Dell Latitude,23,Male,Operations,Ops Lead,2,Full-time,38,94.9,1,1,1,29.9,0.441,89,54,9,51.0,4,2,3.0,19.0,2,1
ORG04057,A,Lenovo ThinkPad,34,Male,Sales,Account Manager,4,Full-time,46,100.0,2,0,0,71.2,0.675,82,65,3,57.1,1,2,5.0,18.9,1,0
ORG00551,B,Dell Latitude,25,Male,Customer Support,Support Associate,1,Full-time,54,96.5,0,2,0,67.2,0.565,98,71,14,60.8,2,1,2.0,44.5,1,0
ORG00460,D,HP ProBook,28,Male,Operations,Process Analyst,4,Full-time,89,100.0,0,0,0,68.4,0.687,107,92,6,75.4,0,0,3.0,28.0,1,0
ORG02020,A,MacBook Pro,36,Other,Sales,Account Manager,2,Full-time,59,96.3,1,2,0,60.8,0.778,62,54,6,79.4,1,0,3.0,26.2,0,0
ORG00949,C,Dell Latitude,28,Female,Marketing,Marketing Executive,2,Full-time,81,91.9,1,4,0,75.3,0.765,46,40,4,62.5,1,0,4.0,20.1,3,0
ORG03593,D,Dell Latitude,29,Male,HR,Talent Acquisition,2,Full-time,6,86.5,1,1,2,77.2,0.731,44,31,6,79.7,0,0,3.0,,2,0
ORG05304,D,Lenovo ThinkPad,34,Male,Sales,Inside Sales Rep,2,Full-time,52,96.9,2,1,0,62.0,0.661,35,24,4,45.0,4,2,3.0,11.6,1,1
ORG00533,D,Acer TravelMate,25,Male,Sales,Inside Sales Rep,1,Full-time,5,93.0,2,1,0,41.8,0.589,63,42,6,77.8,0,2,2.0,7.0,0,0
ORG03263,D,Dell Latitude,35,Male,Engineering,DevOps Engineer,5,Contract,10,96.4,3,1,1,37.7,0.373,74,53,6,53.5,1,0,3.0,22.4,1,0
ORG04173,A,Dell Latitude,25,Female,IT,System Admin,2,Full-time,20,95.5,1,7,1,72.5,0.78,52,38,6,68.7,3,1,3.0,19.2,0,0
ORG01830,D,HP ProBook,24,Male,Customer Support,Support Lead,2,Full-time,30,94.8,1,4,0,67.0,0.449,75,61,6,69.3,2,2,3.0,7.4,0,0
ORG04324,A,Lenovo ThinkPad,36,Female,Engineering,Data Analyst,3,Full-time,59,97.6,3,1,0,92.7,0.846,42,39,2,91.5,1,0,4.0,14.9,0,0
ORG05569,D,MacBook Pro,37,Male,Engineering,DevOps Engineer,4,Full-time,89,96.0,2,0,1,86.4,0.988,19,18,2,94.2,1,1,5.0,26.5,3,0
ORG05021,B,Lenovo ThinkPad,42,Female,Marketing,Performance Marketer,3,Full-time,34,94.3,3,2,0,68.9,0.767,47,38,6,76.3,0,1,2.0,26.1,0,1
ORG06043,D,HP ProBook,28,Male,Finance,Finance Analyst,2,Full-time,107,96.4,2,1,0,69.5,0.796,34,29,1,78.8,1,0,3.0,53.4,1,0
ORG01603,D,Acer TravelMate,26,Female,Operations,Ops Associate,3,Full-time,39,96.2,1,1,0,86.6,0.857,112,88,14,83.2,1,0,3.0,18.9,1,0
ORG02239,D,Lenovo ThinkPad,22,Male,Sales,Sales Executive,2,Full-time,8,97.8,2,0,0,61.9,0.681,49,39,4,70.9,2,1,4.0,14.6,1,0
ORG00640,B,HP ProBook,23,Male,Marketing,Marketing Executive,2,Contract,9,100.0,1,2,0,84.3,0.723,46,41,4,66.7,0,0,4.0,8.5,0,0
ORG06096,D,Lenovo ThinkPad,34,Male,Sales,Account Manager,4,Full-time,57,93.8,1,4,0,65.5,0.577,89,75,8,83.0,1,1,4.0,20.6,1,0
ORG00968,D,Dell Latitude,28,Female,Engineering,Data Analyst,2,Full-time,27,93.8,7,1,1,72.5,0.852,21,16,3,76.2,1,1,5.0,5.2,0,0
ORG05332,A,HP ProBook,31,Male,Finance,Finance Analyst,2,Contract,7,86.7,0,2,0,53.5,0.419,29,18,3,53.1,2,1,1.0,25.3,0,0
ORG00124,C,HP ProBook,30,Male,Customer Support,Support Associate,2,Full-time,47,93.1,1,0,1,58.7,0.69,71,55,7,75.3,0,0,4.0,19.7,3,0
ORG01684,D,HP ProBook,29,Male,Sales,Inside Sales Rep,1,Full-time,99,96.0,0,1,0,47.9,0.863,71,60,6,69.7,1,2,,27.4,1,0
ORG02249,B,HP ProBook,26,Male,Sales,Account Manager,2,Full-time,67,85.2,4,7,1,63.3,0.426,58,42,11,65.2,1,1,1.0,26.4,1,1
ORG04341,C,Dell Latitude,36,Male,Engineering,DevOps Engineer,5,Contract,12,93.0,2,1,2,55.3,0.51,60,39,9,48.8,1,0,1.0,18.3,2,0
ORG05639,A,Dell Latitude,27,Male,Engineering,QA Analyst,2,Full-time,69,90.0,1,6,0,76.0,0.76,54,43,6,72.4,4,1,3.0,6.0,2,0
ORG03709,D,HP ProBook,30,Male,Customer Support,Support Associate,1,Full-time,81,93.3,5,3,1,90.1,0.788,122,102,19,99.0,0,0,5.0,9.0,1,0
ORG00156,D,MacBook Pro,32,Male,Operations,Process Analyst,4,Full-time,95,90.0,6,0,2,64.6,0.931,98,77,14,65.1,2,2,4.0,20.7,1,1
ORG02296,D,Lenovo ThinkPad,30,Male,Engineering,Data Analyst,3,Contract,7,94.2,3,1,1,81.5,0.784,40,36,5,79.0,2,0,4.0,23.2,0,1
ORG03933,B,Dell Latitude,31,Male,Customer Support,Support Lead,3,Full-time,6,99.2,0,0,0,46.1,0.488,81,57,1,40.8,3,3,2.0,17.2,1,1
ORG04273,D,HP ProBook,24,Female,HR,HR Executive,3,Full-time,37,91.4,2,5,1,59.5,0.573,59,35,10,40.2,3,3,2.0,10.4,3,1
ORG01090,A,MacBook Pro,30,Male,Customer Support,Support Lead,2,Full-time,83,96.1,0,4,0,53.6,0.605,121,103,8,83.0,1,0,3.0,16.9,1,0
ORG05734,C,HP ProBook,30,Male,Marketing,Marketing Executive,3,Contract,11,92.3,1,0,2,74.8,0.811,71,63,7,82.6,0,0,4.0,8.7,1,0
ORG02320,C,Dell Latitude,26,Female,Marketing,Content Specialist,1,Full-time,48,98.9,3,1,0,66.4,0.705,68,54,5,71.5,2,0,3.0,21.8,3,0
ORG02941,A,Lenovo ThinkPad,31,Female,IT,IT Support,1,Full-time,67,95.5,1,1,0,71.5,0.719,58,44,5,90.7,1,0,4.0,4.3,1,0
ORG05554,A,Acer TravelMate,36,Other,Engineering,Data Scientist,4,Full-time,85,93.4,0,1,0,86.3,0.857,28,26,1,79.2,1,0,5.0,10.1,1,0
ORG00289,D,Dell Latitude,27,Female,Customer Support,Support Lead,2,Contract,15,91.8,3,1,1,75.1,0.784,105,86,20,81.6,0,1,4.0,12.2,1,0
ORG00931,C,Lenovo ThinkPad,26,Male,Sales,Inside Sales Rep,1,Full-time,56,94.7,2,0,0,82.6,0.854,49,47,4,77.2,3,2,4.0,24.9,4,0
ORG02910,B,Acer TravelMate,25,Male,Operations,Ops Associate,1,Contract,16,94.4,1,2,0,59.1,0.658,77,61,6,66.0,2,0,4.0,27.4,1,0
ORG04769,A,HP ProBook,34,Male,Engineering,Data Scientist,5,Contract,6,91.9,1,1,0,74.2,0.772,44,40,2,66.5,4,0,5.0,14.7,0,0
ORG04895,D,HP ProBook,37,Female,Operations,Process Analyst,4,Full-time,116,100.0,0,0,0,97.4,1.0,88,86,6,89.0,1,0,5.0,18.6,0,0
ORG02885,A,Dell Latitude,36,Male,Customer Support,Support Lead,4,Full-time,83,94.4,2,2,1,74.7,0.543,151,124,31,64.0,0,2,3.0,19.2,1,1
ORG05888,D,Lenovo ThinkPad,34,Male,Engineering,DevOps Engineer,3,Full-time,74,100.0,1,0,0,73.9,0.692,24,19,1,73.6,1,0,4.0,23.7,3,0
ORG05056,A,Lenovo ThinkPad,28,Female,Sales,Inside Sales Rep,2,Full-time,43,100.0,0,1,0,72.5,0.677,51,44,3,78.6,2,3,4.0,26.7,1,0
ORG03248,C,HP ProBook,28,Female,HR,HR Executive,3,Contract,10,94.5,0,0,2,68.4,0.648,37,28,2,56.3,4,1,2.0,15.1,4,0
ORG05729,B,MacBook Pro,22,Male,Marketing,Performance Marketer,2,Full-time,11,93.8,1,5,1,59.6,0.49,57,48,8,60.5,1,0,3.0,10.4,0,1
ORG03001,A,Dell Latitude,27,Male,HR,Talent Acquisition,2,Contract,8,92.4,1,1,1,66.6,0.543,45,36,5,70.8,2,0,2.0,14.9,2,0
ORG04675,B,MacBook Pro,31,Female,Operations,Ops Lead,3,Full-time,99,98.2,0,0,0,81.1,0.955,102,92,4,84.2,1,0,4.0,8.8,1,0
ORG03740,C,Acer TravelMate,28,Female,Customer Support,Support Lead,2,Full-time,21,97.4,3,0,0,54.6,0.609,133,102,9,58.8,1,2,4.0,14.9,0,0
ORG06225,D,HP ProBook,30,Female,Customer Support,Support Lead,4,Full-time,87,100.0,0,0,0,53.2,0.607,99,74,11,56.1,6,1,3.0,27.7,1,1
ORG00943,D,Lenovo ThinkPad,35,Female,Engineering,Data Scientist,4,Full-time,91,100.0,0,0,0,77.3,0.691,53,45,2,85.2,1,0,4.0,21.4,1,0
ORG02355,B,Dell Latitude,29,Male,Customer Support,Support Associate,3,Contract,1,90.0,3,3,3,62.7,0.57,76,51,14,67.1,3,1,3.0,26.4,2,0
ORG05011,C,Acer TravelMate,27,Male,Sales,Inside Sales Rep,2,Full-time,40,95.7,3,0,1,71.2,0.506,38,24,2,43.3,6,4,3.0,8.6,0,0
ORG05445,D,Lenovo ThinkPad,31,Male,IT,IT Support,2,Full-time,120,91.9,0,0,3,95.5,0.854,41,35,6,85.0,4,1,4.0,10.8,3,0
ORG06041,D,Acer TravelMate,23,Female,Customer Support,Support Associate,1,Full-time,22,99.9,0,0,0,63.6,0.757,78,66,3,78.6,4,0,5.0,13.0,2,0
ORG01699,B,Dell Latitude,38,Female,IT,System Admin,4,Full-time,111,89.7,1,0,0,79.9,0.795,39,31,3,70.5,1,0,3.0,33.6,0,0
ORG05940,D,Lenovo ThinkPad,37,Female,HR,Talent Acquisition,4,Full-time,73,94.1,0,1,0,93.7,0.984,70,68,6,82.0,0,0,5.0,11.7,0,0
ORG04353,C,HP ProBook,27,Male,Operations,Ops Lead,4,Full-time,98,92.0,2,1,1,33.5,0.546,102,60,15,39.9,2,0,1.0,20.2,0,1
ORG03956,A,Dell Latitude,29,Female,Operations,Ops Lead,2,Full-time,67,98.8,0,1,0,62.2,0.725,79,73,5,74.1,0,0,3.0,18.6,0,0
ORG04249,B,Dell Latitude,29,Male,Engineering,Software Engineer,3,Full-time,54,97.6,2,0,0,67.7,0.757,55,45,1,81.4,2,0,3.0,28.0,2,0
ORG04640,B,HP ProBook,28,Female,Sales,Inside Sales Rep,2,Full-time,77,93.5,2,2,0,82.0,0.81,77,67,9,72.0,2,0,5.0,9.3,1,0
ORG05748,B,Acer TravelMate,22,Male,IT,IT Support,1,Contract,15,87.8,4,2,0,34.0,0.395,25,16,4,52.3,4,2,2.0,13.5,0,1
ORG00986,B,Lenovo ThinkPad,28,Female,Marketing,Content Specialist,3,Full-time,66,92.9,0,3,1,98.0,0.858,32,25,5,73.6,2,1,5.0,10.4,0,0
ORG01822,B,Lenovo ThinkPad,23,Female,Customer Support,Support Lead,2,Full-time,20,92.5,1,1,1,68.3,0.49,100,75,16,68.9,2,1,3.0,12.6,3,1
ORG03476,C,Acer TravelMate,28,Male,Customer Support,Support Lead,2,Full-time,57,99.6,0,2,1,75.8,0.706,65,56,3,69.8,1,1,4.0,7.1,0,0
ORG03536,D,HP ProBook,30,Male,Finance,Accounts Executive,2,Full-time,77,89.7,3,0,0,57.5,0.763,28,19,3,61.4,2,0,3.0,15.7,1,0
ORG06025,C,Lenovo ThinkPad,29,Male,HR,Talent Acquisition,2,Contract,14,95.5,0,2,0,69.7,0.701,42,36,4,75.2,2,0,4.0,9.5,0,0
ORG00982,A,HP ProBook,36,Female,HR,Talent Acquisition,4,Full-time,36,91.8,2,3,1,84.1,0.932,75,61,9,75.5,0,1,5.0,15.7,2,0
ORG03938,D,Acer TravelMate,27,Male,Operations,Ops Lead,2,Full-time,64,92.8,0,0,1,59.3,0.764,79,64,4,77.4,2,1,4.0,5.4,1,0
ORG04926,B,Dell Latitude,26,Female,Sales,Sales Executive,1,Full-time,76,100.0,0,2,0,69.4,0.62,46,35,2,75.4,2,0,4.0,7.3,1,0
ORG05744,A,HP ProBook,27,Male,Marketing,Performance Marketer,2,Full-time,63,93.9,1,3,0,71.2,0.612,38,30,4,61.9,3,0,2.0,30.6,2,1
ORG03974,D,Dell Latitude,31,Female,Engineering,Data Scientist,3,Full-time,12,93.5,0,1,0,69.8,0.685,37,30,1,64.6,1,0,4.0,16.5,3,0
ORG04518,A,Dell Latitude,23,Male,Sales,Account Manager,2,Full-time,6,97.0,1,1,1,53.6,0.468,61,45,5,65.2,0,2,3.0,8.8,2,0
ORG03905,D,HP ProBook,21,Male,Sales,Sales Executive,1,Contract,7,92.0,4,3,1,65.3,0.65,36,27,4,60.5,2,4,3.0,0.2,0,0
ORG01474,D,Dell Latitude,30,Female,Customer Support,Support Lead,3,Full-time,85,96.0,2,3,0,98.0,1.0,73,71,4,90.9,1,0,5.0,11.8,0,0
ORG04783,B,Dell Latitude,29,Female,Marketing,Marketing Executive,2,Full-time,68,90.5,1,4,0,92.2,0.812,35,29,4,76.2,0,0,4.0,32.0,2,0
ORG03746,D,MacBook Pro,32,Female,Finance,Accounts Executive,3,Full-time,76,91.9,2,2,0,62.9,0.671,36,26,3,68.0,2,0,4.0,14.9,1,1
ORG05004,A,MacBook Pro,25,Female,Engineering,Data Scientist,4,Contract,9,97.1,1,1,0,92.0,0.757,65,54,7,71.1,7,2,3.0,14.8,3,0
ORG01458,D,HP ProBook,32,Male,Customer Support,Support Lead,3,Contract,5,88.5,2,0,0,74.4,0.851,105,89,15,80.4,2,2,4.0,13.4,0,0
ORG01396,C,Dell Latitude,33,Male,Engineering,QA Analyst,3,Full-time,58,100.0,0,0,0,56.1,0.399,41,33,0,54.9,2,1,4.0,12.6,2,0
ORG00265,D,Dell Latitude,27,Male,Marketing,Marketing Executive,3,Full-time,18,94.4,2,3,0,36.6,0.491,67,39,10,43.1,4,1,2.0,21.0,1,1
ORG02749,D,MacBook Pro,22,Male,Customer Support,Support Associate,1,Full-time,62,96.4,0,2,0,63.9,0.621,125,99,14,70.4,1,1,3.0,14.0,3,1
ORG03786,B,Lenovo ThinkPad,21,Male,Marketing,Content Specialist,1,Contract,4,100.0,1,1,1,45.2,0.538,15,10,1,62.4,2,0,3.0,33.4,1,1
ORG02693,A,Dell Latitude,25,Male,Marketing,Marketing Executive,1,Contract,15,100.0,0,0,0,48.0,0.483,51,41,2,54.3,3,0,2.0,7.0,0,0
ORG05449,C,Lenovo ThinkPad,30,Female,Customer Support,Support Lead,3,Full-time,36,99.5,0,0,0,69.1,0.782,126,123,4,76.0,2,1,4.0,11.8,0,0
ORG00930,A,Lenovo ThinkPad,29,Female,Finance,Finance Analyst,2,Full-time,28,96.2,2,0,0,40.8,0.642,35,27,3,56.9,3,1,3.0,18.0,1,1
ORG04438,B,Lenovo ThinkPad,21,Male,Sales,Account Manager,2,Full-time,37,94.2,1,1,0,77.3,0.751,46,37,3,80.1,2,1,4.0,13.7,0,0
ORG05326,A,Dell Latitude,37,Male,Engineering,Data Scientist,5,Contract,14,87.5,3,1,1,55.1,0.666,64,50,11,62.5,1,1,2.0,14.1,1,1
ORG02401,D,HP ProBook,35,Female,Operations,Ops Lead,3,Full-time,90,94.7,2,4,0,59.1,0.768,64,50,5,70.0,0,0,3.0,18.8,2,0
ORG02179,C,Dell Latitude,31,Male,Sales,Account Manager,4,Full-time,69,92.9,2,5,0,65.9,0.669,45,34,4,61.9,1,0,3.0,8.6,2,0
ORG05738,D,Dell Latitude,31,Male,Operations,Process Analyst,3,Full-time,76,98.8,0,1,0,63.4,0.725,87,78,4,63.7,2,1,3.0,15.1,0,0
ORG00247,D,Dell Latitude,29,Male,Operations,Ops Lead,3,Full-time,46,90.1,2,3,1,82.3,0.664,99,77,14,65.7,1,1,3.0,34.1,0,0
ORG01595,D,Acer TravelMate,38,Female,HR,Talent Acquisition,4,Full-time,120,96.1,2,1,1,89.8,0.888,36,29,5,80.1,1,0,5.0,14.0,1,0
ORG01759,D,HP ProBook,28,Female,Marketing,Marketing Executive,2,Full-time,58,98.6,1,1,1,51.1,0.463,65,52,6,61.2,4,2,3.0,8.6,0,0
ORG06141,A,HP ProBook,27,Male,Engineering,Data Scientist,4,Full-time,29,88.2,0,5,0,86.4,0.939,22,19,2,85.6,0,0,4.0,17.7,3,0
ORG04248,A,Lenovo ThinkPad,38,Male,Engineering,Software Engineer,5,Full-time,60,93.5,0,2,1,73.3,0.767,47,37,5,82.9,1,0,4.0,19.9,0,0
ORG00924,C,Dell Latitude,35,Male,Customer Support,Support Lead,4,Full-time,106,91.5,2,4,0,71.1,0.85,101,82,14,88.9,1,0,3.0,15.6,2,0
ORG03712,D,Dell Latitude,25,Male,Finance,Accounts Executive,1,Full-time,18,91.9,2,1,1,56.4,0.481,61,38,10,54.2,1,1,2.0,15.7,0,0
ORG04657,C,Lenovo ThinkPad,31,Female,Marketing,Content Specialist,1,Full-time,108,100.0,1,0,0,66.5,0.86,52,50,2,76.6,3,1,4.0,7.2,0,0
ORG00269,A,Dell Latitude,36,Female,Engineering,DevOps Engineer,5,Full-time,51,97.1,3,4,0,98.0,1.0,51,47,6,95.2,1,0,5.0,15.5,1,0
ORG00670,B,Lenovo ThinkPad,30,Female,Customer Support,Support Associate,2,Full-time,11,95.3,0,2,1,80.4,0.688,64,55,6,71.6,0,0,4.0,11.1,1,0
ORG04191,B,Lenovo ThinkPad,24,Female,Engineering,Software Engineer,2,Full-time,28,95.8,1,1,0,69.8,0.847,53,41,3,65.6,2,1,4.0,16.3,1,0
ORG01911,C,Dell Latitude,32,Female,Engineering,Software Engineer,3,Full-time,83,97.3,0,1,0,60.6,0.707,37,28,3,73.1,1,0,3.0,18.8,0,0
ORG05019,B,Dell Latitude,30,Female,Operations,Process Analyst,4,Full-time,24,95.1,3,1,0,93.1,0.856,72,66,6,99.0,1,0,5.0,17.0,4,0
ORG04382,C,Lenovo ThinkPad,31,Male,Sales,Sales Executive,2,Full-time,38,95.7,2,2,0,29.3,0.1,38,22,3,30.0,6,0,1.0,19.9,3,1
ORG01153,A,HP ProBook,32,Female,Engineering,Data Scientist,3,Full-time,21,99.0,1,1,0,70.6,0.716,52,42,3,64.5,1,0,3.0,9.0,1,0
ORG05796,C,Lenovo ThinkPad,41,Female,Operations,Ops Lead,4,Full-time,112,100.0,0,2,0,57.3,0.759,63,56,4,70.9,4,0,4.0,14.9,1,0
ORG05180,A,Dell Latitude,32,Female,Customer Support,Support Lead,4,Full-time,88,97.3,2,2,0,62.7,0.581,119,85,20,62.3,0,2,3.0,27.2,0,0
ORG06074,B,HP ProBook,33,Female,Engineering,DevOps Engineer,5,Full-time,89,97.4,0,0,0,88.1,0.904,24,21,1,81.9,0,0,5.0,26.7,0,0
ORG05693,B,HP ProBook,28,Female,Customer Support,Support Lead,3,Full-time,103,94.9,3,1,1,88.3,0.627,119,85,11,82.9,1,0,3.0,11.9,0,0
ORG02697,A,Dell Latitude,28,Male,HR,Talent Acquisition,2,Full-time,88,85.8,3,5,1,77.5,0.863,47,35,9,85.8,2,0,3.0,18.3,2,0
ORG02592,D,HP ProBook,31,Male,Marketing,Content Specialist,2,Full-time,72,93.9,1,2,0,72.1,0.648,58,42,5,71.3,0,1,3.0,10.0,2,0
ORG05338,A,Acer TravelMate,33,Male,Operations,Ops Lead,4,Contract,17,88.5,5,2,0,71.4,0.538,85,63,17,64.5,3,2,2.0,15.6,1,1
ORG01782,D,MacBook Pro,32,Male,Finance,Finance Analyst,2,Full-time,113,98.2,2,2,0,61.7,0.563,58,48,7,74.5,1,0,3.0,4.7,0,1
ORG02414,D,MacBook Pro,30,Male,Customer Support,Support Lead,3,Full-time,98,92.0,2,4,0,60.1,0.569,69,54,6,58.8,4,2,2.0,10.7,1,1
ORG03014,B,Acer TravelMate,28,Male,Operations,Ops Lead,2,Contract,9,100.0,0,0,1,39.9,0.479,58,45,2,47.6,2,2,3.0,8.0,0,0
ORG05989,D,HP ProBook,36,Male,IT,System Admin,3,Full-time,102,95.7,0,1,0,51.3,0.726,48,35,7,64.3,3,0,2.0,9.6,0,0
ORG02308,D,Acer TravelMate,36,Male,Customer Support,Support Lead,4,Full-time,102,95.3,1,0,0,75.6,0.712,71,65,4,87.1,2,0,4.0,12.9,0,0
ORG03444,D,HP ProBook,21,Male,Sales,Sales Executive,1,Full-time,105,91.5,1,1,0,50.5,0.595,58,42,4,60.9,1,3,3.0,9.1,0,1
ORG00688,C,Dell Latitude,34,Female,IT,IT Support,2,Full-time,116,91.5,0,2,0,37.5,0.553,20,15,2,62.0,2,0,2.0,31.6,2,0
ORG01916,A,Lenovo ThinkPad,33,Female,Engineering,DevOps Engineer,3,Full-time,17,92.6,0,4,0,86.1,1.0,50,44,5,64.7,2,0,4.0,13.3,2,0
ORG05939,D,HP ProBook,24,Male,Operations,Ops Associate,1,Full-time,106,93.9,3,2,1,63.0,0.771,82,66,10,82.9,1,0,4.0,5.6,0,0
ORG00613,D,Lenovo ThinkPad,29,Male,IT,System Admin,4,Full-time,9,98.7,0,1,0,56.8,0.499,26,23,1,64.7,1,1,3.0,12.0,1,0
ORG03072,A,Dell Latitude,32,Male,IT,IT Support,3,Full-time,76,94.1,1,1,1,55.6,0.773,26,20,2,72.7,3,0,4.0,20.6,2,0
ORG05909,B,Acer TravelMate,26,Male,Sales,Inside Sales Rep,1,Full-time,101,96.1,1,0,0,69.0,0.868,75,66,6,80.0,2,0,5.0,12.3,2,0
ORG03201,A,MacBook Pro,26,Male,Finance,Accounts Executive,1,Full-time,51,89.0,3,2,0,47.4,0.686,44,24,9,52.3,3,1,2.0,8.7,1,1
ORG02268,C,Dell Latitude,30,Male,Customer Support,Support Lead,4,Full-time,53,92.6,2,2,1,67.9,0.715,128,103,24,78.3,0,2,2.0,17.1,3,0
ORG06053,C,Acer TravelMate,31,Male,HR,HR Executive,3,Full-time,18,96.2,3,2,1,66.2,0.73,68,51,10,54.6,3,1,3.0,10.9,0,0
ORG02534,D,HP ProBook,39,Male,Engineering,DevOps Engineer,5,Full-time,84,98.4,1,1,0,82.9,0.896,42,36,4,81.5,2,0,3.0,26.3,1,0
ORG00040,C,HP ProBook,33,Female,Operations,Ops Associate,2,Full-time,113,97.4,0,3,1,41.4,0.497,52,36,7,63.2,3,2,1.0,4.5,0,1
ORG01899,D,Dell Latitude,30,Male,Engineering,QA Analyst,3,Full-time,26,94.0,2,2,0,55.9,0.593,40,31,5,57.8,3,0,3.0,8.1,4,0
ORG01650,A,Acer TravelMate,34,Male,HR,HR Executive,3,Full-time,56,90.1,3,2,1,59.4,0.385,43,27,5,59.1,4,3,1.0,14.1,2,1
ORG04399,D,HP ProBook,21,Male,Engineering,Data Analyst,2,Full-time,41,93.1,2,5,0,62.5,0.73,19,14,2,73.7,1,1,4.0,6.8,0,0
ORG00259,B,HP ProBook,28,Female,Engineering,Data Analyst,3,Full-time,23,90.3,2,1,0,73.8,0.851,29,21,4,64.2,2,0,3.0,16.3,2,0
ORG02925,B,HP ProBook,32,Male,Engineering,DevOps Engineer,4,Full-time,15,98.0,0,1,0,60.8,0.775,48,40,2,67.0,2,0,4.0,25.4,1,1
ORG02435,C,MacBook Pro,34,Male,Operations,Ops Lead,3,Full-time,92,91.6,1,4,0,49.2,0.553,110,79,13,53.1,6,4,2.0,38.6,1,1
ORG00848,D,Lenovo ThinkPad,23,Female,Operations,Process Analyst,2,Full-time,54,95.4,0,0,0,54.1,0.673,66,52,7,70.8,3,0,3.0,23.7,2,0
ORG02823,C,Dell Latitude,33,Male,Engineering,DevOps Engineer,5,Full-time,27,93.6,3,2,0,68.5,0.772,46,41,4,84.2,1,0,4.0,26.8,3,0
ORG04624,C,HP ProBook,31,Other,Marketing,Performance Marketer,3,Full-time,22,99.1,1,2,0,49.5,0.912,44,34,3,63.6,0,0,3.0,12.3,2,0
ORG03340,B,Dell Latitude,29,Male,Customer Support,Support Associate,2,Contract,17,96.2,2,0,0,50.8,0.248,127,95,7,46.5,3,4,1.0,6.1,1,1
ORG05350,C,Dell Latitude,29,Male,Engineering,QA Analyst,3,Full-time,43,90.7,0,3,0,71.6,0.805,51,35,5,51.0,2,0,3.0,24.3,1,0
ORG04354,D,Lenovo ThinkPad,25,Male,Engineering,DevOps Engineer,3,Contract,16,93.6,2,2,1,81.8,0.769,31,27,1,69.7,2,0,3.0,15.6,2,0
ORG04064,B,Lenovo ThinkPad,35,Male,Operations,Ops Associate,2,Full-time,111,93.1,3,0,1,66.0,0.537,47,35,5,53.5,2,0,2.0,21.8,0,0
ORG01234,B,MacBook Pro,26,Male,Operations,Ops Associate,2,Full-time,13,97.4,0,1,1,97.1,0.854,99,97,8,92.0,0,0,5.0,,2,0
ORG01128,A,HP ProBook,26,Male,Operations,Ops Lead,2,Full-time,91,93.2,4,2,1,72.7,0.657,98,75,16,78.3,0,0,3.0,,0,1
ORG04939,A,Dell Latitude,21,Male,Operations,Ops Associate,1,Full-time,21,97.0,0,0,0,57.1,0.814,57,44,3,66.5,2,1,4.0,14.7,0,0
ORG01968,A,Dell Latitude,27,Male,HR,HR Executive,1,Full-time,44,96.3,1,2,1,71.8,0.688,41,33,4,60.9,1,2,4.0,36.9,2,0
ORG00559,D,Acer TravelMate,22,Female,Operations,Ops Lead,2,Contract,7,94.7,0,1,0,52.4,0.686,76,57,8,69.6,1,0,2.0,29.0,1,0
ORG00905,B,Dell Latitude,28,Female,IT,IT Support,1,Full-time,88,92.2,0,1,1,53.3,0.644,36,26,4,54.2,0,0,3.0,21.6,0,0
ORG02615,B,Lenovo ThinkPad,21,Female,Sales,Sales Executive,1,Contract,10,93.7,1,1,0,56.5,0.589,37,25,4,46.5,3,3,2.0,,0,1
ORG03144,C,Acer TravelMate,30,Male,Engineering,QA Analyst,4,Contract,15,98.8,0,0,0,84.6,0.906,35,29,3,84.6,0,0,5.0,23.3,4,0
ORG00485,C,HP ProBook,32,Female,Engineering,DevOps Engineer,3,Full-time,70,90.4,2,0,0,53.9,0.593,41,30,5,51.7,3,4,3.0,11.3,1,0
ORG02212,C,HP ProBook,32,Other,Customer Support,Support Lead,4,Full-time,76,93.1,1,0,0,73.2,0.634,68,58,7,87.3,1,0,4.0,10.0,0,0
ORG01321,A,HP ProBook,28,Male,Customer Support,Support Associate,2,Full-time,60,95.1,1,1,1,55.2,0.623,117,99,13,64.7,2,3,2.0,3.4,1,0
ORG03722,D,MacBook Pro,27,Male,Customer Support,Support Associate,2,Full-time,18,90.4,2,4,0,66.1,0.8,104,83,17,60.3,5,1,3.0,18.7,0,1
ORG02556,D,MacBook Pro,37,Male,Operations,Process Analyst,4,Full-time,41,100.0,0,1,0,81.4,0.99,80,78,0,77.1,0,0,5.0,11.0,2,0
ORG00008,A,MacBook Pro,25,Male,Finance,Accounts Executive,3,Full-time,94,96.6,1,2,1,98.0,0.822,60,54,6,94.1,1,0,5.0,19.8,1,0
ORG02316,C,HP ProBook,30,Male,Sales,Sales Executive,1,Full-time,60,99.1,0,1,0,78.8,0.771,57,47,3,70.2,4,1,4.0,18.8,3,0
ORG05344,C,Lenovo ThinkPad,31,Female,Operations,Ops Lead,2,Full-time,66,100.0,0,0,0,72.7,0.753,78,76,0,89.4,0,1,5.0,30.6,0,0
ORG04606,D,Dell Latitude,29,Male,Sales,Sales Executive,3,Full-time,60,99.7,0,0,0,54.3,0.467,40,33,2,39.3,2,7,3.0,22.6,1,1
ORG04537,C,Dell Latitude,24,Male,Operations,Ops Associate,1,Full-time,78,95.9,1,1,0,48.7,0.584,105,84,6,55.6,4,0,3.0,22.4,0,0
ORG05674,D,Lenovo ThinkPad,26,Female,Customer Support,Support Lead,2,Full-time,68,94.0,1,2,0,45.3,0.422,105,82,13,51.6,5,4,3.0,33.1,1,0
ORG01451,A,Dell Latitude,25,Male,HR,Talent Acquisition,2,Full-time,71,98.8,0,0,0,67.3,0.685,40,31,4,60.2,1,0,4.0,3.6,0,0
ORG01202,A,Acer TravelMate,33,Male,Customer Support,Support Lead,3,Full-time,40,95.3,6,1,0,75.7,0.7,68,52,12,69.8,2,1,3.0,13.9,0,0
ORG02427,D,MacBook Pro,33,Male,Engineering,Data Analyst,3,Full-time,61,92.8,2,1,1,77.3,0.628,58,46,8,66.3,1,0,3.0,15.6,1,0
ORG02649,B,Lenovo ThinkPad,28,Female,Operations,Ops Associate,3,Contract,14,88.5,4,0,1,74.1,0.659,88,64,17,90.9,0,0,2.0,11.5,2,1
ORG01815,B,MacBook Pro,23,Female,HR,HR Executive,2,Full-time,76,100.0,0,0,0,73.5,0.67,57,55,0,79.3,1,0,5.0,29.5,1,0
ORG02727,D,Dell Latitude,26,Female,Finance,Finance Analyst,3,Full-time,39,94.1,3,1,0,63.9,0.591,25,20,2,78.4,1,0,3.0,8.1,1,0
ORG00774,A,HP ProBook,38,Female,HR,Talent Acquisition,4,Full-time,119,94.7,1,1,0,65.3,0.611,58,42,7,67.8,0,0,2.0,14.3,1,0
ORG02275,D,MacBook Pro,28,Male,Marketing,Content Specialist,2,Full-time,35,90.3,2,0,0,60.0,0.59,24,18,3,68.1,2,0,3.0,16.4,0,0
ORG01012,A,HP ProBook,24,Male,Operations,Ops Associate,1,Full-time,30,97.3,1,1,0,61.6,0.448,70,58,7,46.3,3,0,3.0,14.9,2,1
ORG04254,C,Lenovo ThinkPad,30,Male,Customer Support,Support Associate,2,Full-time,32,94.2,0,2,0,65.1,0.78,60,43,7,60.6,2,2,3.0,76.6,1,0
ORG03169,C,Dell Latitude,37,Female,Engineering,QA Analyst,3,Full-time,77,93.1,3,0,2,66.3,0.455,44,31,5,73.0,2,0,3.0,13.9,1,0
ORG03868,D,Dell Latitude,27,Male,Sales,Account Manager,3,Contract,2,95.7,1,1,0,77.3,0.82,45,33,4,91.0,0,0,4.0,31.9,3,0
ORG01992,D,HP ProBook,25,Male,Operations,Process Analyst,3,Full-time,5,94.6,3,1,0,54.1,0.563,100,70,22,54.5,2,3,1.0,17.5,0,1
ORG01278,C,Dell Latitude,30,Male,Engineering,Data Scientist,5,Full-time,55,92.9,2,3,2,84.4,0.709,27,22,3,85.5,0,0,3.0,12.8,1,1
ORG01784,B,HP ProBook,33,Male,Engineering,Data Scientist,3,Full-time,92,97.9,2,0,1,47.8,0.711,53,42,4,59.3,3,0,2.0,8.8,0,0
ORG04473,C,HP ProBook,32,Male,Operations,Ops Lead,3,Full-time,84,97.0,0,4,0,51.3,0.59,111,77,10,55.4,4,0,2.0,21.2,2,1
ORG00447,B,Dell Latitude,31,Female,IT,System Admin,3,Full-time,120,98.4,2,1,0,73.1,0.691,25,19,2,64.8,2,1,4.0,13.3,2,0
ORG00881,B,HP ProBook,28,Male,Customer Support,Support Lead,2,Full-time,115,98.9,0,0,0,63.6,0.524,78,63,2,63.4,3,1,4.0,35.2,3,0
ORG04288,C,Acer TravelMate,33,Male,Engineering,Software Engineer,4,Full-time,86,98.4,0,0,0,92.5,0.68,26,24,1,89.9,1,0,4.0,19.2,2,0
ORG05906,D,Lenovo ThinkPad,36,Male,Marketing,Performance Marketer,2,Full-time,116,89.6,1,0,0,79.9,0.821,46,32,7,68.8,2,1,5.0,11.7,0,0
ORG02728,C,Lenovo ThinkPad,24,Female,Engineering,QA Analyst,2,Full-time,31,100.0,0,1,0,45.2,0.465,32,28,0,59.6,0,1,3.0,9.3,0,1
ORG03049,B,Lenovo ThinkPad,30,Male,Marketing,Performance Marketer,3,Full-time,87,90.3,2,1,0,82.6,0.839,30,28,4,89.0,1,0,4.0,16.8,1,0
ORG05062,B,Lenovo ThinkPad,28,Male,Engineering,Data Analyst,3,Full-time,23,94.6,2,1,0,57.6,0.917,45,40,5,67.6,2,1,3.0,40.0,1,0
ORG00782,D,MacBook Pro,36,Male,Marketing,Content Specialist,3,Full-time,101,96.6,1,2,1,64.1,0.659,68,56,9,67.1,1,0,3.0,10.3,0,0
ORG02652,C,Dell Latitude,22,Male,Customer Support,Support Lead,2,Full-time,22,94.4,3,0,0,48.2,0.492,111,88,13,52.9,1,1,3.0,6.1,0,0
ORG06132,C,Dell Latitude,27,Female,Operations,Ops Lead,2,Full-time,85,93.7,3,2,0,75.1,0.663,67,54,5,61.1,4,0,3.0,14.5,1,1
ORG01750,C,Lenovo ThinkPad,28,Male,Customer Support,Support Lead,2,Full-time,60,95.4,2,2,1,89.6,0.968,117,107,13,88.1,1,0,5.0,9.5,4,0
ORG02127,D,Dell Latitude,37,Male,Sales,Inside Sales Rep,3,Full-time,97,95.1,1,2,0,64.6,0.502,78,61,7,70.9,1,1,2.0,18.3,0,0
ORG02261,C,HP ProBook,30,Male,Operations,Ops Lead,4,Full-time,90,90.6,2,2,0,80.4,0.75,49,40,5,96.1,2,0,3.0,8.4,1,0
ORG02792,B,MacBook Pro,37,Female,Engineering,Data Analyst,4,Full-time,101,92.5,3,1,1,77.6,0.786,51,46,3,81.3,0,0,4.0,26.8,0,0
ORG02424,A,MacBook Pro,30,Male,Engineering,Software Engineer,4,Full-time,11,97.9,0,0,0,96.9,0.903,37,36,0,93.5,1,0,5.0,18.1,0,0
ORG06163,C,HP ProBook,34,Female,Sales,Sales Executive,2,Full-time,90,95.0,0,0,0,62.7,0.723,63,45,6,54.3,1,2,3.0,18.2,0,0
ORG05439,A,Dell Latitude,29,Male,IT,System Admin,4,Full-time,69,100.0,0,0,0,98.0,1.0,29,28,0,99.0,0,0,5.0,26.3,1,0
ORG00884,C,MacBook Pro,29,Male,Customer Support,Support Lead,2,Full-time,75,92.4,4,7,0,70.3,0.531,97,55,19,48.2,2,1,2.0,21.4,0,1
ORG05787,B,Acer TravelMate,32,Male,Marketing,Marketing Executive,3,Full-time,99,91.7,2,3,0,77.9,0.88,47,38,4,81.7,0,0,4.0,12.6,1,0
ORG01092,D,Dell Latitude,38,Female,Operations,Ops Lead,4,Full-time,103,100.0,0,0,0,86.7,0.748,123,105,11,73.3,2,1,3.0,31.7,2,0
ORG04563,A,Acer TravelMate,30,Female,Sales,Sales Executive,2,Full-time,96,93.7,0,3,1,83.3,0.914,69,52,11,74.5,1,2,4.0,17.1,0,0
ORG04339,B,HP ProBook,25,Female,Customer Support,Support Lead,2,Full-time,51,94.2,2,1,1,78.7,0.733,104,92,13,81.4,0,0,4.0,8.3,2,0
ORG00532,B,HP ProBook,28,Male,Finance,Finance Analyst,3,Full-time,99,100.0,0,1,0,69.7,0.608,54,45,0,59.1,1,1,4.0,10.8,0,0
ORG06175,D,HP ProBook,31,Female,Customer Support,Support Lead,4,Full-time,86,100.0,1,0,0,93.0,0.772,101,98,8,82.9,0,3,5.0,26.0,1,0
ORG02439,D,MacBook Pro,23,Female,Customer Support,Support Associate,1,Full-time,37,94.9,0,0,0,68.1,0.985,83,77,6,76.7,0,0,5.0,2.5,1,0
ORG06167,B,HP ProBook,25,Female,Operations,Ops Associate,2,Full-time,45,91.4,2,2,0,74.6,0.659,88,68,14,67.2,1,1,3.0,14.5,0,0
ORG04639,C,Dell Latitude,29,Female,Engineering,DevOps Engineer,3,Full-time,67,93.0,1,4,0,65.4,0.91,53,41,9,65.9,0,0,5.0,20.2,0,0
ORG02609,A,HP ProBook,30,Female,Operations,Ops Lead,3,Full-time,94,99.5,1,0,1,72.0,0.431,52,46,2,53.8,3,0,2.0,18.9,1,0
ORG05172,C,Dell Latitude,28,Male,Operations,Process Analyst,2,Full-time,53,98.7,0,0,0,56.7,0.584,54,45,2,65.4,1,1,3.0,11.1,4,0
ORG02291,B,Lenovo ThinkPad,31,Female,IT,IT Support,2,Full-time,42,97.5,0,1,0,75.3,0.938,63,53,5,82.3,1,0,4.0,18.6,0,0
ORG01728,B,Acer TravelMate,28,Male,Marketing,Marketing Executive,2,Full-time,28,93.5,1,3,0,78.7,0.924,35,29,3,82.5,0,0,5.0,29.0,1,0
ORG00611,B,Dell Latitude,28,Male,Customer Support,Support Associate,2,Full-time,59,90.9,1,1,0,70.7,0.725,63,54,4,63.5,0,0,4.0,16.0,0,0
ORG00571,C,Dell Latitude,29,Male,Sales,Sales Executive,1,Full-time,80,95.4,1,2,0,69.5,0.768,66,58,8,66.0,4,0,4.0,2.5,1,0
ORG01980,A,HP ProBook,31,Female,Engineering,DevOps Engineer,3,Full-time,33,93.6,1,0,1,51.8,0.578,36,27,4,60.5,4,2,3.0,14.7,0,1
ORG01318,D,Dell Latitude,36,Male,Engineering,Data Scientist,5,Full-time,83,95.0,0,1,1,56.1,0.556,34,25,5,66.9,4,2,4.0,30.0,1,0
ORG00344,D,HP ProBook,28,Male,Operations,Process Analyst,2,Full-time,70,,0,0,0,86.1,0.9,85,75,5,72.6,3,2,5.0,53.0,1,0
ORG00588,B,Lenovo ThinkPad,21,Female,Sales,Sales Executive,1,Full-time,41,87.9,1,6,0,58.8,0.499,30,21,4,58.2,1,1,1.0,28.8,1,1
ORG05256,D,HP ProBook,28,Female,Marketing,Performance Marketer,2,Full-time,83,93.7,1,3,0,61.3,0.438,42,35,3,69.1,2,0,4.0,9.6,2,1
ORG00637,D,Lenovo ThinkPad,25,Female,Operations,Ops Lead,2,Full-time,17,94.8,0,0,0,43.5,0.51,80,54,7,59.2,4,4,2.0,10.0,0,1
ORG00435,B,HP ProBook,30,Male,Engineering,Data Analyst,2,Full-time,52,92.4,0,0,0,60.0,0.427,40,30,3,62.2,0,0,3.0,47.6,2,0
ORG01904,C,Dell Latitude,27,Male,Engineering,Software Engineer,2,Full-time,70,90.8,2,1,0,84.4,0.789,30,29,3,75.7,1,0,4.0,9.5,2,0
ORG03216,D,Lenovo ThinkPad,32,Female,Finance,Finance Analyst,3,Contract,15,93.3,1,2,2,63.2,0.651,42,30,2,64.2,1,0,3.0,19.7,1,0
ORG00098,C,HP ProBook,29,Male,Engineering,Software Engineer,2,Full-time,78,100.0,0,0,0,66.0,0.722,36,35,0,63.4,2,1,4.0,30.2,2,0
ORG04948,A,Lenovo ThinkPad,36,Male,Finance,Accounts Executive,3,Full-time,112,95.3,1,2,0,61.7,0.634,46,35,2,56.8,1,1,4.0,17.6,1,0
ORG03822,A,Dell Latitude,35,Female,Operations,Ops Lead,4,Full-time,115,98.1,1,1,0,79.2,0.751,48,39,4,78.4,1,0,4.0,8.5,0,0
ORG03975,A,HP ProBook,33,Male,Engineering,Data Analyst,3,Full-time,85,94.6,3,2,0,62.1,0.541,44,29,5,55.2,4,0,3.0,33.2,3,0
ORG06012,B,Lenovo ThinkPad,26,Female,Finance,Accounts Executive,1,Full-time,48,92.2,0,1,1,57.5,0.578,61,45,9,71.8,3,0,3.0,5.2,1,0
ORG02070,A,Lenovo ThinkPad,32,Female,Customer Support,Support Lead,4,Full-time,64,92.8,1,2,0,73.7,0.67,102,85,15,86.3,1,2,3.0,19.5,2,0
ORG01538,A,Dell Latitude,38,Male,Finance,Finance Analyst,4,Full-time,89,92.4,4,2,0,57.9,0.784,32,25,3,63.0,2,0,4.0,16.3,1,0
ORG03581,D,Lenovo ThinkPad,33,Male,Finance,Finance Analyst,3,Full-time,44,89.8,1,5,0,57.8,0.721,33,23,3,64.8,1,0,3.0,42.8,1,0
ORG04348,D,Dell Latitude,31,Male,Marketing,Marketing Executive,2,Full-time,53,88.6,3,3,0,66.9,0.658,23,17,2,74.6,2,1,2.0,18.0,1,0
ORG05018,A,Lenovo ThinkPad,33,Male,Customer Support,Support Lead,3,Contract,4,93.5,4,1,1,94.5,0.937,90,79,15,84.0,1,1,5.0,13.5,0,0
ORG04366,C,Dell Latitude,33,Male,Engineering,Data Scientist,5,Full-time,31,95.4,0,2,0,69.1,0.793,45,34,4,74.8,4,2,4.0,22.0,3,0
ORG01518,B,Dell Latitude,33,Female,IT,System Admin,3,Full-time,37,91.2,1,1,2,66.2,0.722,59,47,8,72.6,0,1,3.0,24.7,4,0
ORG00966,D,Acer TravelMate,27,Male,Customer Support,Support Associate,1,Full-time,16,94.8,2,1,1,65.9,0.458,107,76,18,55.8,3,1,3.0,28.1,0,1
ORG05550,C,Dell Latitude,37,Male,Customer Support,Support Lead,3,Full-time,109,96.1,1,0,0,73.9,0.651,60,45,4,70.0,2,2,3.0,13.6,1,0
ORG00529,D,Acer TravelMate,29,Female,Finance,Accounts Executive,1,Full-time,75,94.8,0,0,0,73.5,0.852,31,28,2,79.5,1,0,4.0,20.2,2,0
ORG00177,B,Dell Latitude,33,Male,Customer Support,Support Associate,3,Full-time,33,94.2,2,2,0,59.5,0.742,140,111,18,63.7,0,0,3.0,19.7,0,0
ORG02471,D,Acer TravelMate,25,Female,Customer Support,Support Associate,1,Full-time,24,92.8,2,1,1,62.6,0.554,98,68,15,68.7,0,0,3.0,6.7,3,0
ORG04752,D,Lenovo ThinkPad,30,Male,Customer Support,Support Lead,3,Full-time,117,94.8,2,2,0,73.7,0.625,105,78,11,73.2,0,2,4.0,39.7,1,0
ORG04016,D,Dell Latitude,25,Male,Customer Support,Support Associate,3,Full-time,11,97.6,0,1,0,79.4,0.655,63,60,3,63.7,2,1,4.0,15.7,0,0
ORG03002,A,Dell Latitude,30,Male,Operations,Ops Lead,3,Full-time,47,89.2,2,3,0,73.0,0.721,52,37,8,73.0,0,0,3.0,25.8,2,0
ORG05402,A,HP ProBook,29,Male,Engineering,Data Analyst,3,Full-time,19,93.3,1,2,0,64.9,0.777,19,17,1,78.9,1,0,3.0,24.7,2,0
ORG03426,B,HP ProBook,28,Female,Customer Support,Support Lead,2,Full-time,101,89.2,4,2,3,75.4,0.728,110,82,21,76.0,1,2,3.0,36.8,4,1
ORG00573,D,Acer TravelMate,30,Female,Customer Support,Support Associate,2,Full-time,108,98.2,0,2,0,57.7,0.455,108,87,5,64.4,3,1,2.0,16.7,1,0
ORG06190,C,Dell Latitude,25,Female,Operations,Ops Lead,3,Contract,13,94.2,10,1,1,79.7,0.642,74,56,15,75.8,0,1,3.0,23.3,1,1
ORG00593,C,MacBook Pro,34,Female,Sales,Account Manager,4,Contract,12,88.0,2,4,0,77.0,0.689,69,48,12,68.2,2,1,2.0,20.8,0,0
ORG05628,C,Lenovo ThinkPad,24,Male,Finance,Accounts Executive,1,Full-time,6,87.5,0,2,0,41.7,0.408,40,20,6,46.4,3,2,1.0,10.8,0,1
ORG03063,C,Acer TravelMate,26,Male,Sales,Sales Executive,2,Full-time,6,94.3,3,0,1,65.9,0.364,71,53,8,58.3,0,3,2.0,15.8,1,1
ORG03888,A,HP ProBook,24,Male,HR,HR Executive,1,Full-time,74,100.0,0,0,0,44.9,0.836,49,38,5,50.0,4,1,4.0,5.7,1,0
ORG02375,C,Dell Latitude,28,Male,Sales,Account Manager,4,Contract,14,93.1,2,1,0,86.5,0.901,49,47,7,96.5,0,0,4.0,28.3,3,0
ORG03065,C,Lenovo ThinkPad,24,Male,Sales,Inside Sales Rep,1,Full-time,18,100.0,0,1,0,48.7,0.388,58,49,1,51.3,3,0,2.0,20.1,1,0
ORG05920,A,Lenovo ThinkPad,32,Female,Sales,Account Manager,4,Contract,2,95.4,1,2,1,79.8,0.756,46,40,2,87.7,0,1,5.0,23.3,3,0
ORG04554,A,Dell Latitude,25,Male,Operations,Process Analyst,2,Full-time,32,98.0,0,1,0,56.5,0.671,93,82,7,74.5,2,0,3.0,14.5,0,1
ORG04082,B,Lenovo ThinkPad,31,Male,Sales,Account Manager,2,Contract,17,98.0,2,0,0,44.8,0.453,52,40,2,56.9,2,4,3.0,15.0,0,1
ORG04867,C,Acer TravelMate,34,Male,Sales,Account Manager,2,Full-time,106,91.6,0,3,0,71.6,0.855,40,33,3,68.7,0,1,3.0,3.8,1,0
ORG02209,C,MacBook Pro,29,Male,Engineering,Software Engineer,3,Full-time,54,94.3,2,1,0,66.7,0.691,32,24,2,70.4,1,0,4.0,13.7,0,0
ORG04056,A,Dell Latitude,21,Female,HR,HR Executive,1,Full-time,104,98.4,0,0,0,62.3,0.532,42,29,3,67.1,1,1,3.0,19.7,0,1
ORG02493,B,Dell Latitude,32,Female,Engineering,Software Engineer,3,Full-time,107,94.4,1,0,0,86.6,0.975,55,47,2,74.7,0,0,5.0,6.3,1,0
ORG04951,D,Lenovo ThinkPad,21,Female,Sales,Inside Sales Rep,1,Full-time,25,94.4,2,1,1,59.8,0.616,44,36,1,68.6,2,0,4.0,30.6,0,0
ORG00384,C,MacBook Pro,29,Male,Customer Support,Support Associate,2,Full-time,87,91.3,3,3,0,,0.816,123,98,17,74.2,2,1,3.0,9.6,1,0
ORG00853,D,HP ProBook,32,Female,HR,Talent Acquisition,2,Full-time,119,88.9,3,1,0,53.7,0.628,59,39,9,65.9,3,1,2.0,8.0,0,0
ORG01881,C,Lenovo ThinkPad,30,Male,Customer Support,Support Associate,3,Full-time,106,91.2,2,0,0,78.2,0.69,90,60,13,66.3,1,2,2.0,28.8,1,0
ORG00371,A,Acer TravelMate,23,Male,Finance,Accounts Executive,1,Full-time,56,96.5,0,0,0,65.9,0.787,55,53,1,84.1,1,1,4.0,15.6,1,0
ORG03753,C,Dell Latitude,26,Male,Customer Support,Support Associate,1,Full-time,24,91.6,4,6,0,71.5,0.677,106,69,21,73.4,1,2,4.0,10.6,0,0
ORG04449,B,Lenovo ThinkPad,31,Female,Customer Support,Support Associate,2,Full-time,120,98.2,1,0,0,67.7,0.826,137,120,17,82.7,0,0,5.0,15.7,0,0
ORG05477,B,Dell Latitude,34,Male,Engineering,Data Scientist,4,Full-time,115,90.8,0,5,0,67.7,1.0,40,33,4,69.0,2,0,4.0,24.2,2,0
ORG05442,C,Dell Latitude,24,Female,HR,HR Executive,2,Full-time,10,100.0,0,0,0,63.2,0.728,38,28,1,48.4,5,1,3.0,11.9,1,0
ORG00224,B,Dell Latitude,34,Male,IT,System Admin,4,Full-time,98,95.4,0,1,0,73.8,0.749,49,45,2,70.9,1,1,4.0,27.2,2,0
ORG01106,A,Acer TravelMate,31,Male,Finance,Accounts Executive,3,Full-time,29,92.3,2,1,0,72.9,0.844,28,21,4,82.0,4,1,3.0,30.4,2,0
ORG05827,C,HP ProBook,22,Female,Operations,Ops Associate,1,Full-time,28,94.5,4,2,1,59.7,0.56,67,51,7,64.5,3,0,2.0,38.3,1,0
ORG02362,D,Dell Latitude,32,Male,Engineering,Data Analyst,3,Contract,2,91.6,1,4,0,81.8,0.86,42,40,3,77.6,1,0,5.0,12.5,2,0
ORG05073,C,MacBook Pro,27,Female,Customer Support,Support Lead,4,Contract,8,93.8,0,0,0,48.5,0.507,117,89,7,62.5,2,2,3.0,5.8,1,1
ORG01337,A,Dell Latitude,35,Male,Engineering,DevOps Engineer,4,Full-time,74,91.8,3,3,2,76.6,0.822,30,26,4,92.4,0,0,5.0,17.7,0,0
ORG02190,C,Dell Latitude,29,Male,Marketing,Performance Marketer,3,Full-time,15,94.1,0,0,0,66.4,0.695,76,59,6,69.0,4,1,4.0,7.1,1,1
ORG06088,A,Dell Latitude,25,Male,Sales,Sales Executive,2,Full-time,98,98.4,2,0,0,54.7,0.439,66,47,6,55.1,3,1,2.0,13.1,1,0
ORG06097,A,Dell Latitude,37,Male,Engineering,DevOps Engineer,5,Full-time,38,89.2,3,4,0,50.1,0.443,44,27,8,61.7,1,0,1.0,33.2,1,1
ORG04375,B,HP ProBook,34,Female,Operations,Ops Lead,4,Full-time,65,100.0,0,1,0,68.8,0.471,92,73,6,54.0,4,1,2.0,23.1,2,0
ORG02247,A,Dell Latitude,24,Male,Sales,Account Manager,3,Contract,9,91.9,1,2,0,86.0,1.0,49,47,5,95.6,0,0,5.0,20.8,0,0
ORG04332,D,Dell Latitude,27,Female,Marketing,Content Specialist,2,Full-time,48,92.1,1,4,1,61.9,0.667,59,47,9,65.5,1,1,3.0,23.3,3,0
ORG06115,D,HP ProBook,35,Male,Customer Support,Support Lead,3,Full-time,101,98.4,0,1,0,58.5,0.492,127,85,6,52.4,0,0,3.0,35.2,1,0
ORG01172,A,Dell Latitude,22,Male,Finance,Accounts Executive,1,Contract,11,90.7,2,2,2,41.3,0.35,47,29,8,64.0,2,1,1.0,3.4,0,0
ORG03275,A,Acer TravelMate,28,Male,Finance,Finance Analyst,2,Full-time,80,96.1,2,3,0,69.3,0.704,52,44,3,72.8,0,0,4.0,37.1,2,0
ORG04094,A,MacBook Pro,30,Male,Engineering,QA Analyst,3,Full-time,66,100.0,1,1,0,79.8,0.891,42,39,0,74.2,2,0,5.0,12.4,2,0
ORG02002,A,Acer TravelMate,30,Male,Customer Support,Support Lead,3,Full-time,90,97.1,1,0,0,53.6,0.682,115,93,2,71.9,1,0,4.0,26.3,1,0
ORG01423,D,Lenovo ThinkPad,29,Male,Customer Support,Support Lead,2,Full-time,82,95.4,0,1,0,81.0,0.924,118,106,8,79.3,1,0,5.0,20.7,3,0
ORG02687,B,Lenovo ThinkPad,26,Male,Sales,Inside Sales Rep,2,Full-time,4,93.0,1,4,0,47.8,0.646,69,55,2,54.4,6,1,3.0,29.3,3,0
ORG05660,C,HP ProBook,24,Male,Finance,Finance Analyst,2,Full-time,50,92.1,1,4,0,38.3,0.75,20,14,2,56.5,2,0,3.0,7.1,0,1
ORG03591,A,Dell Latitude,27,Male,HR,Talent Acquisition,2,Contract,11,91.4,5,3,1,59.3,0.607,26,19,4,55.3,5,1,2.0,21.9,0,1
ORG03708,C,Lenovo ThinkPad,31,Female,Operations,Process Analyst,4,Full-time,3,95.5,1,0,0,35.7,0.658,84,69,4,46.8,0,1,3.0,35.1,1,0
ORG04528,D,MacBook Pro,34,Male,Operations,Ops Lead,4,Full-time,32,90.4,1,1,1,47.5,0.501,113,70,19,53.3,4,4,2.0,23.6,1,1
ORG05236,B,Lenovo ThinkPad,29,Male,Operations,Process Analyst,3,Full-time,66,93.7,2,0,2,72.5,0.828,63,60,8,78.3,1,0,4.0,15.5,0,1
ORG03605,C,Lenovo ThinkPad,33,Male,Marketing,Performance Marketer,3,Full-time,76,92.7,6,3,0,71.3,0.704,30,20,4,85.1,2,0,3.0,8.3,1,0
ORG01465,C,Acer TravelMate,26,Male,Operations,Process Analyst,2,Contract,16,91.6,0,2,0,87.0,0.737,98,90,9,83.3,1,1,4.0,18.1,2,0
ORG00875,A,Lenovo ThinkPad,31,Female,Finance,Accounts Executive,3,Full-time,120,91.3,0,0,3,83.1,0.88,61,55,8,84.8,1,0,5.0,15.0,0,0
ORG02298,C,MacBook Pro,33,Female,Engineering,Data Analyst,3,Full-time,102,100.0,0,0,0,65.4,0.984,55,52,3,64.6,3,0,4.0,9.0,1,0
ORG02644,A,Dell Latitude,30,Male,Marketing,Marketing Executive,3,Full-time,105,89.4,3,3,2,65.7,0.806,41,30,3,63.3,1,0,3.0,18.1,0,1
ORG03690,D,Dell Latitude,21,Male,Sales,Sales Executive,1,Full-time,17,97.8,0,2,0,52.8,0.542,42,33,2,71.9,2,2,3.0,7.8,0,0
ORG05463,A,Dell Latitude,30,Female,Engineering,DevOps Engineer,3,Full-time,26,93.9,0,3,0,67.5,0.695,56,39,7,63.3,1,0,3.0,30.3,2,0
ORG01252,A,Acer TravelMate,26,Male,Engineering,Software Engineer,2,Full-time,47,92.6,4,4,1,75.2,0.831,39,28,7,65.7,3,1,4.0,23.0,1,0
ORG03716,B,Lenovo ThinkPad,35,Male,HR,Talent Acquisition,4,Full-time,67,94.6,1,0,0,85.8,0.722,67,48,7,76.8,0,1,3.0,23.8,4,0
ORG00841,B,HP ProBook,26,Female,Engineering,QA Analyst,3,Full-time,73,100.0,0,1,0,70.8,0.459,23,22,0,66.3,2,1,4.0,17.4,3,0
ORG04446,D,Dell Latitude,28,Male,Customer Support,Support Lead,2,Full-time,43,96.1,1,2,0,71.8,0.994,78,70,10,64.5,4,0,4.0,19.7,0,0
ORG00582,C,HP ProBook,28,Male,Customer Support,Support Associate,1,Full-time,82,87.2,3,1,0,58.1,0.646,91,62,16,84.3,0,1,3.0,13.8,2,0
ORG00205,A,MacBook Pro,29,Female,Engineering,Data Analyst,3,Full-time,12,94.2,1,1,0,71.3,0.723,30,25,2,67.5,2,2,4.0,22.6,0,0
ORG01642,D,Lenovo ThinkPad,27,Female,Engineering,Data Analyst,2,Full-time,96,92.8,2,1,0,73.6,0.39,54,41,5,64.0,3,0,3.0,23.7,2,0
ORG02015,B,HP ProBook,25,Male,Customer Support,Support Associate,1,Full-time,101,93.2,1,2,0,52.5,0.69,63,44,8,51.7,0,1,3.0,23.0,0,0
ORG03254,A,Lenovo ThinkPad,26,Male,Customer Support,Support Associate,2,Full-time,81,94.4,0,2,0,62.7,0.826,80,60,9,58.7,1,2,4.0,16.3,1,0
ORG03699,A,Acer TravelMate,32,Male,Engineering,Software Engineer,3,Full-time,9,88.7,4,1,0,47.2,0.351,23,13,2,54.2,5,2,1.0,17.3,0,1
ORG00906,A,MacBook Pro,35,Male,Operations,Process Analyst,3,Full-time,75,96.8,2,0,0,82.8,0.815,86,82,9,86.3,0,0,5.0,17.1,1,0
ORG00632,B,Dell Latitude,22,Male,HR,HR Executive,1,Full-time,30,88.1,1,2,1,58.4,0.391,42,26,5,40.4,9,3,1.0,19.9,1,1
ORG04462,B,HP ProBook,30,Male,Customer Support,Support Associate,3,Full-time,10,91.3,3,4,1,66.7,0.723,117,88,17,62.6,1,1,2.0,14.6,0,1
ORG03978,B,Dell Latitude,41,Female,Engineering,DevOps Engineer,5,Full-time,21,93.9,2,2,0,76.4,1.0,56,41,3,70.0,2,0,4.0,12.3,1,0
ORG01975,B,Lenovo ThinkPad,28,Male,Engineering,Software Engineer,2,Full-time,48,96.8,0,2,0,78.1,0.806,38,32,2,70.0,1,2,5.0,26.3,3,0
ORG00163,C,Acer TravelMate,26,Male,Sales,Sales Executive,1,Full-time,17,95.9,0,1,1,71.4,0.548,49,43,3,70.0,0,1,3.0,15.0,1,0
ORG04526,A,Lenovo ThinkPad,23,Male,Customer Support,Support Associate,2,Contract,7,95.1,0,1,0,61.8,0.662,132,107,9,69.6,1,0,3.0,20.7,0,0
ORG05106,D,Acer TravelMate,30,Female,Customer Support,Support Associate,2,Full-time,93,92.1,0,4,0,40.0,0.467,113,78,17,48.0,5,3,2.0,10.1,0,1
ORG05668,D,HP ProBook,26,Female,Marketing,Content Specialist,2,Full-time,9,94.1,1,2,0,61.4,0.584,61,47,4,74.6,0,0,3.0,17.2,2,0
ORG03922,B,Dell Latitude,21,Male,Marketing,Marketing Executive,1,Contract,13,97.1,0,0,0,55.5,0.643,37,27,3,63.4,2,1,3.0,13.6,1,0
ORG00618,A,Dell Latitude,31,Male,Sales,Inside Sales Rep,3,Full-time,102,99.9,0,3,0,65.3,0.617,43,33,2,84.2,2,0,4.0,19.7,0,0
ORG00876,C,HP ProBook,24,Female,Marketing,Content Specialist,1,Full-time,116,93.9,0,2,0,76.2,0.539,60,50,2,73.7,1,0,4.0,34.7,1,0
ORG01432,B,Dell Latitude,28,Female,Operations,Ops Lead,4,Full-time,36,100.0,0,0,0,51.3,0.629,52,39,2,57.8,2,0,5.0,32.6,1,0
ORG02974,B,HP ProBook,22,Male,Marketing,Marketing Executive,1,Full-time,19,92.6,2,4,0,52.2,0.6,42,30,5,59.4,2,1,3.0,10.9,1,1
ORG05717,B,Lenovo ThinkPad,27,Male,HR,HR Executive,2,Full-time,94,89.5,1,5,0,43.4,0.58,48,35,2,63.3,0,0,2.0,36.9,3,0
ORG00548,C,Dell Latitude,39,Female,Engineering,Data Scientist,5,Full-time,102,100.0,0,0,0,61.9,0.66,57,47,4,63.2,2,0,4.0,11.1,2,0
ORG05811,B,Lenovo ThinkPad,30,Male,Customer Support,Support Lead,3,Contract,16,93.7,1,2,0,95.5,0.951,111,100,14,96.9,3,4,4.0,27.4,0,0
ORG01833,A,HP ProBook,36,Female,Customer Support,Support Associate,2,Full-time,105,100.0,0,0,0,91.2,0.908,65,62,4,77.9,3,0,5.0,21.0,2,0
ORG05313,B,MacBook Pro,32,Male,Sales,Account Manager,3,Full-time,37,93.1,3,0,2,71.9,0.677,49,44,5,75.0,1,2,2.0,10.7,0,1
ORG03615,A,HP ProBook,23,Male,Operations,Ops Associate,1,Full-time,99,91.3,1,0,0,81.3,0.855,61,45,5,70.0,4,0,5.0,20.9,1,0
ORG04940,B,Lenovo ThinkPad,29,Male,Engineering,Software Engineer,3,Full-time,81,98.3,2,0,0,44.8,0.881,35,29,1,69.9,2,0,4.0,27.1,4,0
ORG03774,B,Lenovo ThinkPad,26,Female,HR,HR Executive,2,Full-time,16,89.9,1,4,0,35.2,0.361,23,15,2,35.9,5,2,1.0,7.7,0,1
ORG03436,D,Lenovo ThinkPad,21,Female,Operations,Ops Associate,2,Full-time,24,94.4,1,0,0,82.1,0.607,66,50,5,63.3,2,0,3.0,6.2,0,0
ORG01852,B,HP ProBook,38,Female,Marketing,Performance Marketer,4,Full-time,114,94.9,3,1,0,61.9,0.644,83,66,9,63.9,3,1,3.0,15.9,2,1
ORG03916,A,HP ProBook,32,Female,Sales,Sales Executive,3,Full-time,58,100.0,0,0,0,65.1,0.673,63,60,3,58.6,3,0,4.0,17.9,2,0
ORG06148,D,MacBook Pro,31,Female,Sales,Account Manager,3,Full-time,106,98.2,0,1,0,71.0,0.784,83,76,2,75.8,0,1,5.0,7.6,1,0
ORG02857,B,Lenovo ThinkPad,32,Other,Operations,Ops Lead,3,Full-time,105,94.6,1,1,1,67.7,0.679,108,87,13,81.0,0,0,4.0,26.3,0,0
ORG01862,B,Lenovo ThinkPad,36,Male,IT,System Admin,3,Full-time,21,96.4,0,0,0,48.1,0.505,70,51,3,53.5,2,1,2.0,16.4,2,0
ORG02660,D,Dell Latitude,21,Male,Sales,Inside Sales Rep,1,Full-time,35,94.1,1,1,2,79.6,0.799,60,47,7,73.4,0,0,5.0,24.3,2,0
ORG03385,D,MacBook Pro,37,Female,Engineering,Data Scientist,5,Full-time,87,98.3,0,2,0,80.0,0.781,66,58,5,80.6,1,0,5.0,29.6,2,0
ORG06204,B,Dell Latitude,31,Male,Engineering,Data Analyst,4,Full-time,119,95.7,1,2,0,54.1,0.808,31,27,1,75.6,3,1,3.0,20.9,3,0
ORG00641,A,Lenovo ThinkPad,33,Female,Finance,Finance Analyst,3,Full-time,4,98.7,0,0,0,65.4,0.676,68,62,3,84.6,1,0,5.0,9.8,0,0
ORG04158,C,Lenovo ThinkPad,31,Male,Engineering,Software Engineer,2,Full-time,93,93.8,0,0,0,39.9,0.486,36,23,3,50.0,1,0,2.0,12.9,1,1
ORG01010,A,HP ProBook,29,Male,Customer Support,Support Associate,3,Full-time,48,96.5,0,2,0,62.5,0.704,109,93,8,69.1,1,1,4.0,13.1,0,0
ORG03367,A,MacBook Pro,33,Male,Operations,Process Analyst,4,Full-time,53,100.0,1,0,0,83.9,0.914,92,90,3,87.9,1,0,5.0,19.5,0,0
ORG06169,D,Dell Latitude,21,Female,Sales,Inside Sales Rep,2,Contract,7,91.4,0,2,0,78.5,1.0,47,42,6,66.5,2,0,4.0,5.5,0,0
ORG00638,C,Lenovo ThinkPad,25,Male,Finance,Accounts Executive,1,Full-time,65,92.2,2,1,1,51.2,0.401,65,39,7,63.9,2,1,2.0,9.2,1,1
ORG03332,D,Acer TravelMate,25,Male,Sales,Sales Executive,2,Full-time,97,94.0,3,7,0,51.0,0.481,50,39,4,57.6,3,1,2.0,24.3,0,1
ORG05159,C,HP ProBook,26,Male,Customer Support,Support Lead,2,Full-time,88,100.0,1,3,0,80.2,0.846,122,115,9,81.1,1,2,5.0,24.6,0,0
ORG03654,B,HP ProBook,32,Male,Engineering,Data Analyst,2,Full-time,99,94.4,0,0,0,98.0,0.787,25,20,2,94.9,0,0,5.0,15.1,0,0
ORG04734,A,Lenovo ThinkPad,26,Male,Sales,Sales Executive,2,Full-time,23,90.4,1,3,2,63.3,0.652,36,31,4,67.7,2,0,3.0,13.9,2,0
ORG02309,B,HP ProBook,32,Male,Operations,Process Analyst,3,Full-time,96,95.2,1,0,1,57.6,0.503,108,77,7,54.7,1,1,1.0,17.4,1,0
ORG04383,A,Lenovo ThinkPad,26,Male,Sales,Sales Executive,2,Full-time,53,96.1,0,4,3,61.9,0.379,37,23,4,53.8,1,1,2.0,18.4,0,1
ORG03146,B,Acer TravelMate,23,Male,Operations,Process Analyst,2,Contract,17,95.5,0,1,0,72.5,0.575,74,63,6,75.2,1,1,4.0,13.4,1,0
ORG04321,B,Lenovo ThinkPad,27,Male,HR,HR Executive,1,Full-time,55,94.5,2,1,1,69.7,0.394,28,21,3,52.4,2,0,3.0,8.0,0,0
ORG02097,C,Dell Latitude,27,Female,Engineering,Software Engineer,2,Full-time,45,92.6,3,3,0,40.5,0.293,27,15,3,33.9,8,3,1.0,11.2,0,1
ORG04966,B,HP ProBook,31,Male,Engineering,Data Scientist,4,Full-time,68,95.0,3,1,0,49.1,0.534,34,23,2,46.6,1,1,2.0,12.9,1,1
ORG01957,D,Dell Latitude,23,Male,Customer Support,Support Lead,2,Contract,17,89.0,2,4,0,69.9,0.378,137,84,28,67.1,2,1,3.0,29.1,2,0
ORG01373,D,HP ProBook,26,Male,Customer Support,Support Associate,2,Contract,10,92.4,0,1,1,84.2,1.0,118,97,19,70.0,2,3,5.0,3.0,0,0
ORG05833,B,Lenovo ThinkPad,26,Male,Sales,Inside Sales Rep,1,Full-time,28,93.4,0,3,1,86.6,1.0,44,41,5,84.2,0,2,5.0,7.9,1,0
ORG00922,A,Lenovo ThinkPad,25,Female,HR,HR Executive,3,Full-time,5,96.8,0,1,0,94.4,0.885,36,35,1,92.9,0,0,5.0,8.7,0,0
ORG05770,A,MacBook Pro,24,Male,Finance,Accounts Executive,2,Contract,14,93.2,2,3,2,67.1,0.746,45,33,7,73.6,0,0,4.0,1.5,1,0
ORG00547,D,HP ProBook,29,Male,Sales,Sales Executive,2,Full-time,114,94.9,3,0,1,82.1,0.8,35,26,3,61.6,3,2,3.0,16.1,2,0
ORG01450,C,Lenovo ThinkPad,33,Male,Engineering,Data Analyst,4,Full-time,78,92.6,0,2,0,60.3,0.768,45,36,5,63.7,5,1,3.0,,0,0
ORG02805,D,MacBook Pro,28,Male,Engineering,Data Analyst,2,Full-time,96,95.7,0,1,0,71.5,0.928,33,31,3,90.0,1,1,5.0,23.5,1,0
ORG02611,C,Dell Latitude,32,Female,Marketing,Content Specialist,3,Full-time,56,96.6,1,2,1,54.5,0.925,55,48,3,73.6,3,1,5.0,18.3,2,0
ORG01901,A,Dell Latitude,29,Female,Operations,Ops Lead,3,Full-time,6,99.4,0,0,0,73.2,0.822,110,95,11,57.6,4,1,3.0,17.5,2,0
ORG02758,B,Dell Latitude,32,Female,Operations,Process Analyst,3,Full-time,20,99.8,0,0,1,87.3,0.882,81,76,3,82.3,0,0,5.0,23.8,3,0
ORG02029,A,HP ProBook,21,Male,Customer Support,Support Lead,2,Contract,8,91.6,0,2,1,63.8,0.555,79,68,8,77.8,2,0,4.0,11.4,1,0
ORG02302,B,MacBook Pro,34,Female,Finance,Finance Analyst,3,Full-time,101,93.7,3,4,0,72.7,0.488,54,49,3,84.8,2,0,3.0,16.2,3,0
ORG01886,B,Lenovo ThinkPad,21,Male,Sales,Inside Sales Rep,2,Full-time,10,90.3,2,1,2,42.2,0.55,57,37,7,50.6,5,3,2.0,14.1,1,1
ORG01643,D,HP ProBook,33,Female,Customer Support,Support Lead,4,Full-time,89,94.7,0,3,2,98.0,0.933,78,76,10,97.9,0,1,5.0,9.8,1,0
ORG00973,A,MacBook Pro,25,Female,Engineering,Software Engineer,3,Full-time,9,100.0,1,0,0,72.4,0.712,32,29,1,78.3,1,0,4.0,28.0,0,0
ORG06066,B,HP ProBook,21,Male,Marketing,Content Specialist,1,Full-time,93,88.7,4,0,1,75.8,0.682,49,36,8,76.1,1,2,3.0,10.4,2,0
ORG02098,D,MacBook Pro,28,Male,Customer Support,Support Lead,2,Full-time,91,92.1,1,2,1,55.3,0.801,68,50,8,53.0,7,2,4.0,11.4,0,0
ORG05482,A,Dell Latitude,31,Female,Engineering,QA Analyst,3,Full-time,41,98.8,0,0,0,56.9,0.657,39,33,3,71.1,0,0,4.0,14.7,1,0
ORG05778,C,Lenovo ThinkPad,30,Male,Customer Support,Support Associate,1,Full-time,54,94.2,1,3,0,48.0,0.577,101,78,8,73.0,4,1,2.0,7.7,0,1
ORG05667,D,Lenovo ThinkPad,28,Female,Sales,Sales Executive,1,Full-time,85,93.8,1,0,1,86.4,1.0,34,33,0,80.0,0,2,5.0,4.2,0,0
ORG01194,D,Acer TravelMate,21,Male,IT,IT Support,1,Full-time,4,94.2,0,1,1,49.8,0.549,46,32,4,57.2,0,0,1.0,23.3,0,1
ORG00837,C,Dell Latitude,23,Male,Finance,Accounts Executive,1,Full-time,10,95.9,2,1,1,49.9,0.615,42,29,5,66.4,0,0,2.0,24.4,4,0
ORG03472,A,HP ProBook,28,Female,Customer Support,Support Lead,3,Contract,15,99.6,1,1,0,60.5,0.491,105,84,10,77.7,1,0,4.0,14.3,2,0
ORG00602,D,Dell Latitude,28,Female,Finance,Accounts Executive,2,Full-time,64,96.7,0,0,0,97.0,0.7,33,29,2,71.6,0,0,4.0,21.0,2,0
ORG02185,A,Acer TravelMate,26,Male,Customer Support,Support Associate,1,Full-time,75,100.0,2,2,0,71.1,0.762,111,99,12,73.5,2,3,4.0,28.3,2,0
ORG05015,C,Dell Latitude,36,Male,Engineering,Data Scientist,3,Full-time,84,98.1,1,0,0,,0.662,35,30,1,60.1,2,0,4.0,26.9,0,0
ORG05553,D,Lenovo ThinkPad,26,Male,Sales,Sales Executive,2,Full-time,58,97.1,1,0,0,54.4,0.732,68,54,6,56.7,4,0,3.0,10.3,0,0
ORG05418,C,Lenovo ThinkPad,25,Male,IT,IT Support,1,Full-time,65,92.1,2,1,0,25.0,0.25,22,11,2,36.5,1,2,1.0,13.9,0,1
ORG01583,A,HP ProBook,29,Female,Customer Support,Support Lead,3,Full-time,43,93.9,2,1,1,83.6,0.975,99,77,13,85.1,1,0,5.0,9.4,2,0
ORG05368,A,Lenovo ThinkPad,33,Male,Finance,Finance Analyst,2,Full-time,61,88.9,0,3,0,90.6,0.813,43,40,4,74.1,1,0,5.0,12.0,1,0
ORG03998,D,Dell Latitude,33,Male,Customer Support,Support Lead,2,Full-time,73,88.4,2,3,1,38.6,0.394,72,47,9,42.2,3,4,1.0,38.5,0,1
ORG02011,D,Lenovo ThinkPad,30,Male,Engineering,Data Scientist,3,Full-time,59,97.8,1,2,0,71.0,0.858,58,52,3,80.2,0,0,4.0,6.8,0,0
ORG01071,D,Lenovo ThinkPad,29,Male,Marketing,Performance Marketer,2,Contract,16,100.0,0,1,0,91.8,0.93,20,17,1,64.7,2,0,5.0,9.5,0,0
ORG01776,B,Lenovo ThinkPad,29,Female,Customer Support,Support Associate,3,Full-time,64,93.9,0,0,1,69.4,0.456,137,122,11,68.6,3,2,2.0,28.5,1,0
ORG06065,B,Dell Latitude,26,Male,Sales,Inside Sales Rep,2,Full-time,91,95.5,1,4,1,77.9,0.614,76,56,9,71.1,1,0,3.0,26.2,1,1
ORG01284,C,HP ProBook,27,Female,Operations,Ops Lead,4,Full-time,13,93.3,0,1,1,70.1,0.635,98,77,13,67.0,2,0,3.0,22.9,0,0
ORG06092,A,Acer TravelMate,26,Male,Engineering,Data Analyst,3,Full-time,14,92.3,4,1,0,70.4,0.611,51,39,8,75.4,3,0,3.0,9.6,2,1
ORG04602,A,MacBook Pro,25,Female,Marketing,Marketing Executive,1,Full-time,65,94.5,0,2,1,67.8,0.674,32,26,3,82.4,3,0,4.0,2.5,0,0
ORG05996,D,HP ProBook,26,Male,Sales,Inside Sales Rep,2,Full-time,21,96.5,0,1,0,61.7,0.559,47,35,3,54.8,0,0,3.0,22.1,3,0
ORG01837,D,Lenovo ThinkPad,28,Female,Engineering,QA Analyst,2,Full-time,111,91.1,0,4,4,69.0,0.392,53,42,7,62.4,1,0,2.0,13.8,1,1
ORG05339,B,Dell Latitude,31,Female,HR,Talent Acquisition,3,Full-time,36,95.9,1,1,1,55.8,0.744,69,57,11,72.2,0,0,3.0,7.7,0,0
ORG01020,B,Dell Latitude,29,Male,Customer Support,Support Lead,2,Full-time,31,94.3,0,1,0,64.5,0.559,98,73,11,71.6,3,1,3.0,14.8,2,0
ORG00971,D,Dell Latitude,25,Female,Sales,Sales Executive,1,Full-time,31,92.6,4,1,0,61.4,0.727,72,50,8,74.7,0,0,3.0,20.0,0,0
ORG01327,B,Lenovo ThinkPad,25,Male,Sales,Inside Sales Rep,3,Contract,8,89.9,2,4,1,81.8,0.767,55,37,11,,3,1,3.0,3.1,0,0
ORG03723,D,HP ProBook,24,Male,HR,Talent Acquisition,2,Full-time,6,92.2,4,3,0,57.3,0.551,49,32,7,62.8,1,0,2.0,11.3,1,1
ORG00476,B,Dell Latitude,28,Male,Sales,Account Manager,2,Full-time,40,90.2,2,0,2,55.6,0.556,60,44,9,67.2,2,3,3.0,19.9,2,0
ORG02811,C,Acer TravelMate,31,Other,Engineering,Data Analyst,3,Full-time,114,95.4,1,4,0,72.8,0.782,22,19,2,87.2,0,0,5.0,14.0,1,0
ORG04725,C,HP ProBook,32,Female,Engineering,Software Engineer,4,Contract,11,97.5,0,2,0,73.6,0.795,57,49,4,87.2,2,0,4.0,7.3,0,0
ORG01652,A,Dell Latitude,24,Male,Sales,Inside Sales Rep,3,Full-time,10,90.9,0,2,0,79.4,0.692,70,56,8,93.8,0,0,4.0,14.5,1,0
ORG05859,D,Lenovo ThinkPad,29,Female,Customer Support,Support Lead,2,Full-time,84,92.5,2,1,1,73.5,0.651,132,115,16,68.7,2,2,3.0,22.1,2,0
ORG05779,A,Lenovo ThinkPad,32,Male,Finance,Finance Analyst,4,Full-time,48,99.9,2,0,1,70.2,0.91,56,48,4,65.4,2,2,5.0,20.8,2,0
ORG02529,C,Dell Latitude,28,Female,HR,Talent Acquisition,4,Contract,6,95.6,0,1,0,68.0,0.747,50,46,5,72.8,3,0,4.0,40.5,1,0
ORG01207,C,HP ProBook,24,Male,Operations,Ops Associate,1,Full-time,72,95.0,2,1,0,46.2,0.627,94,71,10,68.6,1,0,3.0,8.4,2,1
ORG03915,D,Dell Latitude,26,Female,Sales,Inside Sales Rep,2,Full-time,65,89.6,3,1,0,55.1,0.46,44,30,8,72.6,2,3,3.0,14.7,1,0
ORG04083,C,Lenovo ThinkPad,25,Female,Finance,Finance Analyst,2,Full-time,51,97.9,1,0,2,64.5,0.679,53,43,6,73.2,0,1,3.0,32.2,2,0
ORG01374,D,Dell Latitude,35,Male,HR,HR Executive,3,Full-time,30,92.5,1,5,0,68.4,0.645,67,53,8,54.4,2,4,3.0,9.1,1,1
ORG00740,B,Dell Latitude,32,Female,Customer Support,Support Associate,1,Full-time,115,90.3,5,2,1,,0.656,65,48,9,64.1,5,2,3.0,6.4,1,1
ORG04865,A,HP ProBook,27,Female,Operations,Ops Lead,3,Full-time,52,96.4,1,0,0,52.8,0.456,76,62,1,55.9,2,1,3.0,21.4,2,1
ORG03857,B,MacBook Pro,35,Female,HR,Talent Acquisition,4,Full-time,63,94.8,3,3,0,74.6,0.905,55,46,8,63.0,2,1,4.0,21.7,3,0
ORG00868,B,Dell Latitude,30,Male,Finance,Finance Analyst,2,Contract,9,96.3,1,0,2,62.9,0.607,56,43,6,67.8,3,0,4.0,21.9,3,1
ORG02975,A,Lenovo ThinkPad,24,Female,Customer Support,Support Associate,1,Full-time,102,88.2,4,4,0,60.7,0.69,89,60,16,73.3,1,1,4.0,12.3,1,1
ORG01141,C,Dell Latitude,21,Female,Sales,Inside Sales Rep,1,Full-time,38,94.4,4,3,2,55.4,0.677,71,46,11,66.6,1,1,3.0,28.8,0,0
ORG00998,D,MacBook Pro,34,Male,Engineering,Data Scientist,4,Full-time,30,93.0,2,2,1,,0.88,40,39,2,98.1,1,0,4.0,27.9,2,0
ORG01338,D,Lenovo ThinkPad,28,Male,Operations,Process Analyst,3,Full-time,78,91.7,0,2,0,59.2,0.557,92,66,12,69.3,1,2,3.0,6.6,1,1
ORG00542,B,MacBook Pro,27,Male,Customer Support,Support Lead,2,Full-time,16,98.1,0,0,0,73.5,0.802,123,107,11,68.8,5,2,4.0,9.3,1,1
ORG01100,C,Acer TravelMate,32,Male,Engineering,DevOps Engineer,4,Contract,11,94.6,0,0,0,58.3,0.539,49,38,5,74.5,1,0,3.0,29.4,1,0
ORG01133,C,Dell Latitude,35,Female,Engineering,Data Scientist,5,Full-time,65,94.8,2,3,0,63.5,0.709,34,29,2,65.3,3,1,3.0,27.4,2,0
ORG06120,A,Dell Latitude,27,Male,Engineering,Data Analyst,2,Full-time,72,87.4,4,0,1,54.5,0.698,37,27,4,64.7,1,5,3.0,19.4,3,1
ORG04174,A,MacBook Pro,34,Female,Sales,Inside Sales Rep,3,Full-time,27,97.8,1,1,0,38.5,0.621,74,57,5,47.0,3,2,3.0,19.6,0,0
ORG02259,C,Dell Latitude,35,Female,Engineering,DevOps Engineer,3,Full-time,77,98.9,0,3,0,82.4,0.739,47,38,1,67.5,2,1,4.0,12.3,2,1
ORG05095,D,Lenovo ThinkPad,27,Male,IT,IT Support,3,Full-time,17,95.9,1,1,0,82.6,0.782,42,35,1,83.9,0,0,5.0,15.1,1,0
ORG03391,B,Dell Latitude,29,Female,Engineering,Data Analyst,4,Full-time,41,92.7,1,3,0,85.2,1.0,52,48,7,91.2,2,0,5.0,19.5,1,0
ORG02963,C,Dell Latitude,29,Female,Engineering,QA Analyst,2,Full-time,114,98.6,0,0,0,95.1,0.881,39,37,1,89.2,0,0,5.0,17.8,2,0
ORG00060,D,Lenovo ThinkPad,38,Female,Engineering,Data Analyst,4,Full-time,103,95.2,0,1,0,67.2,0.761,47,36,5,81.9,1,0,5.0,14.0,0,0
ORG03260,C,Lenovo ThinkPad,40,Female,Engineering,Data Scientist,5,Full-time,40,98.9,0,1,0,61.7,0.741,53,41,3,78.7,1,1,4.0,27.6,0,0
ORG02207,D,HP ProBook,30,Female,Finance,Finance Analyst,3,Full-time,24,92.8,1,1,0,98.0,0.662,49,41,5,78.6,0,0,3.0,24.3,1,0
ORG01939,C,HP ProBook,30,Male,Sales,Account Manager,4,Full-time,49,92.5,5,2,1,92.1,0.912,79,69,12,75.2,3,4,4.0,11.0,1,0
ORG04163,C,Lenovo ThinkPad,31,Male,Marketing,Marketing Executive,2,Full-time,79,90.7,2,1,0,72.4,0.661,32,27,4,81.4,1,0,4.0,18.5,1,0
ORG06098,C,HP ProBook,28,Male,Customer Support,Support Associate,1,Full-time,43,97.2,2,3,0,55.9,0.789,98,67,11,60.0,4,1,3.0,8.1,0,0
ORG06235,D,Lenovo ThinkPad,25,Male,Sales,Sales Executive,2,Full-time,34,93.0,1,1,0,65.3,0.607,37,30,4,52.2,2,1,3.0,32.5,4,0
ORG03788,B,Dell Latitude,32,Female,Engineering,DevOps Engineer,3,Full-time,107,94.7,3,0,1,77.1,0.656,49,42,4,80.2,0,0,3.0,8.1,0,0
ORG02814,D,MacBook Pro,31,Male,Engineering,Data Analyst,3,Full-time,42,91.4,1,1,0,72.7,0.595,53,42,4,56.0,1,1,3.0,34.4,1,0
ORG06212,D,HP ProBook,31,Male,Finance,Accounts Executive,3,Full-time,89,93.4,2,6,0,81.5,0.66,43,33,4,68.9,4,0,4.0,10.5,0,1
ORG03817,B,HP ProBook,32,Male,Customer Support,Support Associate,2,Full-time,119,90.6,3,1,0,51.3,0.627,112,65,23,40.7,1,3,2.0,13.7,1,1
ORG01079,D,MacBook Pro,31,Male,Operations,Ops Lead,4,Contract,1,88.0,4,3,0,63.3,0.705,53,37,7,84.3,0,0,4.0,40.6,2,0
ORG04763,D,HP ProBook,22,Other,Marketing,Marketing Executive,2,Contract,13,97.9,1,1,0,77.9,0.734,52,45,4,66.8,2,1,4.0,16.0,0,0
ORG05794,D,Lenovo ThinkPad,29,Female,Engineering,QA Analyst,2,Full-time,32,90.6,1,1,0,76.8,0.783,41,34,4,83.1,0,0,4.0,4.4,2,0
ORG03587,D,HP ProBook,21,Female,Sales,Inside Sales Rep,1,Contract,16,94.4,4,3,1,61.1,0.633,60,51,4,68.2,2,0,3.0,3.3,1,0
ORG05721,A,HP ProBook,31,Male,Finance,Finance Analyst,2,Full-time,112,94.2,0,1,0,65.5,0.825,50,41,3,74.4,1,0,4.0,17.7,0,0
ORG05902,D,MacBook Pro,28,Male,Engineering,QA Analyst,4,Full-time,41,87.6,2,3,0,96.8,,44,34,7,77.1,2,0,4.0,12.7,1,0
ORG05366,D,Acer TravelMate,30,Male,IT,IT Support,3,Full-time,70,95.7,1,1,0,78.6,0.685,29,23,2,69.6,3,0,3.0,13.2,1,0
ORG02631,D,Dell Latitude,46,Male,Engineering,DevOps Engineer,5,Full-time,116,100.0,1,2,0,95.1,0.737,61,50,5,76.9,5,0,4.0,11.8,3,0
ORG05051,D,MacBook Pro,21,Male,Sales,Inside Sales Rep,1,Full-time,4,90.5,0,3,0,56.3,0.585,36,23,5,50.4,6,1,1.0,4.3,0,1
ORG03934,B,Lenovo ThinkPad,25,Male,Engineering,Software Engineer,2,Full-time,34,98.0,0,1,0,98.0,0.914,50,49,3,88.7,2,0,5.0,39.9,3,0
ORG03802,C,HP ProBook,25,Female,Engineering,Software Engineer,2,Contract,9,99.3,1,1,1,49.2,0.509,35,31,3,70.7,1,0,2.0,11.3,1,0
ORG00941,B,Lenovo ThinkPad,24,Male,Sales,Sales Executive,1,Contract,9,95.9,1,0,2,74.5,0.674,56,41,4,77.2,1,0,3.0,12.7,0,0
ORG01081,C,HP ProBook,28,Female,Sales,Sales Executive,1,Full-time,100,95.9,1,1,0,59.3,0.849,60,54,4,76.2,0,1,5.0,15.8,0,0
ORG00188,D,HP ProBook,28,Male,Engineering,QA Analyst,3,Full-time,49,94.6,0,2,0,67.4,0.571,34,26,3,67.7,1,1,4.0,7.6,0,0
ORG01796,B,Dell Latitude,22,Female,Sales,Sales Executive,1,Contract,1,95.2,2,0,0,58.1,0.542,45,34,5,74.1,0,0,3.0,7.9,1,0
ORG04916,B,Dell Latitude,25,Female,HR,HR Executive,2,Full-time,20,91.3,0,4,0,53.2,0.664,41,31,5,70.7,1,0,3.0,5.2,2,1
ORG02086,A,MacBook Pro,24,Female,Sales,Sales Executive,1,Full-time,64,96.6,0,2,0,79.5,0.769,58,51,5,82.3,1,0,3.0,17.6,1,0
ORG02250,C,Lenovo ThinkPad,24,Male,Sales,Sales Executive,1,Full-time,24,100.0,0,0,0,66.2,0.614,36,34,0,72.0,4,1,3.0,11.0,1,0
ORG02453,B,MacBook Pro,30,Male,Operations,Process Analyst,4,Contract,16,94.7,2,0,0,91.3,0.772,66,58,6,83.0,1,0,4.0,22.9,0,0
ORG06176,B,MacBook Pro,23,Female,IT,IT Support,1,Full-time,49,95.7,2,0,0,53.1,0.686,16,12,0,62.8,1,1,4.0,25.7,0,0
ORG02024,C,Lenovo ThinkPad,27,Female,Sales,Account Manager,3,Full-time,100,92.3,5,5,1,80.8,0.852,63,55,8,88.8,1,0,3.0,23.3,1,0
ORG05517,A,Lenovo ThinkPad,31,Female,Engineering,Data Analyst,4,Full-time,15,96.4,1,3,2,69.6,0.771,24,17,1,60.9,1,0,3.0,16.2,1,0
ORG01493,B,Dell Latitude,29,Female,Operations,Ops Associate,2,Full-time,115,91.9,3,1,0,93.9,0.718,108,88,12,80.1,2,0,4.0,22.6,1,0
ORG04837,B,Acer TravelMate,26,Male,Engineering,Data Analyst,2,Full-time,56,96.7,0,3,0,59.0,0.796,39,28,3,67.7,0,0,3.0,17.9,1,0
ORG04504,B,HP ProBook,25,Female,Customer Support,Support Lead,3,Contract,2,90.4,2,1,0,78.3,0.703,67,58,8,70.2,1,1,4.0,8.9,2,0
ORG00227,C,Dell Latitude,28,Female,Engineering,Software Engineer,3,Full-time,42,99.1,1,0,0,86.7,0.858,53,49,4,87.9,1,0,4.0,14.6,1,0
ORG01014,C,HP ProBook,27,Male,IT,System Admin,2,Full-time,63,98.6,1,1,0,67.0,0.646,38,27,4,55.6,4,1,3.0,7.6,0,0
ORG02584,C,HP ProBook,25,Female,Engineering,Data Analyst,2,Full-time,14,94.6,2,2,0,,0.527,45,29,6,58.5,1,3,2.0,19.6,2,0
ORG01930,B,Dell Latitude,29,Female,Customer Support,Support Lead,2,Full-time,76,96.7,0,2,0,41.0,0.6,138,99,14,59.3,2,1,2.0,13.9,1,1
ORG05432,C,Dell Latitude,36,Male,Customer Support,Support Associate,3,Full-time,85,97.6,1,1,0,87.6,0.972,115,101,11,76.5,3,0,5.0,12.9,0,0
ORG05662,C,Dell Latitude,42,Male,Engineering,Software Engineer,5,Full-time,41,94.0,3,0,1,48.6,0.551,43,33,3,68.8,2,1,3.0,11.4,3,0
ORG01405,C,Lenovo ThinkPad,30,Male,Engineering,QA Analyst,3,Full-time,115,92.8,2,1,0,80.5,0.634,43,33,4,67.4,1,1,2.0,7.8,0,0
ORG03981,B,Dell Latitude,30,Female,Engineering,Data Analyst,2,Full-time,44,87.3,1,2,0,51.8,0.853,39,25,5,43.0,2,1,3.0,11.2,1,1
ORG02180,A,Dell Latitude,30,Male,IT,IT Support,3,Full-time,109,91.9,1,1,0,69.2,0.682,44,32,4,64.5,1,0,4.0,35.0,2,0
ORG00698,C,HP ProBook,22,Male,Operations,Process Analyst,2,Contract,13,95.7,3,1,0,95.4,1.0,64,62,1,87.9,1,0,5.0,14.5,2,0
ORG01125,A,Dell Latitude,21,Male,Customer Support,Support Associate,1,Full-time,52,96.9,2,1,0,67.8,0.468,67,51,5,54.5,4,2,2.0,15.0,1,0
ORG03283,B,Lenovo ThinkPad,32,Female,Sales,Account Manager,2,Full-time,38,100.0,0,0,1,47.2,0.64,49,39,2,,2,2,4.0,16.4,0,0
ORG01094,C,Lenovo ThinkPad,25,Male,Sales,Account Manager,2,Full-time,50,95.1,1,1,2,62.2,0.706,43,29,3,71.0,2,0,3.0,7.9,0,0
ORG05355,B,Lenovo ThinkPad,27,Male,Marketing,Content Specialist,2,Full-time,65,95.0,4,1,0,64.9,0.754,57,45,6,71.1,1,1,4.0,45.5,1,0
ORG01779,D,MacBook Pro,24,Female,Sales,Account Manager,3,Full-time,14,95.8,1,1,1,86.4,0.868,43,36,4,85.7,0,1,4.0,8.7,0,0
ORG02635,A,Dell Latitude,33,Female,Customer Support,Support Lead,2,Full-time,21,92.3,0,3,0,72.4,0.683,133,96,25,75.2,1,4,2.0,12.6,1,1
ORG03092,D,HP ProBook,30,Male,Marketing,Content Specialist,3,Full-time,51,97.2,1,2,0,68.5,0.56,39,32,5,71.5,1,1,4.0,12.1,2,0
ORG05373,D,HP ProBook,30,Male,Engineering,Software Engineer,2,Full-time,111,96.8,1,1,0,74.4,0.862,54,42,4,78.3,2,0,4.0,9.5,0,0
ORG04739,B,MacBook Pro,34,Female,Engineering,DevOps Engineer,5,Full-time,7,95.0,4,1,2,49.3,0.726,60,45,7,53.1,4,3,2.0,26.2,0,0
ORG03490,D,Lenovo ThinkPad,30,Female,Customer Support,Support Lead,3,Full-time,87,97.6,0,1,1,67.5,0.767,140,131,11,74.2,3,3,5.0,6.6,3,0
ORG01657,D,Acer TravelMate,30,Male,Sales,Account Manager,3,Full-time,82,91.7,1,3,0,46.9,0.723,65,47,8,62.7,6,1,3.0,33.5,1,1
ORG01038,A,Dell Latitude,23,Male,Customer Support,Support Associate,1,Full-time,82,97.4,2,1,0,89.2,0.92,71,61,4,87.9,0,1,5.0,14.0,0,0
ORG05293,C,HP ProBook,26,Female,Marketing,Content Specialist,2,Full-time,36,98.6,0,2,0,98.0,0.99,51,49,2,84.7,1,0,5.0,6.0,1,0
ORG02257,D,Lenovo ThinkPad,30,Female,Marketing,Performance Marketer,2,Full-time,3,91.9,2,2,1,62.9,0.679,47,33,7,51.7,4,2,3.0,4.7,1,0
ORG04205,C,Lenovo ThinkPad,33,Male,Finance,Finance Analyst,3,Full-time,60,98.4,0,0,0,80.1,0.737,51,49,5,78.3,1,0,3.0,11.9,1,0
ORG04756,B,MacBook Pro,26,Male,Customer Support,Support Lead,2,Full-time,52,96.2,0,2,0,47.1,0.853,134,101,14,63.8,2,1,3.0,14.6,1,1
ORG00314,A,Lenovo ThinkPad,31,Female,Sales,Inside Sales Rep,2,Full-time,77,95.1,1,2,1,72.1,0.538,43,39,5,77.2,1,1,4.0,12.8,0,0
ORG02650,A,Acer TravelMate,27,Male,HR,HR Executive,2,Full-time,6,99.5,2,1,0,55.3,0.55,63,52,7,71.0,3,0,2.0,35.8,2,0
ORG02282,D,Acer TravelMate,28,Male,Engineering,Software Engineer,2,Full-time,63,97.6,1,0,0,76.5,0.71,33,27,3,80.0,0,0,5.0,5.7,1,0
ORG04105,C,HP ProBook,23,Female,Marketing,Marketing Executive,2,Full-time,86,97.3,1,0,0,61.9,0.746,33,26,3,91.6,2,0,4.0,19.5,2,0
ORG04509,D,HP ProBook,23,Male,Finance,Accounts Executive,1,Full-time,95,96.5,2,2,0,67.4,0.638,25,21,2,76.3,1,0,4.0,68.5,3,0
ORG02548,A,Dell Latitude,34,Female,Engineering,Data Scientist,5,Full-time,92,94.4,2,1,2,90.6,0.904,41,39,6,83.7,3,1,5.0,34.6,1,0
ORG01417,C,Lenovo ThinkPad,30,Male,Customer Support,Support Lead,4,Full-time,27,98.7,1,0,0,82.8,0.801,132,110,10,92.2,0,0,5.0,17.5,2,0
ORG01037,C,Dell Latitude,21,Male,Sales,Sales Executive,1,Contract,3,91.1,5,4,1,72.6,0.684,34,22,5,67.3,4,1,1.0,28.4,0,1
ORG02160,B,Lenovo ThinkPad,33,Male,Engineering,Software Engineer,4,Full-time,100,95.2,1,0,0,79.1,0.714,59,48,5,76.0,1,0,4.0,39.5,0,0
ORG02985,A,Acer TravelMate,35,Female,Engineering,Data Analyst,4,Full-time,83,100.0,0,0,0,75.4,0.823,36,30,0,69.9,1,1,5.0,20.2,2,0
ORG03138,D,Dell Latitude,34,Male,Engineering,DevOps Engineer,3,Full-time,115,96.2,3,0,0,85.3,0.69,25,20,2,74.7,3,1,3.0,16.8,2,0
ORG05244,C,HP ProBook,32,Male,Sales,Account Manager,4,Full-time,108,99.4,0,0,0,59.7,0.441,50,40,3,65.5,2,0,3.0,13.5,0,0
ORG01755,C,Dell Latitude,31,Female,Sales,Account Manager,3,Full-time,43,94.2,0,3,0,67.3,0.677,59,44,3,68.1,1,0,2.0,14.2,2,0
ORG04482,A,MacBook Pro,26,Male,Operations,Ops Associate,2,Full-time,66,96.3,0,1,0,39.8,0.543,51,42,2,75.2,1,0,4.0,13.3,0,0
ORG04251,C,Dell Latitude,34,Male,Sales,Inside Sales Rep,3,Full-time,82,96.2,1,1,0,74.8,0.778,56,48,3,73.5,2,0,5.0,6.4,1,0
ORG01429,A,Dell Latitude,32,Male,Finance,Finance Analyst,2,Full-time,53,93.8,1,1,0,54.6,0.773,56,47,5,68.3,1,1,3.0,24.4,1,0
ORG04049,D,HP ProBook,25,Male,Sales,Inside Sales Rep,1,Full-time,62,96.1,0,1,0,46.8,0.627,70,55,1,67.3,0,2,2.0,19.9,1,0
ORG02521,D,HP ProBook,34,Female,Engineering,Data Analyst,3,Full-time,50,96.9,0,0,2,84.7,0.66,53,45,5,65.8,1,2,4.0,14.5,0,0
ORG06021,A,HP ProBook,25,Female,IT,IT Support,1,Full-time,61,94.1,1,2,1,56.7,0.56,41,28,4,65.6,2,1,3.0,2.4,0,0
ORG00874,A,HP ProBook,25,Male,Sales,Account Manager,2,Contract,17,94.3,0,0,0,41.7,0.633,53,39,4,56.6,1,0,4.0,24.9,2,1
ORG05333,C,Lenovo ThinkPad,25,Female,Sales,Inside Sales Rep,2,Full-time,12,95.5,4,0,2,64.2,0.553,60,45,8,72.5,0,1,3.0,19.4,0,0
ORG04717,A,Dell Latitude,25,Male,Sales,Account Manager,2,Contract,14,93.2,3,2,1,55.0,0.468,51,35,4,54.0,1,0,3.0,15.0,2,0
ORG01507,C,Dell Latitude,29,Male,Finance,Finance Analyst,2,Full-time,98,98.8,1,0,0,60.4,0.671,40,34,2,61.3,3,0,4.0,11.0,0,0
ORG06155,D,Dell Latitude,25,Female,Customer Support,Support Lead,2,Full-time,11,98.0,0,1,0,78.3,0.807,90,82,6,75.1,1,0,3.0,37.5,3,0
ORG01924,B,Acer TravelMate,31,Male,Sales,Account Manager,2,Full-time,35,94.6,2,1,0,42.8,0.588,73,54,11,68.6,0,1,1.0,19.4,1,0
ORG00449,A,Lenovo ThinkPad,35,Male,Engineering,Data Analyst,3,Contract,17,91.9,4,2,1,31.3,0.684,39,26,4,53.7,1,1,3.0,9.0,1,1
ORG03860,C,HP ProBook,30,Female,Engineering,Software Engineer,3,Full-time,64,94.2,1,0,0,78.7,0.569,53,47,5,79.0,0,0,4.0,14.7,0,0
ORG03990,A,Acer TravelMate,32,Female,IT,System Admin,3,Full-time,118,93.5,2,2,1,76.1,0.61,43,37,3,59.4,3,0,3.0,19.8,1,0
ORG05895,A,MacBook Pro,36,Female,Engineering,Data Scientist,3,Full-time,82,88.4,6,1,1,75.5,0.525,28,18,6,52.8,1,2,2.0,54.1,3,0
ORG04055,B,Dell Latitude,32,Female,HR,Talent Acquisition,2,Full-time,15,93.9,2,1,0,39.8,0.563,43,32,5,68.8,2,0,4.0,15.3,1,0
ORG03656,D,Lenovo ThinkPad,32,Male,Engineering,QA Analyst,2,Full-time,92,96.3,0,0,0,70.7,0.757,27,21,1,79.8,2,0,4.0,9.8,2,0
ORG03728,C,Lenovo ThinkPad,31,Male,Sales,Inside Sales Rep,1,Full-time,70,97.4,2,1,3,55.6,0.538,48,37,5,51.6,2,2,2.0,18.5,0,0
ORG03258,C,HP ProBook,32,Male,Sales,Account Manager,3,Contract,7,89.6,1,2,0,68.1,0.771,70,55,11,69.7,4,1,2.0,17.5,3,0
ORG00362,D,Dell Latitude,36,Female,Engineering,Software Engineer,5,Full-time,18,86.1,0,0,0,61.2,0.751,67,45,9,70.6,3,0,3.0,16.2,1,0
ORG02184,C,Lenovo ThinkPad,33,Male,Engineering,DevOps Engineer,5,Contract,2,89.7,6,2,0,64.4,0.761,55,46,10,86.7,0,0,3.0,17.2,0,0
ORG01135,C,HP ProBook,29,Female,IT,IT Support,3,Full-time,97,90.3,3,0,1,91.3,0.831,28,25,2,89.9,1,0,4.0,9.9,0,0
ORG05082,D,Dell Latitude,22,Female,Operations,Ops Lead,3,Full-time,3,92.1,1,1,0,44.8,0.423,55,33,6,48.1,5,1,1.0,16.7,3,1
ORG03200,C,HP ProBook,23,Male,Marketing,Marketing Executive,1,Full-time,63,90.3,5,0,1,76.4,0.842,63,43,8,64.1,2,1,3.0,23.1,2,0
ORG05026,C,Lenovo ThinkPad,28,Female,Operations,Process Analyst,3,Full-time,45,96.0,0,3,0,96.2,1.0,90,84,8,95.1,0,0,5.0,11.6,0,0
ORG03439,D,HP ProBook,30,Female,Engineering,Software Engineer,3,Full-time,17,94.2,0,2,0,56.0,0.653,41,27,4,,2,0,3.0,20.4,2,0
ORG02156,C,Lenovo ThinkPad,27,Male,HR,Talent Acquisition,2,Full-time,91,95.5,0,1,0,39.0,0.723,50,36,4,41.5,5,1,3.0,27.1,0,1
ORG01831,C,Lenovo ThinkPad,27,Male,Customer Support,Support Associate,2,Full-time,10,92.1,2,0,0,61.7,0.65,67,56,6,78.5,1,0,3.0,8.0,1,0
ORG01054,A,Lenovo ThinkPad,27,Female,Engineering,DevOps Engineer,4,Full-time,33,88.7,0,2,0,98.0,0.75,55,47,5,79.1,3,0,4.0,12.1,2,0
ORG02461,C,HP ProBook,35,Female,Marketing,Performance Marketer,4,Full-time,78,99.5,0,1,0,72.7,0.961,34,29,3,88.7,0,0,4.0,21.5,1,0
ORG00023,D,Lenovo ThinkPad,26,Male,IT,IT Support,2,Full-time,90,94.9,3,2,0,55.1,0.724,24,19,2,61.3,4,1,3.0,9.5,0,0
ORG02067,B,Dell Latitude,31,Female,Customer Support,Support Lead,4,Full-time,4,96.6,0,3,1,72.7,0.882,98,86,10,72.6,0,1,,21.5,4,0
ORG01654,D,HP ProBook,27,Female,Engineering,Data Scientist,3,Full-time,27,92.9,1,0,1,54.5,0.525,24,18,2,63.2,1,1,2.0,14.0,1,0
ORG04087,C,Dell Latitude,31,Female,Customer Support,Support Associate,3,Full-time,14,86.3,2,2,0,57.8,0.543,83,56,16,71.2,1,1,2.0,23.7,1,0
ORG04553,B,HP ProBook,33,Female,Engineering,Data Scientist,5,Full-time,22,95.4,2,4,0,73.5,0.714,47,38,4,76.1,1,3,3.0,20.8,3,0
ORG02744,B,Lenovo ThinkPad,22,Female,Finance,Accounts Executive,2,Full-time,48,92.0,2,0,0,72.0,0.647,43,33,4,71.9,3,1,3.0,11.0,0,1
ORG01377,B,Dell Latitude,21,Male,Operations,Ops Associate,1,Full-time,30,97.0,0,0,0,60.3,0.67,107,86,11,61.4,3,0,4.0,4.7,3,0
ORG06010,A,HP ProBook,25,Female,HR,HR Executive,1,Full-time,21,89.5,3,3,2,48.3,0.75,38,26,5,70.5,1,0,4.0,3.9,1,0
ORG02469,D,HP ProBook,26,Female,Operations,Ops Lead,2,Contract,1,93.4,1,1,1,78.4,0.771,81,66,11,82.9,1,0,3.0,3.2,0,0
ORG03755,C,Lenovo ThinkPad,26,Male,Customer Support,Support Lead,2,Contract,4,96.7,0,1,0,64.4,,126,106,13,72.1,2,1,4.0,3.6,3,0
ORG02326,C,Acer TravelMate,32,Male,IT,IT Support,3,Full-time,68,97.1,2,1,0,87.0,0.802,24,22,0,71.5,0,0,5.0,8.2,1,0
ORG00461,B,Dell Latitude,33,Female,Operations,Process Analyst,4,Full-time,59,92.1,3,2,0,67.2,0.634,97,77,14,76.3,0,2,4.0,9.1,0,0
ORG01068,C,Dell Latitude,37,Male,Operations,Process Analyst,4,Full-time,73,99.4,1,0,0,46.7,0.584,74,61,7,61.7,4,0,2.0,21.2,3,0
ORG00088,A,Lenovo ThinkPad,29,Male,Customer Support,Support Associate,2,Full-time,44,92.3,3,0,0,76.1,0.709,74,60,9,74.0,0,1,5.0,7.7,0,0
ORG01431,A,Dell Latitude,29,Male,Marketing,Marketing Executive,3,Full-time,68,100.0,0,0,0,67.1,0.601,34,28,2,67.0,2,1,3.0,20.7,2,0
ORG01487,B,Lenovo ThinkPad,30,Other,IT,IT Support,2,Full-time,92,97.1,1,0,0,71.1,0.781,51,43,4,82.8,1,0,4.0,11.4,2,0
ORG03679,B,Dell Latitude,27,Male,Sales,Account Manager,2,Full-time,75,97.3,2,0,0,62.1,0.78,57,48,3,65.4,4,3,3.0,17.8,1,0
ORG04641,D,Lenovo ThinkPad,30,Male,Engineering,DevOps Engineer,4,Full-time,74,92.2,3,1,0,92.2,1.0,62,56,8,90.6,1,0,5.0,19.7,4,0
ORG00283,C,HP ProBook,30,Female,Sales,Sales Executive,3,Full-time,52,99.1,0,0,0,51.0,0.326,39,29,1,50.3,3,1,2.0,20.5,2,0
ORG02484,D,HP ProBook,27,Male,Sales,Inside Sales Rep,2,Full-time,91,95.1,7,0,1,50.3,0.805,35,30,0,64.6,1,2,4.0,33.5,0,0
ORG00463,D,MacBook Pro,30,Male,IT,IT Support,2,Full-time,108,97.1,0,1,0,61.9,0.779,65,55,3,72.2,1,0,3.0,37.5,3,0
ORG00213,C,Acer TravelMate,34,Male,Engineering,DevOps Engineer,4,Full-time,72,93.9,3,0,2,56.2,0.672,64,51,7,91.4,1,0,2.0,15.6,1,0
ORG02589,A,Lenovo ThinkPad,26,Female,Customer Support,Support Associate,2,Full-time,42,91.4,1,1,0,64.0,0.647,117,78,19,69.3,0,1,2.0,18.2,2,0
ORG03947,A,Dell Latitude,37,Female,Engineering,DevOps Engineer,5,Full-time,93,94.4,3,3,0,72.8,0.585,28,19,3,64.5,1,1,3.0,45.8,0,0
ORG03538,A,HP ProBook,30,Female,Operations,Process Analyst,3,Full-time,21,92.8,3,2,0,46.7,0.795,54,37,8,71.7,2,0,2.0,18.9,1,0
ORG03853,B,Dell Latitude,28,Male,Sales,Inside Sales Rep,2,Full-time,55,88.3,5,2,1,78.4,0.784,65,54,9,93.5,1,1,5.0,16.3,1,0
ORG05330,C,Lenovo ThinkPad,37,Male,Sales,Inside Sales Rep,3,Full-time,74,90.9,3,2,0,92.8,0.958,46,41,5,79.4,1,0,5.0,20.1,1,0
ORG02908,B,Dell Latitude,31,Female,Engineering,Software Engineer,2,Full-time,78,94.9,1,4,0,72.4,0.768,53,41,4,62.0,4,3,3.0,17.5,0,0
ORG02582,A,Dell Latitude,32,Female,HR,HR Executive,2,Full-time,103,95.9,1,0,1,61.3,0.61,38,33,1,68.7,3,1,4.0,21.7,1,0
ORG01369,D,HP ProBook,30,Female,Engineering,QA Analyst,4,Full-time,109,98.3,1,1,0,91.3,0.947,61,54,5,81.7,0,0,5.0,12.7,2,0
ORG00235,B,Dell Latitude,35,Female,Marketing,Performance Marketer,3,Full-time,86,96.5,2,0,0,64.0,0.727,26,23,1,84.1,3,0,5.0,23.9,3,0
ORG04218,C,HP ProBook,40,Male,Engineering,Data Analyst,4,Full-time,119,100.0,0,0,0,55.3,0.8,50,42,0,73.7,3,0,5.0,26.0,1,0
ORG00598,D,Lenovo ThinkPad,23,Male,Operations,Ops Lead,2,Full-time,33,95.4,0,0,2,47.8,0.629,79,63,6,54.5,2,0,3.0,45.4,1,1
ORG05572,D,Acer TravelMate,24,Male,Engineering,QA Analyst,2,Full-time,39,92.6,2,3,1,76.5,0.791,27,20,2,77.3,1,0,4.0,5.3,1,0
ORG02251,D,Dell Latitude,22,Male,Customer Support,Support Associate,1,Full-time,39,91.8,3,0,1,48.2,0.604,88,62,11,53.8,2,2,3.0,23.0,2,0
ORG05452,A,Dell Latitude,21,Male,Operations,Ops Associate,1,Full-time,23,90.5,1,2,0,45.9,0.305,105,73,15,44.6,3,1,1.0,7.1,0,1
ORG02284,C,Dell Latitude,30,Female,Finance,Finance Analyst,3,Full-time,18,98.2,1,1,0,75.5,0.649,66,55,5,77.7,0,0,3.0,9.3,1,0
ORG00663,A,Dell Latitude,21,Male,Engineering,Data Analyst,2,Contract,8,95.5,2,0,0,64.7,0.372,43,33,4,62.3,2,0,2.0,13.9,1,0
ORG03525,B,Lenovo ThinkPad,41,Male,Customer Support,Support Lead,4,Full-time,106,93.7,0,5,0,,0.698,137,99,21,53.9,1,1,3.0,17.5,1,0
ORG02286,B,Dell Latitude,30,Male,Engineering,DevOps Engineer,3,Full-time,29,93.8,3,0,0,63.2,0.712,47,33,6,72.1,3,0,4.0,43.2,4,0
ORG03432,B,HP ProBook,28,Male,Customer Support,Support Lead,2,Full-time,73,89.6,1,3,1,,0.196,102,46,22,40.2,1,4,1.0,15.3,0,1
ORG05949,C,MacBook Pro,32,Male,Sales,Sales Executive,2,Full-time,48,90.9,5,3,2,61.9,0.903,59,42,8,71.4,5,1,3.0,23.1,2,1
ORG04542,A,Lenovo ThinkPad,33,Male,Engineering,Software Engineer,4,Full-time,51,97.2,2,0,1,45.7,0.505,25,19,1,47.6,3,0,2.0,22.9,1,0
ORG05730,B,Dell Latitude,28,Male,Sales,Inside Sales Rep,2,Full-time,23,93.6,0,1,0,33.2,0.427,60,42,6,59.5,4,2,2.0,13.0,1,1
ORG04102,D,Lenovo ThinkPad,34,Female,Operations,Process Analyst,3,Full-time,67,89.8,2,1,0,77.9,0.964,65,54,9,77.9,2,0,5.0,13.3,1,0
ORG06051,C,HP ProBook,32,Male,Customer Support,Support Associate,3,Full-time,38,100.0,2,0,1,78.5,0.63,134,104,17,62.0,4,1,4.0,13.9,0,0
ORG03469,A,MacBook Pro,30,Female,Sales,Sales Executive,3,Contract,7,93.7,1,0,0,69.3,0.646,71,61,7,69.7,1,1,3.0,32.1,2,0
ORG03952,B,Dell Latitude,34,Female,IT,IT Support,2,Full-time,59,95.8,0,3,1,75.7,0.789,28,22,2,75.4,0,0,3.0,9.5,0,0
ORG03602,A,HP ProBook,29,Male,Engineering,Data Analyst,3,Full-time,7,89.4,1,0,0,71.5,0.644,28,21,4,77.4,1,0,4.0,11.1,0,0
ORG02991,B,Lenovo ThinkPad,30,Male,Finance,Accounts Executive,3,Full-time,107,97.8,1,0,0,79.9,0.85,73,71,2,88.4,0,0,5.0,8.3,1,0
ORG03861,B,Dell Latitude,28,Female,Customer Support,Support Lead,3,Full-time,85,93.4,1,0,0,93.7,0.966,112,102,14,84.6,0,2,5.0,24.0,0,0
ORG00780,B,Dell Latitude,25,Female,HR,Talent Acquisition,2,Full-time,37,90.3,2,2,0,68.4,0.787,52,39,6,74.5,1,1,3.0,7.9,1,0
ORG02545,C,Dell Latitude,25,Female,Customer Support,Support Associate,1,Full-time,99,92.0,4,1,5,71.5,0.84,113,95,22,77.6,1,1,4.0,8.5,0,1
ORG04680,D,Dell Latitude,23,Male,Marketing,Marketing Executive,1,Full-time,6,91.6,0,1,1,66.4,0.723,39,30,3,62.2,0,0,4.0,44.1,0,0
ORG04540,A,Dell Latitude,29,Female,Sales,Inside Sales Rep,2,Full-time,98,95.4,2,0,0,57.1,0.629,44,36,3,77.5,3,2,4.0,23.1,0,0
ORG05270,C,Dell Latitude,26,Male,Customer Support,Support Associate,2,Contract,2,92.3,2,5,2,75.7,1.0,78,63,7,87.4,5,0,4.0,5.4,1,0
ORG04611,D,HP ProBook,34,Male,Marketing,Performance Marketer,4,Contract,4,98.0,0,0,0,49.7,0.701,48,38,1,55.5,3,0,4.0,32.9,2,0
ORG04546,D,Dell Latitude,36,Female,Sales,Account Manager,4,Full-time,55,,2,1,0,52.7,0.648,53,40,5,67.7,2,1,3.0,49.7,0,0
ORG05194,A,Lenovo ThinkPad,35,Other,Operations,Ops Lead,4,Full-time,73,96.8,1,1,0,68.9,0.622,80,64,8,63.0,2,2,2.0,11.6,1,0
ORG06100,B,Dell Latitude,31,Male,Engineering,Data Analyst,3,Full-time,40,88.0,4,2,0,84.0,0.743,48,33,7,81.9,1,1,4.0,16.0,2,0
ORG00686,D,HP ProBook,25,Female,Sales,Inside Sales Rep,2,Full-time,79,93.4,2,1,0,53.9,0.533,66,53,5,58.8,4,5,3.0,26.4,0,1
ORG04013,B,HP ProBook,34,Female,Marketing,Performance Marketer,2,Full-time,60,97.7,1,0,1,57.3,0.411,49,44,4,63.0,0,0,5.0,15.6,0,0
ORG03940,D,Lenovo ThinkPad,34,Female,Engineering,DevOps Engineer,4,Full-time,109,92.4,4,0,0,46.8,0.658,32,22,5,51.8,1,1,3.0,37.8,1,0
ORG03244,B,Acer TravelMate,21,Female,Sales,Sales Executive,1,Full-time,36,96.7,0,0,0,43.2,0.498,49,38,0,49.9,3,0,3.0,2.8,2,1
ORG01749,B,Dell Latitude,29,Male,Customer Support,Support Lead,3,Full-time,11,94.1,3,2,1,44.1,0.554,94,64,12,50.9,6,3,3.0,24.2,0,1
ORG02004,D,HP ProBook,23,Female,Operations,Ops Associate,1,Full-time,108,90.1,4,3,3,62.8,0.589,63,43,10,82.1,0,1,2.0,15.6,0,1
ORG04877,C,Dell Latitude,28,Female,Sales,Inside Sales Rep,3,Contract,14,96.6,1,1,0,68.4,0.559,51,39,8,71.6,2,0,2.0,12.8,4,0
ORG02838,A,Lenovo ThinkPad,22,Female,Sales,Sales Executive,1,Contract,3,93.8,3,3,0,78.1,0.819,50,35,5,55.5,1,0,3.0,42.8,0,0
ORG03698,C,Dell Latitude,25,Male,Engineering,QA Analyst,3,Full-time,44,93.1,0,4,1,62.8,0.558,37,27,4,61.6,2,1,3.0,10.0,2,1
ORG03033,B,Lenovo ThinkPad,31,Female,Sales,Account Manager,4,Full-time,30,100.0,0,1,0,78.3,0.764,47,43,3,82.0,0,0,4.0,13.2,0,0
ORG02172,B,Acer TravelMate,31,Male,Sales,Account Manager,2,Full-time,9,93.3,2,1,0,43.7,0.572,46,33,4,62.0,4,3,3.0,18.3,0,1
ORG04141,A,Dell Latitude,28,Female,Sales,Inside Sales Rep,3,Full-time,4,89.1,2,3,1,58.8,0.713,64,47,8,71.6,1,1,4.0,23.2,1,0
ORG01851,A,Lenovo ThinkPad,29,Male,Sales,Sales Executive,2,Full-time,105,97.8,0,1,0,43.8,0.399,36,24,2,43.6,2,2,2.0,31.9,3,1
ORG00488,D,Dell Latitude,24,Female,Sales,Inside Sales Rep,1,Full-time,29,93.9,0,2,1,40.9,0.509,67,51,9,45.0,1,0,3.0,15.8,1,0
ORG01689,D,Acer TravelMate,24,Female,Operations,Process Analyst,2,Full-time,21,90.2,1,6,1,60.1,0.606,48,31,8,56.1,1,1,3.0,17.3,1,0
ORG02231,C,HP ProBook,32,Female,Sales,Inside Sales Rep,2,Full-time,87,98.0,1,1,0,92.9,0.952,37,33,3,87.0,0,1,5.0,33.6,4,0
ORG03474,B,HP ProBook,21,Male,Customer Support,Support Lead,2,Contract,13,94.7,1,3,1,50.6,0.726,68,56,8,62.5,1,2,2.0,10.6,1,0
ORG04596,D,MacBook Pro,34,Male,IT,System Admin,3,Full-time,89,96.7,0,0,0,54.2,0.702,52,44,2,76.2,1,0,4.0,15.1,0,0
ORG02321,A,MacBook Pro,32,Male,Engineering,DevOps Engineer,4,Full-time,28,94.6,0,3,1,89.9,0.831,24,20,2,64.0,1,1,3.0,18.8,1,0
ORG00783,C,Lenovo ThinkPad,28,Male,Customer Support,Support Lead,2,Full-time,32,96.5,1,2,0,52.6,0.796,90,72,9,62.3,4,0,2.0,16.7,0,1
ORG00522,A,Dell Latitude,25,Female,Sales,Inside Sales Rep,1,Contract,12,91.0,3,4,1,56.0,0.709,58,41,9,68.0,0,2,2.0,13.7,1,0
ORG00523,A,Dell Latitude,38,Male,Engineering,Data Analyst,3,Full-time,103,100.0,0,1,1,54.4,0.671,32,25,1,69.7,4,0,3.0,63.6,3,0
ORG04271,D,Acer TravelMate,31,Male,IT,System Admin,2,Full-time,115,97.4,1,1,0,80.5,1.0,47,44,3,69.6,3,0,5.0,9.8,0,0
ORG02940,B,Dell Latitude,30,Male,Engineering,Data Scientist,3,Full-time,40,94.2,1,1,0,48.6,0.452,49,33,3,59.3,2,0,3.0,43.7,2,0
ORG04922,D,HP ProBook,31,Female,Engineering,Software Engineer,2,Full-time,101,96.0,1,2,0,95.1,0.909,42,39,5,97.2,0,0,5.0,16.3,0,0
ORG05078,C,Lenovo ThinkPad,33,Male,Engineering,DevOps Engineer,4,Full-time,94,96.6,2,2,0,72.2,0.68,24,18,1,80.5,0,0,4.0,27.2,2,0
ORG02399,D,Acer TravelMate,29,Female,Engineering,QA Analyst,2,Full-time,104,97.2,0,2,1,71.9,0.732,32,23,4,67.0,3,0,3.0,7.4,1,0
ORG02208,B,Lenovo ThinkPad,33,Male,Customer Support,Support Associate,2,Full-time,96,94.5,1,0,0,26.6,0.379,100,51,9,30.0,3,4,1.0,17.8,0,1
ORG05648,D,HP ProBook,37,Female,Engineering,Data Scientist,5,Full-time,76,100.0,1,0,1,60.9,0.742,39,31,3,75.0,1,1,4.0,24.8,1,0
ORG00781,C,HP ProBook,26,Female,Sales,Account Manager,2,Contract,8,96.4,2,0,0,66.0,0.782,50,42,4,82.2,0,0,3.0,22.5,1,0
ORG04929,A,Lenovo ThinkPad,24,Male,Finance,Finance Analyst,2,Full-time,72,91.7,0,0,0,52.9,0.556,55,42,6,61.5,1,0,2.0,11.1,0,1
ORG04258,A,Dell Latitude,29,Male,Customer Support,Support Associate,3,Full-time,98,93.7,4,4,1,74.0,0.807,140,109,22,81.1,2,1,4.0,16.3,1,0
ORG01512,B,Lenovo ThinkPad,27,Male,Engineering,DevOps Engineer,3,Full-time,7,98.1,0,1,0,98.0,0.919,48,43,5,85.6,1,0,5.0,12.8,2,0
ORG01883,D,Dell Latitude,31,Male,Customer Support,Support Lead,3,Full-time,30,100.0,1,0,1,31.5,0.416,125,93,6,38.1,6,6,2.0,30.7,2,1
ORG00652,A,Lenovo ThinkPad,31,Male,Marketing,Content Specialist,2,Full-time,68,100.0,1,1,0,,0.532,33,22,2,42.2,3,0,2.0,20.1,0,0
ORG04696,D,MacBook Pro,24,Male,Operations,Ops Lead,2,Full-time,62,100.0,0,0,0,61.5,0.818,46,43,2,64.4,0,0,3.0,8.7,1,0
ORG02197,A,HP ProBook,27,Male,Engineering,Data Analyst,2,Contract,8,92.8,0,0,0,57.8,0.644,27,21,1,56.0,2,1,3.0,12.0,1,0
ORG01802,B,Lenovo ThinkPad,31,Female,Operations,Ops Lead,3,Full-time,21,91.8,1,1,0,79.3,0.94,78,62,12,72.1,3,5,4.0,21.8,2,0
ORG00370,C,HP ProBook,30,Female,Marketing,Marketing Executive,3,Full-time,29,100.0,1,1,0,74.1,0.879,68,53,6,70.4,3,0,4.0,32.8,1,0
ORG05508,B,Lenovo ThinkPad,21,Male,Customer Support,Support Associate,1,Full-time,94,99.5,0,0,0,72.9,0.898,131,113,11,60.1,5,0,4.0,23.5,0,0
ORG02879,D,Dell Latitude,33,Male,Customer Support,Support Lead,4,Full-time,113,98.7,2,2,0,85.9,0.744,111,104,15,87.5,0,0,5.0,20.3,1,0
ORG00119,A,Acer TravelMate,21,Male,Customer Support,Support Associate,1,Full-time,42,96.1,0,5,0,47.9,0.541,78,61,5,41.8,1,1,3.0,9.8,1,1
ORG00378,D,Lenovo ThinkPad,21,Male,Customer Support,Support Associate,1,Full-time,53,99.9,0,0,0,59.2,0.649,67,52,6,63.3,3,1,4.0,8.7,0,0
ORG00217,C,HP ProBook,30,Female,Engineering,QA Analyst,2,Full-time,65,98.1,1,0,1,70.5,0.699,28,25,2,69.6,2,0,4.0,19.4,0,0
ORG02217,C,MacBook Pro,33,Male,Engineering,QA Analyst,2,Full-time,63,100.0,0,0,0,58.0,0.663,23,18,0,50.7,3,2,3.0,24.7,2,0
ORG04792,A,HP ProBook,29,Male,Engineering,QA Analyst,3,Full-time,95,100.0,1,0,0,85.9,0.763,28,25,1,85.9,1,0,4.0,13.8,2,0
ORG01614,C,Lenovo ThinkPad,33,Female,Sales,Account Manager,3,Contract,8,91.3,2,6,0,70.2,0.802,42,31,7,68.3,4,1,4.0,5.4,4,0
ORG02884,D,Lenovo ThinkPad,32,Male,Sales,Inside Sales Rep,3,Full-time,107,91.1,1,2,0,59.0,0.552,72,52,7,65.6,1,0,2.0,14.4,1,1
ORG04517,C,Lenovo ThinkPad,22,Female,Customer Support,Support Associate,1,Full-time,62,88.0,2,3,1,71.6,0.717,129,87,23,67.6,1,5,2.0,16.8,1,1
ORG05661,B,Dell Latitude,33,Male,Customer Support,Support Lead,4,Full-time,63,98.2,1,4,0,57.7,0.644,108,96,4,68.7,0,0,4.0,36.5,0,0
ORG03633,B,Lenovo ThinkPad,24,Male,Operations,Ops Associate,1,Full-time,91,97.8,0,1,0,50.7,0.662,91,78,7,64.6,0,0,3.0,,1,0
ORG00963,A,Dell Latitude,30,Male,Engineering,Data Analyst,2,Full-time,52,96.7,1,0,1,43.3,0.634,23,17,2,49.3,4,2,3.0,7.1,1,0
ORG05679,D,Lenovo ThinkPad,21,Female,Finance,Accounts Executive,1,Full-time,9,100.0,0,0,0,60.1,0.527,37,28,0,65.2,0,0,2.0,17.0,0,1
ORG02511,C,HP ProBook,32,Female,Customer Support,Support Lead,2,Full-time,74,93.4,3,3,0,79.5,0.826,74,68,6,65.8,1,0,3.0,12.1,0,1
ORG05922,A,HP ProBook,25,Male,Engineering,Data Analyst,2,Contract,8,98.9,1,2,0,49.9,0.72,48,35,3,30.6,3,0,2.0,8.8,2,1
ORG04994,C,HP ProBook,27,Male,Sales,Account Manager,2,Contract,9,89.4,1,5,0,57.1,0.628,39,30,6,55.2,3,0,2.0,26.2,3,0
ORG04857,A,Acer TravelMate,28,Male,Customer Support,Support Associate,3,Contract,4,93.1,0,1,1,59.5,0.771,139,86,28,64.3,1,5,2.0,13.3,3,1
ORG00360,A,Lenovo ThinkPad,25,Female,Operations,Process Analyst,2,Full-time,80,96.2,3,2,1,73.2,0.785,66,52,10,63.0,3,2,2.0,67.3,5,0
ORG03840,A,Lenovo ThinkPad,30,Male,Sales,Account Manager,3,Full-time,87,94.8,2,1,0,72.7,0.805,42,36,2,71.7,1,1,4.0,13.3,2,0
ORG05436,A,Dell Latitude,34,Male,Engineering,Data Scientist,4,Full-time,86,91.9,4,1,1,78.1,0.718,53,44,8,64.1,2,0,3.0,,1,0
ORG01247,D,Dell Latitude,27,Female,Operations,Ops Associate,1,Full-time,91,91.5,2,2,1,65.1,0.699,59,40,9,49.3,5,1,3.0,5.8,1,1
ORG03409,C,HP ProBook,34,Male,Customer Support,Support Lead,3,Full-time,104,95.4,0,1,0,85.7,0.87,141,128,14,77.5,2,1,4.0,27.5,1,0
ORG04385,B,Acer TravelMate,33,Female,HR,HR Executive,2,Full-time,82,90.2,1,2,1,65.5,0.768,42,30,3,65.4,3,0,3.0,23.5,0,0
ORG02416,D,Dell Latitude,27,Male,Engineering,Software Engineer,2,Full-time,81,97.5,2,1,1,37.9,0.489,34,21,2,60.1,4,0,3.0,15.1,0,1
ORG05869,D,Dell Latitude,33,Male,Engineering,QA Analyst,2,Full-time,107,96.0,0,1,0,80.0,0.889,26,23,2,81.8,0,0,4.0,21.5,2,0
ORG03695,C,Dell Latitude,25,Male,Finance,Finance Analyst,2,Full-time,95,100.0,1,2,0,34.5,0.586,57,47,3,60.0,1,0,2.0,9.3,0,0
ORG05329,A,HP ProBook,28,Female,Customer Support,Support Associate,3,Full-time,63,91.2,3,1,0,61.7,0.637,132,110,13,66.0,2,2,3.0,19.1,4,1
ORG02186,C,Dell Latitude,37,Male,Engineering,Software Engineer,4,Full-time,59,98.4,1,2,0,74.0,0.538,31,27,2,77.7,1,0,3.0,32.5,1,0
ORG04257,C,HP ProBook,23,Female,Engineering,QA Analyst,2,Full-time,58,95.0,3,0,1,54.2,0.722,44,36,6,73.2,0,0,3.0,9.8,1,0
ORG02568,B,Acer TravelMate,27,Male,Engineering,Data Analyst,4,Full-time,28,92.5,1,1,1,59.6,0.795,47,35,4,62.2,5,1,4.0,17.7,0,0
ORG03424,D,Dell Latitude,35,Female,Customer Support,Support Lead,3,Full-time,70,95.2,2,1,0,90.2,0.918,111,93,18,89.9,0,2,5.0,31.5,4,0
ORG02038,A,Acer TravelMate,36,Female,Engineering,Data Scientist,4,Full-time,81,91.1,4,1,1,79.8,0.76,57,50,6,74.2,4,0,5.0,25.9,2,0
ORG05363,A,Acer TravelMate,31,Male,Engineering,Data Scientist,4,Full-time,84,90.9,4,2,0,91.0,0.981,32,28,5,73.1,2,0,4.0,9.5,1,0
ORG00773,B,Lenovo ThinkPad,31,Male,Operations,Process Analyst,3,Contract,12,90.1,1,2,1,80.0,0.599,105,84,16,56.5,3,1,2.0,16.5,0,1
ORG01285,A,Dell Latitude,25,Female,Marketing,Performance Marketer,3,Full-time,44,94.1,0,1,0,77.9,0.823,63,50,4,74.4,0,0,4.0,13.1,0,0
ORG05913,A,MacBook Pro,21,Male,Customer Support,Support Associate,1,Contract,1,96.4,2,0,0,80.1,0.809,91,70,12,82.8,0,0,4.0,12.0,0,0
ORG03563,C,HP ProBook,29,Male,Marketing,Performance Marketer,2,Full-time,27,98.5,3,0,0,65.3,0.501,51,34,4,61.0,0,1,3.0,8.5,0,0
ORG05975,A,MacBook Pro,27,Male,IT,IT Support,1,Full-time,89,90.7,3,0,1,56.7,0.47,36,24,4,,2,1,1.0,6.7,0,1
ORG02588,A,Lenovo ThinkPad,28,Male,Engineering,Data Analyst,3,Full-time,18,99.8,0,0,0,59.4,0.566,55,48,2,60.2,0,0,3.0,18.5,0,0
ORG05768,C,HP ProBook,26,Male,Operations,Ops Lead,2,Full-time,23,97.5,2,0,1,65.7,0.539,66,53,4,69.4,1,0,2.0,25.6,0,1
ORG01415,D,Acer TravelMate,27,Male,Engineering,DevOps Engineer,3,Full-time,75,91.7,2,1,0,68.5,0.854,22,16,2,60.8,5,2,4.0,9.6,0,0
ORG01235,C,MacBook Pro,35,Male,Engineering,Data Analyst,4,Full-time,46,95.1,1,1,1,71.4,0.751,32,26,3,84.3,1,1,4.0,7.7,1,0
ORG00399,A,Lenovo ThinkPad,25,Male,Customer Support,Support Associate,1,Full-time,10,100.0,3,2,0,52.0,0.633,98,73,12,69.3,1,1,3.0,13.8,1,0
ORG00436,D,HP ProBook,35,Female,Engineering,Data Scientist,4,Full-time,52,95.1,2,1,0,76.1,0.508,30,25,2,66.9,0,0,4.0,33.9,2,1
ORG01675,B,Lenovo ThinkPad,28,Male,Finance,Finance Analyst,4,Full-time,62,98.4,0,1,0,71.1,0.76,83,73,3,64.6,2,1,5.0,26.5,2,0
ORG03300,A,Lenovo ThinkPad,33,Female,Engineering,Data Scientist,3,Full-time,61,94.9,0,0,1,66.3,0.821,33,23,3,65.2,0,0,3.0,7.7,1,0
ORG00366,A,Lenovo ThinkPad,31,Female,Customer Support,Support Lead,4,Full-time,27,100.0,0,1,0,92.3,0.76,97,80,9,90.0,0,0,5.0,17.6,3,0
ORG04130,D,HP ProBook,30,Female,Marketing,Content Specialist,3,Full-time,18,98.6,0,0,0,59.6,0.469,47,40,2,66.3,2,1,4.0,9.7,1,0
ORG04047,D,Lenovo ThinkPad,33,Male,Sales,Account Manager,2,Full-time,28,91.1,5,3,1,36.1,0.536,75,54,12,69.5,0,1,2.0,22.1,3,1
ORG00232,A,Dell Latitude,28,Male,Customer Support,Support Associate,1,Full-time,27,97.3,1,2,0,45.2,0.552,96,66,8,36.7,4,2,1.0,8.0,0,1
ORG05369,C,HP ProBook,32,Female,HR,Talent Acquisition,4,Full-time,96,88.0,4,5,1,84.5,0.809,56,47,11,84.1,0,0,3.0,13.1,2,0
ORG00148,B,Dell Latitude,22,Male,Customer Support,Support Associate,1,Full-time,41,97.4,0,2,0,70.9,0.637,136,119,14,74.4,1,0,4.0,14.0,0,0
ORG05541,A,Lenovo ThinkPad,34,Male,IT,System Admin,4,Full-time,31,97.8,1,0,1,88.4,1.0,44,40,1,72.9,2,1,5.0,18.2,1,0
ORG03089,C,Acer TravelMate,30,Male,Customer Support,Support Associate,3,Full-time,13,94.9,1,1,2,73.6,0.75,104,92,7,69.0,1,1,4.0,9.2,1,0
ORG05150,D,HP ProBook,31,Male,Sales,Inside Sales Rep,3,Full-time,94,92.1,3,0,1,92.6,1.0,79,63,8,83.7,2,0,5.0,29.2,2,0
ORG03555,C,Dell Latitude,25,Male,Sales,Sales Executive,1,Contract,4,92.8,2,0,0,59.2,0.686,40,28,6,72.5,2,2,4.0,12.4,0,0
ORG00408,B,Dell Latitude,30,Male,HR,Talent Acquisition,3,Full-time,22,100.0,0,0,0,70.9,0.817,55,48,2,58.1,3,2,5.0,11.9,0,0
ORG05828,D,Lenovo ThinkPad,30,Female,Sales,Inside Sales Rep,3,Full-time,78,100.0,3,0,0,59.9,0.773,65,59,6,78.7,3,2,3.0,23.2,0,0
ORG03693,D,Dell Latitude,30,Male,Engineering,DevOps Engineer,3,Full-time,98,97.6,1,4,0,69.5,0.846,42,37,5,71.4,2,1,4.0,15.8,3,0
ORG03457,D,Dell Latitude,32,Male,Marketing,Content Specialist,3,Full-time,109,98.3,0,0,0,94.0,0.918,50,46,3,81.2,2,0,5.0,13.1,0,0
ORG02091,B,Dell Latitude,33,Female,Sales,Sales Executive,3,Full-time,100,98.5,0,0,1,76.0,0.854,39,33,1,90.2,0,0,4.0,13.7,0,0
ORG00087,C,Lenovo ThinkPad,28,Male,Finance,Finance Analyst,3,Contract,17,90.7,4,2,0,53.2,0.666,34,24,5,78.5,1,0,3.0,15.2,0,0
ORG03577,B,MacBook Pro,23,Male,HR,HR Executive,1,Full-time,43,100.0,0,1,0,49.4,0.578,47,37,2,50.0,1,3,3.0,13.5,1,0
ORG03272,A,MacBook Pro,34,Male,Operations,Ops Associate,2,Full-time,113,98.4,1,1,0,94.8,0.893,67,59,8,77.1,1,0,4.0,5.3,0,0
ORG00845,A,Dell Latitude,34,Male,Engineering,Software Engineer,4,Full-time,42,91.0,2,3,0,93.7,0.708,45,43,6,82.8,1,0,4.0,21.3,1,0
ORG01032,C,Acer TravelMate,29,Male,Finance,Finance Analyst,4,Full-time,3,93.5,1,0,0,81.4,0.683,25,20,0,73.5,1,0,4.0,18.3,1,0
ORG04120,B,HP ProBook,27,Male,Customer Support,Support Associate,3,Full-time,60,97.8,1,0,0,84.2,0.662,129,109,15,76.7,1,2,5.0,17.3,2,0
ORG04551,C,HP ProBook,36,Female,Engineering,Data Analyst,3,Full-time,109,90.7,1,1,1,53.9,0.832,46,38,6,67.3,2,2,,26.4,3,0
ORG04662,A,Lenovo ThinkPad,23,Male,Marketing,Performance Marketer,2,Full-time,15,95.4,3,2,0,76.4,0.632,68,55,5,65.6,2,0,3.0,20.3,1,0
ORG02988,D,HP ProBook,23,Male,Customer Support,Support Associate,1,Full-time,65,100.0,0,0,0,66.8,0.722,89,82,1,,2,1,3.0,11.0,1,0
ORG05544,B,Lenovo ThinkPad,28,Female,Operations,Process Analyst,2,Full-time,50,90.6,0,1,0,47.5,0.473,79,57,8,53.9,2,0,1.0,37.7,0,0
ORG02629,D,Lenovo ThinkPad,38,Male,Sales,Account Manager,4,Full-time,66,94.9,0,0,0,60.9,0.693,52,32,5,61.8,4,2,3.0,18.2,1,0
ORG05509,D,Dell Latitude,29,Female,Finance,Finance Analyst,3,Full-time,35,96.2,6,1,1,88.9,1.0,72,66,5,89.9,1,0,4.0,27.4,3,0
ORG03245,D,Dell Latitude,33,Female,Engineering,Data Scientist,3,Full-time,31,93.2,1,3,1,70.2,0.899,48,41,4,65.9,0,1,4.0,25.1,2,0
ORG00856,D,HP ProBook,27,Male,Customer Support,Support Associate,2,Full-time,44,89.0,4,2,1,26.5,0.483,69,40,13,49.2,1,4,1.0,13.8,0,1
ORG03927,D,HP ProBook,33,Female,Customer Support,Support Lead,4,Full-time,10,100.0,0,0,0,81.0,0.781,97,84,3,73.3,3,0,4.0,17.4,1,0
ORG03004,B,MacBook Pro,33,Female,Finance,Finance Analyst,3,Full-time,62,87.9,3,0,0,68.8,0.498,53,49,6,67.3,1,2,4.0,13.9,0,0
ORG03985,A,Acer TravelMate,21,Male,Sales,Account Manager,2,Full-time,65,94.6,1,0,1,78.0,0.755,64,49,10,74.6,3,2,3.0,9.1,0,0
ORG00079,A,Dell Latitude,31,Male,Customer Support,Support Associate,2,Full-time,65,96.2,1,3,0,74.0,0.574,76,58,2,65.0,2,1,3.0,18.5,0,0
ORG02993,C,HP ProBook,28,Female,Sales,Account Manager,3,Full-time,113,93.5,1,1,0,85.9,0.733,41,36,1,90.3,0,0,5.0,17.6,1,0
ORG02248,D,HP ProBook,31,Female,Operations,Process Analyst,2,Full-time,20,93.1,1,5,0,45.1,0.44,55,41,10,50.9,0,1,3.0,23.3,2,1
ORG06198,D,HP ProBook,25,Male,Engineering,QA Analyst,2,Full-time,12,91.2,3,5,3,34.9,0.567,48,34,7,45.6,6,2,2.0,16.4,0,1
ORG05170,D,Acer TravelMate,24,Female,Sales,Inside Sales Rep,1,Full-time,39,99.3,1,0,0,61.9,0.608,36,27,0,48.6,3,2,3.0,9.6,0,0
ORG05762,B,Acer TravelMate,25,Female,Marketing,Performance Marketer,3,Full-time,15,100.0,1,0,0,56.9,0.579,56,41,1,48.2,4,1,4.0,9.8,0,0
ORG05805,D,HP ProBook,33,Female,Customer Support,Support Lead,3,Full-time,48,97.6,2,1,0,66.8,0.795,115,91,6,74.4,0,1,4.0,10.4,0,0
ORG00759,B,Dell Latitude,30,Male,Engineering,Data Analyst,3,Full-time,81,98.1,1,0,1,75.2,,50,43,2,69.9,3,0,4.0,14.1,3,0
ORG04907,D,Lenovo ThinkPad,26,Male,Marketing,Content Specialist,3,Full-time,73,92.5,2,0,1,81.4,0.835,21,18,1,78.7,0,0,5.0,33.6,0,0
ORG03356,C,HP ProBook,32,Male,Sales,Sales Executive,1,Full-time,93,88.1,4,2,0,79.1,0.838,63,47,13,80.5,0,1,4.0,20.8,1,0
ORG00789,C,Dell Latitude,28,Male,Finance,Finance Analyst,3,Full-time,51,98.3,0,0,0,67.0,0.413,47,40,0,51.8,3,1,3.0,28.6,0,0
ORG02280,A,HP ProBook,28,Female,Operations,Ops Lead,4,Full-time,4,94.3,0,1,0,50.7,0.775,116,97,17,66.2,2,1,3.0,25.8,2,0
ORG05300,A,MacBook Pro,25,Male,Engineering,Data Analyst,2,Full-time,28,95.4,0,0,0,47.6,0.581,30,23,1,53.1,2,0,2.0,25.2,2,0
ORG03898,C,Lenovo ThinkPad,27,Male,Customer Support,Support Lead,3,Full-time,18,90.0,2,1,0,66.0,0.721,121,93,17,76.9,2,0,4.0,12.0,1,0
ORG04310,D,Lenovo ThinkPad,27,Other,Operations,Ops Associate,2,Full-time,77,100.0,2,1,0,68.5,0.677,89,82,4,65.8,1,1,4.0,6.1,0,0
ORG04465,C,MacBook Pro,28,Male,Engineering,DevOps Engineer,3,Full-time,5,98.3,2,1,0,51.5,0.616,48,38,4,64.7,0,0,4.0,28.1,0,0
ORG05240,A,Dell Latitude,32,Male,Operations,Ops Associate,3,Contract,9,89.1,3,1,1,88.9,0.923,82,68,9,86.8,1,1,4.0,11.4,0,0
ORG05020,C,Dell Latitude,31,Female,Customer Support,Support Lead,3,Full-time,54,95.1,0,2,1,78.3,0.817,143,119,18,74.7,1,3,4.0,6.8,0,0
ORG03632,A,MacBook Pro,26,Male,IT,System Admin,3,Full-time,101,96.6,2,2,0,85.8,0.696,63,61,2,72.3,2,1,4.0,22.2,0,0
ORG04714,B,MacBook Pro,34,Male,Marketing,Performance Marketer,3,Full-time,97,92.2,4,3,1,64.1,0.36,71,56,10,56.8,2,1,3.0,10.3,2,1
ORG05651,B,Dell Latitude,27,Female,Marketing,Performance Marketer,2,Full-time,40,96.5,7,2,0,60.7,0.601,40,28,6,70.4,0,0,3.0,15.8,0,0
ORG02177,A,HP ProBook,30,Female,Customer Support,Support Associate,2,Full-time,107,96.1,1,1,0,89.0,0.776,108,94,12,68.8,1,2,4.0,24.9,1,0
ORG00425,C,Dell Latitude,31,Female,Operations,Process Analyst,3,Contract,12,90.8,1,1,1,51.5,0.642,113,66,25,64.5,0,2,3.0,14.4,0,1
ORG00393,A,Lenovo ThinkPad,21,Female,Operations,Ops Associate,1,Full-time,8,93.4,0,3,0,55.5,0.721,82,63,5,62.2,6,2,4.0,14.7,0,0
ORG06143,D,MacBook Pro,33,Female,Engineering,Data Scientist,4,Full-time,69,98.0,0,1,0,80.3,0.889,36,31,5,87.6,0,0,5.0,37.8,2,0
ORG06195,C,Lenovo ThinkPad,35,Male,Engineering,DevOps Engineer,4,Full-time,49,95.0,0,0,0,41.4,0.398,47,35,2,47.6,3,0,3.0,26.9,1,1
ORG02240,D,Lenovo ThinkPad,25,Male,Customer Support,Support Lead,2,Full-time,57,90.2,1,0,1,58.7,0.852,136,103,22,60.4,3,4,4.0,10.6,0,1
ORG00105,C,Acer TravelMate,28,Male,Finance,Accounts Executive,3,Full-time,68,92.0,3,2,0,60.7,0.944,74,67,4,57.1,1,0,5.0,10.6,1,0
ORG02673,B,Lenovo ThinkPad,35,Female,Sales,Account Manager,4,Full-time,82,96.8,1,5,0,50.9,0.579,48,31,4,48.1,4,1,3.0,14.9,0,1
ORG05773,C,HP ProBook,28,Male,Sales,Inside Sales Rep,3,Full-time,58,94.8,0,1,1,78.1,0.697,50,42,3,73.9,1,0,3.0,13.9,1,0
ORG04418,A,MacBook Pro,41,Male,Engineering,Data Analyst,4,Full-time,105,100.0,2,0,0,65.1,,44,34,3,71.6,1,0,4.0,11.3,1,0
ORG02069,C,HP ProBook,26,Male,Sales,Inside Sales Rep,1,Full-time,67,96.5,3,0,0,72.5,0.858,45,37,4,82.2,0,1,5.0,10.1,0,0
ORG04247,C,HP ProBook,23,Male,HR,HR Executive,1,Full-time,37,86.8,0,0,1,64.4,0.626,57,46,8,73.1,6,2,3.0,2.9,0,0
ORG03494,B,MacBook Pro,30,Male,Operations,Process Analyst,2,Full-time,116,100.0,1,0,0,91.5,0.701,86,78,3,75.4,0,0,5.0,23.5,2,0
ORG01949,A,Lenovo ThinkPad,31,Male,Engineering,QA Analyst,2,Full-time,114,97.8,0,0,0,82.3,0.936,29,27,0,89.2,0,0,5.0,17.9,0,0
ORG01460,D,HP ProBook,30,Female,Sales,Account Manager,2,Full-time,119,100.0,0,0,0,61.0,0.389,46,36,0,53.3,4,2,3.0,8.9,2,0
ORG04541,A,Acer TravelMate,26,Male,Engineering,Software Engineer,3,Full-time,56,98.3,0,1,0,80.9,0.65,28,23,1,66.3,1,0,3.0,17.1,1,0
ORG01769,D,Lenovo ThinkPad,31,Female,Engineering,Software Engineer,2,Full-time,98,97.8,0,0,0,81.3,0.831,26,23,0,71.9,2,1,4.0,10.0,0,0
ORG03299,B,Lenovo ThinkPad,28,Female,Customer Support,Support Associate,3,Contract,13,89.2,1,4,1,,0.901,132,109,26,73.8,2,3,4.0,14.6,1,0
ORG00744,B,Dell Latitude,31,Female,Engineering,Software Engineer,5,Full-time,18,94.4,1,0,0,44.1,0.439,38,27,4,55.8,5,1,2.0,28.1,0,1
ORG04167,D,HP ProBook,33,Female,Engineering,Data Scientist,5,Full-time,85,97.6,2,1,0,88.1,0.859,68,61,3,88.0,2,0,4.0,22.3,1,0
ORG03836,A,Lenovo ThinkPad,27,Male,Customer Support,Support Associate,2,Full-time,78,100.0,0,0,0,86.4,0.623,124,112,12,61.9,0,2,4.0,17.5,2,0
ORG06040,D,Dell Latitude,25,Male,Customer Support,Support Associate,1,Full-time,28,89.7,2,2,0,65.6,0.524,69,49,10,82.1,1,0,2.0,10.7,1,1
ORG01588,A,HP ProBook,29,Male,Customer Support,Support Associate,3,Contract,8,90.6,3,3,1,79.2,0.859,81,66,11,78.7,1,1,3.0,22.7,2,0
ORG04878,D,Dell Latitude,34,Male,Operations,Process Analyst,3,Full-time,24,94.3,1,4,0,55.1,0.744,83,63,10,65.7,2,0,3.0,47.9,2,1
ORG01732,D,Lenovo ThinkPad,26,Female,Engineering,Data Analyst,2,Full-time,6,93.6,1,2,1,97.8,0.756,51,49,4,96.4,0,0,5.0,19.8,2,0
ORG06011,D,HP ProBook,30,Male,Finance,Finance Analyst,4,Full-time,35,92.2,2,0,1,78.2,0.78,26,22,2,85.8,0,0,5.0,18.9,0,0
ORG04343,A,Lenovo ThinkPad,25,Female,Operations,Ops Associate,1,Full-time,50,90.4,4,3,0,81.1,0.822,80,67,6,83.9,0,0,4.0,28.4,2,0
ORG06186,A,HP ProBook,24,Female,Finance,Finance Analyst,2,Full-time,76,94.1,0,1,1,59.3,0.298,20,14,1,50.6,2,1,1.0,18.2,0,0
ORG00183,C,Lenovo ThinkPad,28,Female,Customer Support,Support Associate,2,Full-time,83,96.5,1,1,0,56.7,0.596,74,62,8,68.4,1,2,3.0,8.7,0,0
ORG01792,B,HP ProBook,21,Female,Sales,Inside Sales Rep,1,Full-time,31,92.1,3,2,1,53.3,0.577,65,42,11,48.0,2,2,3.0,19.8,0,0
ORG02356,C,Dell Latitude,33,Female,Finance,Accounts Executive,3,Full-time,56,90.4,5,1,0,54.1,0.671,55,40,7,73.7,1,1,3.0,18.9,1,0
ORG01941,D,Lenovo ThinkPad,30,Female,Sales,Account Manager,3,Contract,7,,0,1,0,55.0,0.702,73,58,8,74.3,0,1,4.0,10.2,1,0
ORG00703,C,MacBook Pro,43,Female,Engineering,Data Scientist,5,Full-time,61,91.6,3,1,0,78.6,0.644,46,33,7,63.6,2,0,3.0,14.8,1,0
ORG02443,B,Dell Latitude,24,Female,Engineering,Data Analyst,3,Full-time,39,97.0,0,2,0,98.0,1.0,50,49,3,99.0,0,0,5.0,17.7,0,0
ORG05945,C,Dell Latitude,31,Male,Engineering,Data Scientist,3,Full-time,65,89.1,2,1,0,71.5,0.823,54,38,8,61.5,2,0,3.0,7.5,1,0
ORG00497,A,Acer TravelMate,29,Male,Customer Support,Support Associate,2,Full-time,97,90.6,0,0,1,52.8,0.661,101,73,15,50.9,3,2,3.0,25.6,2,1
ORG04902,D,Lenovo ThinkPad,30,Female,Sales,Account Manager,3,Full-time,63,96.1,3,1,1,57.3,0.734,47,35,7,65.9,1,2,3.0,5.8,1,1
ORG00465,C,HP ProBook,25,Female,Operations,Process Analyst,2,Full-time,49,93.6,0,3,0,59.4,0.549,67,52,5,51.8,4,2,2.0,4.6,0,1
ORG00164,C,Dell Latitude,37,Male,Engineering,Software Engineer,3,Full-time,87,96.3,2,0,0,65.9,0.797,28,21,2,88.7,2,0,5.0,11.5,2,0
ORG05456,D,Lenovo ThinkPad,25,Female,Customer Support,Support Associate,2,Full-time,66,99.4,1,0,0,46.7,0.734,126,106,9,73.1,1,2,3.0,12.0,1,0
ORG00173,B,HP ProBook,29,Female,Sales,Inside Sales Rep,3,Full-time,82,97.2,0,1,0,83.2,0.742,79,74,7,83.5,1,1,5.0,18.4,1,0
ORG02021,C,MacBook Pro,30,Male,Operations,Ops Lead,3,Full-time,47,99.5,1,0,0,87.1,0.957,99,97,1,94.6,0,0,5.0,21.9,0,0
ORG06050,B,Acer TravelMate,31,Male,Customer Support,Support Associate,1,Full-time,113,95.8,1,2,0,53.0,0.683,68,59,3,51.2,2,4,3.0,58.2,1,0
ORG00012,D,HP ProBook,21,Female,Marketing,Marketing Executive,1,Full-time,4,95.3,5,4,2,62.0,0.75,38,25,6,61.1,0,0,2.0,6.6,1,0
ORG02010,B,Lenovo ThinkPad,33,Male,Operations,Ops Lead,4,Full-time,77,98.8,0,0,0,66.0,0.873,60,48,2,71.4,1,0,4.0,22.8,1,0
ORG03085,B,Dell Latitude,29,Female,Finance,Finance Analyst,3,Contract,16,95.7,2,1,0,79.4,0.846,63,57,6,85.5,0,0,4.0,15.2,2,0
ORG00901,A,Dell Latitude,32,Male,Customer Support,Support Lead,4,Full-time,36,95.7,0,3,1,61.4,0.429,120,98,12,58.7,1,1,2.0,12.5,0,1
ORG06085,A,Dell Latitude,33,Male,Engineering,QA Analyst,4,Full-time,42,94.7,1,1,0,53.3,0.742,44,31,5,62.5,1,0,3.0,12.3,2,0
ORG02294,C,Lenovo ThinkPad,27,Male,Sales,Account Manager,3,Full-time,21,90.7,2,0,0,60.9,0.806,67,52,8,74.6,2,2,4.0,13.8,0,0
ORG03717,C,Lenovo ThinkPad,25,Female,Finance,Finance Analyst,3,Full-time,13,95.0,0,0,0,67.6,0.748,62,51,4,65.9,3,0,4.0,32.1,3,0
ORG05235,C,HP ProBook,28,Female,Finance,Finance Analyst,2,Full-time,99,97.5,0,0,0,63.6,0.499,30,22,0,56.1,2,1,3.0,14.1,0,0
ORG01765,B,Dell Latitude,38,Female,Engineering,Software Engineer,5,Full-time,99,88.1,3,2,0,68.4,0.856,28,22,3,81.0,1,0,3.0,26.2,0,0
ORG01550,A,HP ProBook,27,Female,Sales,Sales Executive,3,Full-time,22,100.0,1,2,0,64.6,0.688,64,52,5,56.2,3,3,4.0,20.4,1,0
ORG03030,B,Dell Latitude,35,Male,Sales,Account Manager,4,Full-time,86,91.1,6,1,3,75.9,0.801,53,42,8,85.1,2,3,5.0,17.8,0,0
ORG05861,D,Lenovo ThinkPad,28,Female,Operations,Ops Associate,1,Full-time,41,98.1,1,2,2,60.7,0.685,76,61,9,60.8,1,1,4.0,5.9,0,0
ORG02045,A,Lenovo ThinkPad,28,Female,IT,System Admin,3,Full-time,102,91.4,3,1,0,98.0,0.844,40,36,6,98.2,0,0,4.0,49.6,1,0
ORG00768,A,HP ProBook,35,Female,Engineering,QA Analyst,4,Full-time,70,96.5,1,1,0,59.4,0.911,51,45,5,75.7,2,0,4.0,10.0,0,0
ORG01509,C,Lenovo ThinkPad,34,Male,Engineering,Data Scientist,4,Full-time,46,98.1,0,1,0,71.6,0.702,51,43,2,66.6,1,0,3.0,23.1,3,0
ORG06138,C,Acer TravelMate,32,Female,Engineering,Software Engineer,3,Full-time,15,93.3,0,1,0,78.1,0.912,49,43,4,83.4,0,0,4.0,13.9,1,0
ORG05243,A,HP ProBook,30,Male,Sales,Inside Sales Rep,2,Full-time,95,94.7,0,2,0,67.6,0.73,54,42,7,66.3,3,1,3.0,22.7,0,0
ORG04664,B,Acer TravelMate,34,Male,Engineering,DevOps Engineer,3,Full-time,66,95.4,0,1,0,53.0,0.68,52,46,4,65.6,2,2,2.0,18.6,0,0
ORG03293,B,HP ProBook,30,Male,Operations,Process Analyst,2,Full-time,89,93.8,3,0,1,64.6,0.795,75,52,8,72.2,1,1,4.0,17.8,1,0
ORG00820,A,HP ProBook,22,Female,Sales,Sales Executive,2,Full-time,52,87.2,4,5,0,54.7,0.605,59,47,8,62.2,0,2,2.0,5.1,0,1
ORG01404,A,Lenovo ThinkPad,33,Female,Sales,Account Manager,4,Contract,4,86.3,3,1,2,73.4,0.786,60,45,11,82.2,1,3,3.0,12.4,2,0
ORG01383,B,MacBook Pro,26,Male,Customer Support,Support Associate,1,Full-time,56,93.4,1,1,0,53.9,0.557,101,72,10,51.4,3,4,2.0,14.2,0,0
ORG02149,A,Dell Latitude,35,Female,Finance,Finance Analyst,4,Full-time,49,98.4,0,0,0,67.8,0.604,36,29,2,61.4,0,0,3.0,18.7,0,0
ORG01639,C,Dell Latitude,28,Male,Sales,Sales Executive,2,Full-time,115,100.0,1,0,0,58.4,0.569,52,40,4,55.7,2,2,3.0,12.0,3,1
ORG06072,D,HP ProBook,25,Male,Engineering,Data Analyst,3,Full-time,49,91.3,1,2,0,56.6,0.652,45,35,5,69.5,2,2,2.0,15.6,0,1
ORG00400,A,Lenovo ThinkPad,24,Male,Customer Support,Support Lead,2,Full-time,48,99.3,1,2,0,44.0,0.529,76,48,5,50.6,0,2,4.0,7.9,0,0
ORG00883,B,Dell Latitude,26,Male,Marketing,Marketing Executive,1,Full-time,108,94.1,1,0,0,49.0,0.634,31,21,3,57.7,3,1,2.0,18.3,0,1
ORG03566,B,Dell Latitude,29,Male,HR,Talent Acquisition,2,Full-time,50,95.3,3,1,0,70.2,0.761,23,19,1,65.9,1,0,4.0,10.7,1,0
ORG01180,A,Dell Latitude,37,Male,Engineering,Data Scientist,5,Full-time,19,94.6,1,3,0,90.7,,19,16,1,76.7,1,0,5.0,14.1,4,0
ORG04289,A,Dell Latitude,29,Male,IT,System Admin,2,Full-time,60,97.5,2,0,1,61.7,0.557,21,20,0,78.0,0,0,3.0,11.9,2,0
ORG02131,B,Dell Latitude,33,Female,Engineering,DevOps Engineer,3,Full-time,6,93.6,1,0,0,51.8,0.622,32,23,3,77.0,2,0,3.0,6.5,1,0
ORG00457,C,HP ProBook,26,Female,IT,System Admin,2,Contract,16,96.1,5,1,1,63.8,0.496,42,36,6,54.2,3,0,4.0,8.7,1,1
ORG01951,B,HP ProBook,31,Female,IT,System Admin,3,Full-time,94,98.5,0,1,0,70.8,0.823,54,46,2,85.9,1,0,5.0,11.4,1,0
ORG00690,A,HP ProBook,21,Male,Customer Support,Support Associate,2,Full-time,10,96.1,1,2,1,71.2,0.753,99,75,12,78.4,0,1,5.0,41.6,4,0
ORG05708,B,Acer TravelMate,32,Male,HR,HR Executive,3,Full-time,108,95.2,1,1,0,63.5,0.636,35,27,2,48.1,1,1,3.0,11.6,1,1
ORG01954,D,HP ProBook,33,Male,IT,System Admin,2,Full-time,119,98.4,0,1,0,71.8,0.826,59,53,4,75.8,0,1,4.0,4.5,0,0
ORG02711,C,HP ProBook,29,Male,IT,System Admin,3,Full-time,89,91.3,1,2,2,77.2,0.873,63,54,7,91.7,0,0,5.0,,2,0
ORG04673,C,Dell Latitude,25,Male,Engineering,Data Scientist,3,Full-time,39,90.0,1,3,1,66.2,0.608,24,16,3,64.4,6,1,3.0,27.0,5,1
ORG01885,B,Dell Latitude,35,Female,Sales,Account Manager,4,Contract,6,95.1,0,1,0,70.9,0.76,78,67,10,71.2,1,3,,11.1,0,0
ORG04740,C,HP ProBook,26,Female,Operations,Ops Associate,2,Full-time,90,99.8,0,0,0,70.8,0.596,86,83,0,79.5,2,0,5.0,20.6,1,0
ORG02495,B,HP ProBook,25,Female,Marketing,Content Specialist,1,Full-time,79,95.6,0,0,0,35.2,0.402,28,16,2,47.9,1,0,2.0,10.0,1,1
ORG03037,D,Dell Latitude,21,Male,Operations,Ops Associate,1,Full-time,63,99.1,1,2,0,61.2,0.712,61,45,7,52.3,5,1,3.0,7.6,0,0
ORG03604,A,HP ProBook,34,Male,Sales,Account Manager,4,Full-time,44,97.3,0,0,0,81.6,0.811,74,70,4,72.6,2,0,4.0,14.2,1,0
ORG00846,A,HP ProBook,29,Female,Marketing,Marketing Executive,2,Full-time,36,90.2,2,2,0,67.5,0.955,44,38,5,62.6,1,0,3.0,9.2,1,0
ORG00543,D,Dell Latitude,27,Male,HR,HR Executive,2,Full-time,27,91.6,1,3,0,47.1,0.636,68,45,10,57.7,2,1,2.0,12.0,1,0
ORG03725,A,Dell Latitude,24,Male,HR,HR Executive,2,Contract,2,91.1,2,0,1,38.0,0.428,56,34,6,60.5,3,0,2.0,7.0,0,1
ORG03680,B,MacBook Pro,35,Male,Engineering,DevOps Engineer,5,Full-time,49,100.0,0,0,0,66.9,0.611,32,30,1,68.6,0,0,2.0,22.4,1,0
ORG05160,D,Lenovo ThinkPad,25,Female,Sales,Inside Sales Rep,2,Full-time,90,95.7,2,3,0,55.8,0.687,46,31,6,69.9,1,0,3.0,8.5,1,0
ORG04318,B,Dell Latitude,22,Female,Finance,Accounts Executive,1,Contract,10,96.7,0,0,0,27.3,0.514,39,30,1,59.8,3,2,2.0,12.3,0,0
ORG02965,B,HP ProBook,30,Male,Sales,Sales Executive,1,Full-time,34,96.8,1,0,2,62.4,0.632,33,25,3,78.2,1,0,3.0,18.8,1,0
ORG02530,C,Lenovo ThinkPad,33,Female,Operations,Ops Lead,2,Full-time,97,92.1,0,3,1,91.2,0.894,108,97,16,89.0,0,0,5.0,23.0,0,0
ORG01049,C,Dell Latitude,29,Female,Marketing,Performance Marketer,3,Full-time,91,93.5,2,1,0,26.3,0.529,67,46,3,39.7,3,1,3.0,11.8,0,1
ORG01961,D,MacBook Pro,25,Female,Operations,Ops Associate,1,Full-time,52,89.9,2,4,0,56.9,0.691,46,28,7,42.0,0,2,1.0,11.0,3,1
ORG02531,A,HP ProBook,28,Male,Operations,Ops Lead,3,Full-time,18,91.3,2,2,0,62.6,0.534,103,68,16,60.3,0,1,3.0,22.2,0,1
ORG04635,C,Acer TravelMate,27,Male,Operations,Process Analyst,2,Full-time,21,96.0,1,1,0,51.2,0.425,77,59,5,61.7,1,2,3.0,17.0,4,0
ORG00238,C,Lenovo ThinkPad,24,Female,Finance,Accounts Executive,1,Full-time,58,93.8,1,0,0,60.4,0.679,37,31,1,64.7,1,0,3.0,4.5,1,0
ORG01134,D,HP ProBook,30,Male,Finance,Accounts Executive,2,Full-time,73,92.9,1,2,0,77.1,0.613,25,20,1,86.3,0,0,4.0,9.3,2,0
ORG05221,B,Dell Latitude,32,Female,Engineering,Software Engineer,4,Full-time,40,100.0,0,2,0,78.5,0.922,56,54,1,82.1,2,0,4.0,10.8,0,0
ORG04653,D,Lenovo ThinkPad,33,Male,Engineering,Data Scientist,5,Full-time,72,97.9,1,3,0,51.7,0.475,49,41,6,59.3,2,0,4.0,23.3,2,1
ORG04728,C,HP ProBook,23,Female,Sales,Inside Sales Rep,1,Full-time,63,91.4,0,1,0,73.3,0.971,61,59,7,88.6,1,1,5.0,15.7,3,0
ORG02979,D,Acer TravelMate,24,Male,Finance,Finance Analyst,3,Contract,14,89.8,2,3,2,67.3,0.775,56,38,8,69.3,0,0,4.0,9.1,1,0
ORG05131,D,Acer TravelMate,26,Female,Sales,Sales Executive,3,Full-time,45,94.3,0,1,0,94.7,0.901,80,70,13,76.7,1,1,5.0,17.3,1,0
ORG03920,D,Lenovo ThinkPad,22,Female,Customer Support,Support Associate,2,Full-time,16,92.6,0,3,0,62.7,0.453,130,91,25,64.0,4,4,3.0,25.8,1,1
ORG03139,C,Dell Latitude,24,Female,Finance,Accounts Executive,1,Full-time,42,98.0,4,1,1,95.0,0.792,43,35,4,83.1,0,0,5.0,2.6,0,0
ORG05627,A,HP ProBook,30,Male,Finance,Accounts Executive,3,Full-time,75,92.4,3,1,0,87.3,0.656,38,32,2,91.0,0,0,3.0,54.4,0,0
ORG04074,A,Lenovo ThinkPad,22,Female,Engineering,QA Analyst,3,Full-time,11,92.1,2,2,0,62.0,0.61,20,15,2,55.2,3,2,3.0,30.6,2,0
ORG05417,C,HP ProBook,28,Male,Engineering,Software Engineer,4,Full-time,92,94.7,0,0,0,76.1,0.823,53,45,3,66.4,2,0,4.0,9.5,1,0
ORG03230,D,HP ProBook,30,Male,Customer Support,Support Associate,3,Full-time,50,93.2,2,1,0,74.7,0.703,144,102,19,62.4,4,1,4.0,8.5,0,0
ORG01827,B,Lenovo ThinkPad,34,Female,Customer Support,Support Lead,4,Full-time,51,97.8,1,0,0,96.8,0.833,104,99,10,63.6,1,1,4.0,18.7,2,0
ORG00594,B,HP ProBook,29,Female,Operations,Ops Associate,2,Full-time,28,100.0,0,0,0,72.2,0.91,108,105,5,75.8,0,0,4.0,4.4,1,0
ORG02726,D,Acer TravelMate,32,Male,Finance,Accounts Executive,3,Full-time,105,91.5,0,0,0,85.0,0.751,44,36,5,72.8,2,0,4.0,25.8,4,0
ORG04138,C,HP ProBook,27,Male,HR,HR Executive,2,Contract,10,93.6,0,2,0,68.8,0.421,22,13,2,63.0,1,1,2.0,7.0,2,0
ORG00561,D,HP ProBook,30,Male,Engineering,Data Analyst,2,Full-time,94,92.4,3,3,0,63.9,0.633,47,36,4,58.6,0,0,3.0,34.9,5,0
ORG04938,B,Dell Latitude,26,Male,Finance,Finance Analyst,2,Full-time,84,97.2,2,1,0,61.8,0.584,30,23,1,50.9,4,1,3.0,18.8,1,1
ORG00244,C,HP ProBook,30,Male,Customer Support,Support Lead,2,Full-time,96,98.5,1,0,0,25.9,0.367,101,78,5,56.8,2,0,2.0,7.5,0,0
ORG04471,C,Lenovo ThinkPad,30,Male,Marketing,Performance Marketer,2,Full-time,106,100.0,0,1,0,80.9,0.878,47,37,3,81.1,2,2,4.0,16.6,3,0
ORG00406,C,Lenovo ThinkPad,25,Male,Marketing,Content Specialist,2,Contract,4,96.6,1,0,0,53.0,0.442,36,25,4,60.5,3,0,2.0,8.6,3,0
ORG01443,A,Dell Latitude,33,Female,Engineering,Software Engineer,4,Full-time,97,88.1,1,4,1,77.3,0.957,24,18,4,68.4,2,0,3.0,26.5,0,0
ORG00262,D,Dell Latitude,27,Male,HR,Talent Acquisition,3,Contract,5,100.0,0,0,0,60.2,0.801,69,60,1,69.4,2,0,3.0,5.6,2,0
ORG05755,C,Dell Latitude,30,Female,Engineering,Data Analyst,2,Full-time,27,100.0,0,4,2,40.6,0.722,53,44,7,63.1,3,1,3.0,23.0,1,1
ORG01690,A,HP ProBook,27,Male,Sales,Account Manager,2,Full-time,100,94.5,4,2,0,95.5,1.0,57,55,6,95.9,1,0,5.0,3.7,1,0
ORG01726,D,MacBook Pro,35,Male,Engineering,QA Analyst,4,Full-time,83,96.7,3,3,0,78.8,,53,45,3,66.3,1,0,5.0,19.3,0,0
ORG02497,C,MacBook Pro,30,Male,Customer Support,Support Associate,1,Full-time,116,94.5,1,2,1,65.5,0.761,127,122,13,73.3,2,1,5.0,18.3,2,0
ORG04225,A,HP ProBook,36,Male,Engineering,Data Scientist,4,Full-time,114,100.0,0,2,0,60.0,0.557,42,38,0,70.5,2,1,4.0,10.5,0,0
ORG00341,C,Dell Latitude,32,Female,Engineering,QA Analyst,2,Full-time,10,90.3,3,1,0,51.5,0.57,38,24,2,66.9,2,0,2.0,31.5,2,0
ORG04387,D,Lenovo ThinkPad,35,Female,Sales,Account Manager,4,Full-time,114,98.9,0,0,0,70.6,0.806,66,64,1,71.1,1,0,5.0,29.1,1,0
ORG01602,B,HP ProBook,30,Male,Engineering,Data Scientist,3,Full-time,20,89.1,1,3,1,49.8,0.75,36,26,4,68.1,2,1,3.0,16.6,1,0
ORG03726,C,Lenovo ThinkPad,28,Male,Finance,Accounts Executive,2,Full-time,41,96.4,2,1,0,71.2,0.77,52,44,3,82.2,3,1,3.0,6.5,0,0
ORG04489,D,Lenovo ThinkPad,38,Female,Sales,Account Manager,4,Full-time,101,95.3,3,1,0,90.5,0.762,58,56,5,80.5,1,1,5.0,20.5,1,0
ORG02786,B,Acer TravelMate,28,Male,Operations,Process Analyst,2,Full-time,80,91.6,1,1,1,45.8,0.588,45,32,5,53.8,0,0,3.0,16.3,0,0
ORG01524,D,Lenovo ThinkPad,26,Female,Finance,Accounts Executive,3,Contract,9,87.7,3,3,1,89.8,0.875,61,45,11,79.9,0,1,3.0,4.0,3,0
ORG04693,D,Acer TravelMate,36,Male,Finance,Finance Analyst,4,Full-time,45,100.0,2,1,0,61.2,0.863,41,31,2,88.4,0,0,4.0,22.1,2,0
ORG05599,C,Lenovo ThinkPad,28,Male,Operations,Ops Associate,3,Full-time,80,95.3,1,1,0,64.1,0.68,102,86,9,50.1,4,2,3.0,20.8,3,0
ORG05850,A,Dell Latitude,30,Male,Finance,Finance Analyst,4,Full-time,83,97.3,1,0,0,82.5,0.906,35,30,2,73.0,2,1,5.0,33.0,3,0
ORG01767,D,Dell Latitude,27,Male,IT,System Admin,2,Contract,7,99.1,3,1,0,69.9,0.81,24,19,1,72.6,1,1,4.0,28.7,3,0
ORG04038,C,Dell Latitude,31,Male,HR,Talent Acquisition,2,Full-time,77,94.9,0,0,0,66.7,0.702,42,32,2,57.2,4,0,4.0,7.5,0,0
ORG04982,A,Dell Latitude,25,Female,Sales,Sales Executive,1,Full-time,58,91.1,1,1,1,68.7,0.622,32,26,3,82.6,1,0,3.0,10.4,1,0
ORG05111,B,HP ProBook,28,Female,Engineering,Software Engineer,3,Full-time,3,95.8,0,0,0,85.2,0.826,55,46,9,99.0,0,0,5.0,29.2,1,0
ORG05901,D,Dell Latitude,31,Male,HR,Talent Acquisition,2,Full-time,120,99.4,1,1,0,50.7,0.503,34,22,3,40.3,2,1,2.0,24.7,1,1
ORG00364,B,Dell Latitude,22,Male,Engineering,QA Analyst,2,Contract,17,96.3,1,0,0,66.5,0.472,25,17,2,62.1,1,1,3.0,7.6,0,0
ORG03243,B,Lenovo ThinkPad,33,Female,Marketing,Content Specialist,3,Full-time,33,95.3,0,2,0,78.2,0.841,59,47,4,83.0,2,0,5.0,8.9,2,0
ORG04663,D,Lenovo ThinkPad,29,Male,Customer Support,Support Lead,3,Full-time,66,100.0,0,0,0,66.1,0.672,80,75,2,67.3,1,2,4.0,36.7,3,0
ORG05027,B,Dell Latitude,22,Female,Customer Support,Support Associate,2,Full-time,64,91.8,3,2,1,55.8,0.564,98,75,19,55.2,2,1,2.0,11.8,0,1
ORG05829,B,MacBook Pro,25,Female,Customer Support,Support Lead,2,Contract,16,94.4,3,0,0,53.9,0.42,90,67,13,60.2,3,6,3.0,32.5,0,1
ORG02563,C,Dell Latitude,21,Male,Finance,Accounts Executive,2,Contract,12,94.1,1,2,0,67.6,0.849,48,37,6,63.1,3,0,4.0,7.3,1,0
ORG04395,A,Dell Latitude,25,Male,Sales,Account Manager,2,Full-time,76,95.2,2,3,0,81.1,0.971,38,32,3,72.2,3,0,3.0,32.9,2,0
ORG05788,C,Dell Latitude,35,Female,HR,Talent Acquisition,4,Full-time,55,92.8,2,0,0,82.6,0.802,48,35,8,72.7,0,1,3.0,37.7,2,0
ORG03084,D,MacBook Pro,32,Male,Finance,Finance Analyst,2,Full-time,109,91.5,1,0,1,62.8,0.553,53,35,5,63.6,1,0,2.0,23.9,2,1
ORG05814,D,HP ProBook,30,Male,Finance,Finance Analyst,4,Full-time,3,97.2,4,3,1,66.2,0.707,54,40,5,71.8,2,1,4.0,41.4,2,0
ORG02103,B,HP ProBook,26,Male,HR,HR Executive,2,Full-time,71,94.8,0,1,0,57.2,0.537,63,45,10,63.9,2,0,3.0,16.0,1,0
ORG00633,C,HP ProBook,25,Male,Engineering,QA Analyst,2,Full-time,84,93.3,4,2,2,76.1,0.995,52,45,7,72.0,3,0,3.0,15.4,1,0
ORG02494,A,Lenovo ThinkPad,31,Male,Marketing,Marketing Executive,3,Full-time,10,96.9,1,1,0,70.8,0.812,43,35,4,77.3,1,0,5.0,37.1,2,0
ORG02666,C,HP ProBook,32,Female,HR,HR Executive,2,Full-time,40,98.0,1,1,1,50.8,0.529,25,18,3,59.0,3,0,2.0,7.8,0,0
ORG04560,C,Lenovo ThinkPad,38,Male,Finance,Finance Analyst,4,Full-time,88,98.3,0,0,0,75.9,0.651,42,39,0,71.0,1,0,5.0,31.8,3,0
ORG04626,D,Dell Latitude,30,Female,Operations,Process Analyst,2,Full-time,41,95.8,3,3,0,92.3,0.802,96,74,13,69.2,0,1,4.0,10.7,0,0
ORG04467,D,Dell Latitude,32,Female,Engineering,Data Scientist,3,Full-time,64,88.9,2,2,0,50.6,0.596,26,19,4,70.1,3,0,2.0,10.4,2,0
ORG02335,D,Acer TravelMate,29,Male,Customer Support,Support Lead,2,Full-time,7,92.1,1,4,0,51.3,0.745,90,64,12,53.8,1,2,3.0,36.1,2,0
ORG04828,A,MacBook Pro,30,Female,Customer Support,Support Associate,2,Full-time,114,97.2,0,0,0,58.4,0.507,125,119,8,61.5,1,0,3.0,9.4,1,0
ORG03620,C,Dell Latitude,30,Female,IT,System Admin,4,Full-time,65,93.0,2,0,0,69.8,0.644,66,55,8,78.2,2,1,4.0,9.4,1,0
ORG03884,A,MacBook Pro,28,Female,Customer Support,Support Lead,2,Full-time,87,97.7,1,2,0,66.0,0.662,117,84,12,65.0,3,2,2.0,5.6,2,0
ORG05649,B,Acer TravelMate,29,Male,Customer Support,Support Associate,2,Full-time,13,89.5,0,1,0,73.4,0.888,124,89,25,81.9,0,1,3.0,7.1,1,0
ORG04212,B,HP ProBook,25,Male,Sales,Account Manager,2,Contract,6,92.0,5,2,0,69.5,0.764,57,43,6,82.6,1,0,4.0,6.7,2,0
ORG01495,C,Acer TravelMate,33,Male,Customer Support,Support Lead,4,Full-time,105,87.4,1,1,1,69.0,0.843,73,55,9,75.5,3,2,3.0,,0,0
ORG02402,D,Dell Latitude,30,Male,Finance,Accounts Executive,2,Full-time,41,95.4,1,0,0,57.0,0.514,52,32,6,63.0,2,1,2.0,10.3,1,0
ORG03875,A,MacBook Pro,29,Female,IT,IT Support,3,Full-time,30,93.8,0,1,0,80.1,0.827,68,52,7,76.0,0,0,4.0,27.3,2,0
ORG01233,B,HP ProBook,34,Male,Engineering,Data Scientist,4,Full-time,39,88.6,2,6,0,65.7,0.673,52,33,9,59.1,1,0,3.0,35.2,0,1
ORG02662,A,MacBook Pro,34,Male,Sales,Account Manager,3,Full-time,72,99.1,0,1,0,86.6,1.0,62,57,5,79.4,0,1,5.0,30.0,1,0
ORG02818,D,Dell Latitude,34,Female,Operations,Ops Associate,3,Full-time,57,91.8,3,1,2,53.1,0.627,98,74,15,64.2,1,0,3.0,11.2,2,0
ORG05765,C,MacBook Pro,28,Female,Customer Support,Support Lead,3,Full-time,39,96.4,1,1,0,65.2,0.695,92,73,13,76.1,0,0,3.0,18.7,3,0
ORG05007,B,Dell Latitude,29,Male,Finance,Accounts Executive,3,Full-time,41,91.9,4,1,0,38.2,0.768,73,53,9,48.9,2,1,3.0,17.3,1,0
ORG04154,A,Dell Latitude,30,Female,Customer Support,Support Lead,3,Contract,3,87.4,1,2,0,83.3,0.825,133,109,21,67.1,0,2,5.0,14.7,1,0
ORG04694,B,Lenovo ThinkPad,33,Male,HR,HR Executive,3,Full-time,67,93.7,2,1,0,83.1,0.801,67,53,8,97.1,0,0,4.0,27.6,1,0
ORG03062,A,HP ProBook,25,Male,Customer Support,Support Associate,1,Full-time,101,96.2,0,1,0,79.0,0.635,122,97,14,57.2,0,2,3.0,17.4,0,0
ORG05533,C,HP ProBook,22,Male,Customer Support,Support Lead,2,Full-time,15,99.9,1,1,0,43.9,0.5,79,61,5,74.5,0,1,2.0,12.3,1,0
ORG00690,A,HP ProBook,21,Male,Customer Support,Support Associate,2,Full-time,10,96.1,1,2,1,71.2,0.753,99,75,12,78.4,0,1,5.0,41.6,4,0
ORG01736,A,Dell Latitude,33,Female,Finance,Accounts Executive,3,Full-time,76,97.3,0,1,0,98.0,0.754,52,48,1,85.8,1,0,5.0,13.9,1,0
ORG02824,D,HP ProBook,30,Male,IT,IT Support,2,Full-time,81,88.6,2,0,0,66.0,0.667,29,20,3,72.3,0,0,4.0,6.8,0,0
ORG04314,A,HP ProBook,28,Female,HR,Talent Acquisition,2,Full-time,119,98.6,1,0,0,49.2,0.577,66,54,1,49.9,1,1,4.0,24.5,1,0
ORG02476,C,Lenovo ThinkPad,39,Female,Engineering,Software Engineer,5,Full-time,118,92.7,0,3,1,66.1,0.869,34,33,2,89.1,0,0,4.0,11.5,0,0
ORG02565,A,Acer TravelMate,21,Male,Operations,Ops Associate,1,Full-time,18,90.8,1,2,0,50.3,0.562,97,71,16,63.5,2,0,3.0,8.2,1,0
ORG05314,A,Dell Latitude,28,Male,Operations,Ops Associate,2,Full-time,44,97.1,2,0,1,26.8,0.284,108,66,14,35.4,9,5,2.0,13.2,3,1
ORG04921,A,Acer TravelMate,28,Female,Sales,Account Manager,3,Contract,14,94.2,1,2,0,72.9,0.981,68,66,4,92.1,0,0,5.0,23.1,1,0
ORG00708,C,Acer TravelMate,34,Male,Finance,Accounts Executive,3,Full-time,110,95.3,1,1,1,55.5,0.505,48,35,5,61.2,2,2,1.0,10.3,0,0
ORG03047,B,HP ProBook,30,Female,Customer Support,Support Lead,3,Full-time,91,99.6,1,0,0,56.0,0.588,114,85,12,57.1,3,0,3.0,44.7,3,1
ORG05382,B,Dell Latitude,26,Female,Operations,Ops Lead,3,Full-time,5,95.6,2,1,0,87.5,0.856,72,54,11,54.2,3,0,4.0,17.9,5,1
ORG04809,B,Lenovo ThinkPad,27,Female,Customer Support,Support Associate,2,Full-time,95,94.1,1,3,0,72.3,0.794,130,116,18,85.9,1,2,3.0,52.0,1,1
ORG00073,C,Acer TravelMate,36,Male,HR,Talent Acquisition,3,Full-time,106,98.9,1,0,0,73.3,0.721,41,35,1,86.0,1,0,5.0,9.3,2,0
ORG05904,C,Lenovo ThinkPad,25,Female,Finance,Finance Analyst,2,Full-time,35,91.8,4,3,1,49.4,0.605,20,13,2,60.0,3,0,2.0,17.8,0,0
ORG01191,D,MacBook Pro,38,Female,Customer Support,Support Lead,4,Full-time,20,88.7,2,3,3,95.6,0.903,82,67,14,83.6,1,1,4.0,18.1,3,0
ORG02602,A,HP ProBook,29,Male,Operations,Process Analyst,2,Full-time,96,100.0,0,1,0,30.3,0.495,60,45,5,42.4,3,0,3.0,32.4,0,1
ORG01126,B,Dell Latitude,26,Male,Customer Support,Support Associate,2,Full-time,42,91.7,3,3,0,64.0,0.602,76,46,14,69.6,2,1,2.0,24.6,3,1
ORG01242,B,HP ProBook,26,Male,Sales,Sales Executive,3,Full-time,67,96.7,2,1,0,62.6,0.512,69,53,6,63.9,0,1,2.0,17.4,2,0
ORG05652,B,MacBook Pro,27,Male,Customer Support,Support Lead,2,Full-time,33,94.9,1,3,0,73.6,0.797,88,74,5,82.6,0,0,4.0,30.4,1,0
ORG05207,C,Lenovo ThinkPad,34,Male,Engineering,DevOps Engineer,4,Full-time,75,90.0,2,2,1,64.5,0.494,52,37,9,68.4,0,0,3.0,20.5,0,0
ORG03352,C,Dell Latitude,30,Male,Engineering,DevOps Engineer,3,Full-time,33,93.5,2,2,0,61.5,0.729,29,19,4,68.3,1,0,3.0,15.1,0,0
ORG04009,D,Acer TravelMate,33,Female,Engineering,Data Analyst,3,Full-time,116,95.2,2,1,0,83.6,0.935,36,29,4,79.5,2,1,5.0,9.7,1,0
ORG01578,B,Dell Latitude,29,Male,HR,Talent Acquisition,3,Full-time,80,95.0,2,4,1,70.4,0.792,42,36,5,85.2,2,0,4.0,13.8,1,0
ORG03907,D,Dell Latitude,27,Female,HR,Talent Acquisition,3,Full-time,94,97.5,0,2,0,69.0,0.891,64,57,4,84.0,0,0,4.0,,2,0
ORG03730,B,Dell Latitude,28,Male,Finance,Accounts Executive,3,Contract,12,97.8,0,0,0,91.0,0.997,35,33,1,88.6,0,0,5.0,5.7,1,0
ORG01344,D,MacBook Pro,24,Female,Operations,Ops Lead,3,Contract,13,93.6,0,1,0,71.1,0.767,87,72,10,63.2,2,0,4.0,12.4,1,0
ORG02925,B,HP ProBook,32,Male,Engineering,DevOps Engineer,4,Full-time,15,98.0,0,1,0,60.8,0.775,48,40,2,67.0,2,0,4.0,25.4,1,1
ORG00441,B,Dell Latitude,25,Female,HR,Talent Acquisition,2,Contract,17,95.9,1,0,0,,0.711,53,51,2,89.0,0,0,4.0,3.4,0,0
ORG01101,D,MacBook Pro,44,Male,Engineering,Software Engineer,5,Full-time,92,94.4,1,2,1,46.0,0.804,71,51,8,62.9,1,1,4.0,19.7,1,0
ORG02638,A,HP ProBook,37,Female,Engineering,DevOps Engineer,4,Full-time,69,92.7,2,3,0,77.4,1.0,45,42,5,72.8,2,0,5.0,22.0,2,1
ORG04435,A,HP ProBook,25,Female,Operations,Ops Associate,1,Full-time,91,98.6,0,0,0,92.5,0.832,79,71,6,97.4,0,0,5.0,11.3,0,0
ORG00650,C,HP ProBook,26,Female,Engineering,QA Analyst,2,Full-time,101,93.5,1,1,0,45.3,0.716,40,30,4,62.6,3,1,3.0,11.6,1,0
ORG01547,B,Dell Latitude,30,Female,Sales,Account Manager,3,Full-time,82,97.4,0,1,0,44.1,0.616,49,40,1,53.6,3,1,4.0,26.8,0,1
ORG04790,C,Dell Latitude,25,Female,Operations,Ops Associate,3,Full-time,67,96.8,2,2,0,71.0,0.891,95,73,12,75.3,1,0,4.0,20.1,0,0
ORG05210,C,Dell Latitude,37,Male,Engineering,Data Scientist,5,Full-time,24,100.0,0,0,0,73.8,0.599,57,53,2,74.2,3,0,4.0,13.6,0,0
ORG02853,B,Lenovo ThinkPad,32,Male,HR,Talent Acquisition,3,Full-time,48,100.0,1,0,0,43.3,0.553,26,19,0,65.7,2,0,4.0,13.3,0,0
ORG03504,A,HP ProBook,29,Male,Operations,Process Analyst,2,Full-time,52,92.9,3,2,1,66.4,0.738,62,54,7,87.0,1,0,3.0,15.1,0,0
ORG05521,C,MacBook Pro,29,Female,Customer Support,Support Lead,2,Full-time,50,88.9,1,2,0,67.0,0.626,104,69,17,72.1,1,1,2.0,9.6,0,0
ORG00631,D,Acer TravelMate,25,Male,Marketing,Marketing Executive,1,Full-time,98,100.0,0,2,0,57.8,0.65,27,21,1,66.1,0,0,3.0,8.3,1,0
ORG01250,B,Lenovo ThinkPad,31,Male,Marketing,Performance Marketer,4,Full-time,66,93.9,1,2,1,65.3,0.69,67,62,2,85.2,0,0,3.0,10.3,1,0
ORG04303,C,Lenovo ThinkPad,27,Male,IT,IT Support,3,Contract,17,96.8,0,0,0,86.0,0.863,61,55,5,72.4,3,1,5.0,11.5,1,0
ORG00483,B,Acer TravelMate,29,Female,Operations,Ops Associate,1,Full-time,97,92.8,0,0,0,71.5,0.706,82,59,14,70.9,2,1,3.0,24.7,1,0
ORG01585,B,HP ProBook,30,Female,Operations,Ops Associate,3,Full-time,97,97.8,1,1,0,94.9,0.88,93,85,11,91.0,1,1,5.0,7.9,2,0
ORG01463,C,HP ProBook,29,Male,Engineering,DevOps Engineer,3,Full-time,89,95.2,1,1,0,74.6,0.648,30,25,2,69.0,1,0,3.0,22.0,2,0
ORG03041,B,Lenovo ThinkPad,27,Male,Sales,Inside Sales Rep,2,Full-time,82,100.0,0,1,0,78.7,0.659,63,56,0,62.7,1,2,4.0,10.5,0,0
ORG04846,B,Dell Latitude,21,Male,Sales,Inside Sales Rep,1,Full-time,85,100.0,1,0,0,27.8,0.158,48,35,0,52.2,0,1,2.0,8.7,0,1
ORG03274,D,Lenovo ThinkPad,27,Female,Finance,Accounts Executive,2,Full-time,34,92.2,3,2,1,79.5,0.907,48,39,9,81.3,4,1,3.0,24.2,2,0
ORG03684,D,HP ProBook,28,Male,Customer Support,Support Lead,3,Full-time,69,94.2,0,1,0,59.6,1.0,62,54,4,82.4,2,1,5.0,10.8,2,0
ORG04146,B,Acer TravelMate,31,Female,Sales,Sales Executive,2,Full-time,34,89.8,3,0,0,67.2,0.729,45,34,7,69.5,1,1,3.0,16.8,2,0
ORG04615,A,Dell Latitude,21,Male,Sales,Inside Sales Rep,1,Full-time,27,92.1,0,8,0,45.8,0.564,61,43,7,60.5,1,1,2.0,19.6,0,1
ORG03226,C,Dell Latitude,24,Male,HR,Talent Acquisition,2,Full-time,28,88.2,9,1,3,52.0,0.483,25,18,2,72.8,1,0,2.0,7.6,1,1
ORG01073,B,MacBook Pro,28,Male,Customer Support,Support Lead,2,Full-time,119,100.0,0,0,0,60.4,0.617,105,80,4,66.6,6,2,4.0,14.6,0,1
ORG02632,C,HP ProBook,26,Female,Customer Support,Support Lead,2,Full-time,51,100.0,0,0,0,88.9,0.818,71,69,2,78.3,0,0,4.0,37.6,2,0
ORG01661,B,Lenovo ThinkPad,32,Male,Engineering,Data Analyst,3,Full-time,41,98.0,0,1,1,71.9,0.643,50,40,5,60.0,2,1,3.0,17.5,0,0
ORG02426,B,Lenovo ThinkPad,27,Male,Finance,Finance Analyst,2,Contract,16,88.2,5,2,0,73.9,0.731,45,32,7,66.7,2,3,3.0,25.2,1,0
ORG05320,B,MacBook Pro,29,Male,Sales,Sales Executive,2,Full-time,59,100.0,1,0,0,61.9,0.461,55,45,2,57.8,3,3,3.0,16.6,0,0
ORG03098,C,HP ProBook,28,Female,Sales,Account Manager,3,Full-time,102,92.7,2,1,2,84.8,0.909,64,51,7,71.3,2,0,5.0,17.2,2,0
ORG03977,B,Dell Latitude,25,Male,Engineering,Data Analyst,2,Full-time,93,100.0,0,0,0,54.7,0.565,36,28,0,65.9,0,0,4.0,15.0,2,0
ORG05646,A,Acer TravelMate,29,Female,Sales,Account Manager,2,Full-time,81,95.3,0,2,0,64.9,0.855,59,54,4,74.0,0,2,4.0,7.6,1,0
ORG05993,D,Dell Latitude,27,Female,IT,IT Support,3,Full-time,22,93.8,0,1,0,98.0,0.842,24,21,3,71.2,5,0,4.0,20.4,0,0
ORG04971,A,Dell Latitude,23,Female,Operations,Ops Lead,2,Full-time,23,86.9,3,5,0,58.0,0.525,45,29,7,68.6,5,1,1.0,7.7,2,1
ORG04998,B,Lenovo ThinkPad,35,Female,Customer Support,Support Lead,4,Full-time,32,86.2,5,1,0,72.6,0.747,120,86,25,77.2,1,3,4.0,13.4,3,0
ORG01409,C,Dell Latitude,24,Male,Marketing,Content Specialist,3,Full-time,12,96.7,0,0,0,82.4,0.987,73,69,5,85.8,1,0,5.0,10.9,0,0
ORG01846,B,MacBook Pro,26,Male,Operations,Ops Lead,2,Full-time,99,94.7,2,2,2,59.2,0.492,74,57,7,75.1,1,1,2.0,73.1,5,0
ORG01799,C,Lenovo ThinkPad,23,Female,Customer Support,Support Lead,2,Full-time,31,90.7,6,5,0,66.3,0.724,96,58,22,62.8,3,5,2.0,14.6,1,0
ORG03958,B,HP ProBook,21,Female,IT,IT Support,1,Contract,4,98.6,2,0,0,48.1,0.324,14,11,0,67.9,0,1,2.0,8.0,0,1
ORG01476,D,HP ProBook,24,Male,Customer Support,Support Associate,1,Full-time,93,92.4,0,2,0,57.0,0.456,131,92,18,53.6,2,1,2.0,7.9,0,1
ORG00036,C,Acer TravelMate,24,Female,Engineering,Data Analyst,3,Contract,6,90.9,2,4,1,81.8,0.773,60,47,8,84.4,1,0,4.0,39.6,3,0
ORG00445,B,Acer TravelMate,21,Male,Sales,Sales Executive,1,Full-time,63,93.1,0,0,0,61.8,0.65,40,31,2,61.6,2,2,3.0,14.2,1,0
ORG02360,D,Lenovo ThinkPad,31,Male,Engineering,Data Analyst,4,Full-time,12,93.4,4,0,0,61.7,0.645,30,26,3,77.0,1,0,3.0,23.5,2,0
ORG03655,B,Dell Latitude,26,Male,Sales,Account Manager,2,Full-time,57,97.9,0,2,0,37.3,0.351,72,51,9,39.9,6,1,1.0,12.3,0,1
ORG03180,B,Lenovo ThinkPad,32,Female,Customer Support,Support Associate,2,Full-time,106,96.3,2,0,1,62.7,0.699,126,97,14,54.1,2,2,4.0,13.9,0,1
ORG01287,D,HP ProBook,28,Male,Sales,Sales Executive,2,Full-time,72,91.1,0,0,0,73.1,0.587,71,50,12,63.9,1,3,2.0,16.2,3,0
ORG04670,D,HP ProBook,29,Female,Sales,Inside Sales Rep,3,Full-time,47,93.4,2,3,1,40.7,0.651,48,33,6,56.1,1,1,3.0,27.3,0,1
ORG03417,A,Dell Latitude,33,Male,Operations,Process Analyst,2,Full-time,80,94.6,0,0,0,84.5,0.828,78,66,11,95.3,1,1,4.0,20.4,2,0
ORG02138,B,Dell Latitude,26,Male,Finance,Finance Analyst,4,Full-time,8,94.4,2,2,0,63.4,0.518,54,38,8,61.6,1,0,3.0,22.5,3,1
ORG02637,A,Acer TravelMate,27,Male,Customer Support,Support Lead,2,Full-time,8,100.0,1,0,0,81.5,0.798,79,72,0,66.7,2,0,5.0,33.9,2,0
ORG04017,A,Dell Latitude,29,Male,Sales,Account Manager,2,Contract,17,90.6,2,3,0,68.5,0.522,61,43,8,61.5,0,0,2.0,3.6,0,0
ORG06099,D,MacBook Pro,25,Male,Operations,Ops Associate,1,Full-time,84,95.8,0,0,1,98.0,0.993,55,50,3,97.6,0,0,5.0,21.3,0,0
ORG01682,A,MacBook Pro,25,Male,HR,Talent Acquisition,2,Contract,2,95.3,1,2,0,69.8,0.659,48,44,4,67.8,4,2,4.0,2.0,0,0
ORG04582,A,Acer TravelMate,22,Female,Finance,Accounts Executive,1,Full-time,26,93.8,0,0,0,71.3,0.973,46,37,4,73.8,1,0,3.0,13.4,1,0
ORG01693,C,Lenovo ThinkPad,25,Male,Sales,Sales Executive,3,Contract,14,100.0,0,0,0,66.4,0.69,76,66,4,65.5,3,3,3.0,6.6,2,0
ORG04649,C,HP ProBook,35,Male,Sales,Account Manager,4,Full-time,74,97.5,0,1,0,85.9,1.0,41,40,4,98.9,1,1,5.0,25.2,2,0
ORG05023,C,MacBook Pro,30,Female,Marketing,Performance Marketer,3,Full-time,40,97.4,0,0,0,62.4,0.52,64,58,2,72.3,0,0,3.0,20.7,1,0
ORG03636,A,Dell Latitude,39,Male,Engineering,Software Engineer,3,Full-time,82,97.9,0,1,0,74.5,0.803,44,42,4,70.6,1,0,4.0,20.1,1,0
ORG00373,B,Dell Latitude,35,Male,Sales,Sales Executive,3,Full-time,55,93.9,3,0,2,60.9,0.566,78,52,10,70.7,1,0,3.0,22.3,1,0
ORG04840,A,Lenovo ThinkPad,32,Female,Engineering,QA Analyst,3,Full-time,53,98.4,0,0,0,58.6,0.507,36,30,1,62.6,3,1,4.0,34.5,1,0
ORG00141,A,HP ProBook,29,Male,Customer Support,Support Lead,3,Full-time,55,94.0,1,3,0,65.9,0.743,114,90,16,67.9,3,1,3.0,14.7,2,0
ORG05881,C,Dell Latitude,31,Female,Sales,Account Manager,3,Full-time,90,90.0,2,2,1,81.8,0.967,55,40,9,72.6,1,2,3.0,15.2,0,0
ORG05186,A,HP ProBook,36,Female,Marketing,Marketing Executive,2,Full-time,118,94.2,3,2,1,63.3,0.621,57,46,4,65.5,1,0,2.0,21.9,2,0
ORG00715,C,Lenovo ThinkPad,30,Male,Finance,Accounts Executive,1,Full-time,27,96.6,2,1,3,83.3,0.763,18,16,1,61.8,2,0,4.0,8.2,0,0
ORG03189,B,Lenovo ThinkPad,31,Male,Engineering,Software Engineer,2,Contract,4,95.8,2,1,0,57.7,0.663,52,42,5,60.8,4,1,3.0,9.5,1,1
ORG05570,B,Lenovo ThinkPad,33,Female,Marketing,Content Specialist,2,Full-time,86,97.0,1,0,0,57.3,0.539,54,45,2,58.7,3,1,4.0,24.3,1,0
ORG04411,A,Lenovo ThinkPad,23,Male,Sales,Inside Sales Rep,3,Full-time,16,91.8,1,3,1,57.6,0.452,59,43,7,52.4,2,3,3.0,48.4,0,0
ORG00407,D,Lenovo ThinkPad,21,Male,Sales,Inside Sales Rep,1,Full-time,56,94.5,2,2,1,73.8,0.644,43,33,4,63.2,1,2,3.0,24.0,1,0
ORG00021,A,Acer TravelMate,28,Female,Finance,Finance Analyst,3,Contract,1,93.2,1,2,3,60.3,0.663,66,52,8,92.0,0,0,4.0,30.3,2,0
ORG01005,D,HP ProBook,21,Female,Operations,Ops Associate,1,Full-time,20,88.8,4,0,0,60.5,0.547,55,43,7,69.4,1,1,2.0,7.3,1,0
ORG02412,A,Dell Latitude,39,Female,IT,System Admin,3,Full-time,116,97.6,0,0,0,70.4,0.635,31,23,2,79.1,1,0,3.0,10.0,1,0
ORG02546,A,HP ProBook,28,Male,Sales,Sales Executive,2,Full-time,116,94.8,0,1,0,52.6,0.487,72,59,5,48.6,2,2,3.0,10.6,1,0
ORG02391,C,HP ProBook,35,Male,Operations,Ops Lead,4,Full-time,68,96.2,2,1,0,98.0,0.969,49,46,3,94.6,0,0,5.0,25.7,0,0
ORG06131,B,Dell Latitude,24,Male,Sales,Inside Sales Rep,2,Full-time,32,95.0,1,0,1,71.7,0.898,68,64,6,83.2,0,0,4.0,12.9,1,0
ORG00043,D,Lenovo ThinkPad,24,Female,Finance,Finance Analyst,3,Full-time,20,97.0,0,0,0,85.3,0.789,46,42,4,83.4,1,2,4.0,27.9,1,0
ORG02831,A,HP ProBook,27,Female,Sales,Sales Executive,2,Full-time,52,98.9,0,0,0,73.9,0.904,50,47,0,78.5,0,0,5.0,18.6,1,0
ORG03372,A,HP ProBook,26,Female,Engineering,Data Analyst,2,Full-time,19,91.4,1,2,1,62.1,0.809,21,16,2,81.4,0,0,4.0,9.2,2,0
ORG03023,A,Dell Latitude,35,Female,Customer Support,Support Lead,4,Full-time,14,88.4,4,0,0,67.1,0.729,135,96,24,81.0,1,2,3.0,10.5,0,0
ORG03365,C,Lenovo ThinkPad,24,Female,Sales,Inside Sales Rep,1,Full-time,75,96.5,1,0,0,55.7,0.517,41,31,1,47.6,4,2,3.0,22.3,1,1
ORG00012,D,HP ProBook,21,Female,Marketing,Marketing Executive,1,Full-time,4,95.3,5,4,2,62.0,0.75,38,25,6,61.1,0,0,2.0,6.6,1,0
ORG01178,D,Lenovo ThinkPad,31,Female,Sales,Account Manager,4,Full-time,69,91.9,3,2,0,64.4,0.828,83,72,9,73.4,0,0,3.0,35.8,0,0
ORG01948,D,HP ProBook,28,Female,Marketing,Performance Marketer,4,Full-time,38,95.6,3,2,0,73.3,0.839,55,52,5,81.8,0,0,4.0,23.1,0,0
ORG02502,D,HP ProBook,33,Male,Operations,Process Analyst,4,Full-time,53,100.0,0,0,0,74.5,0.894,57,53,3,84.2,1,0,5.0,16.8,3,0
ORG02864,D,Dell Latitude,33,Female,Engineering,Data Analyst,3,Full-time,72,93.7,2,2,2,61.4,0.636,37,30,4,66.7,3,1,3.0,25.3,1,0
ORG03866,D,HP ProBook,25,Female,Sales,Account Manager,2,Contract,15,93.8,3,2,1,54.2,0.617,65,48,5,63.5,2,2,2.0,23.3,2,0
ORG01027,C,Dell Latitude,32,Female,IT,System Admin,3,Full-time,37,92.9,0,1,0,65.1,0.679,51,41,5,61.5,0,2,4.0,10.7,2,1
ORG03849,D,HP ProBook,27,Male,Sales,Inside Sales Rep,2,Contract,7,88.4,5,3,0,89.8,0.823,52,37,11,77.5,1,0,4.0,12.4,1,0
ORG02990,D,HP ProBook,27,Female,Operations,Process Analyst,2,Full-time,94,98.4,1,0,0,55.7,0.636,105,92,12,75.3,4,0,4.0,20.4,1,0
ORG00962,A,Lenovo ThinkPad,31,Female,Customer Support,Support Associate,2,Full-time,118,95.4,2,1,1,85.6,0.812,127,106,13,60.0,5,2,3.0,47.8,2,0
ORG02890,D,Dell Latitude,26,Male,Engineering,Data Analyst,3,Full-time,10,91.5,2,1,1,65.1,0.683,23,17,2,77.0,1,0,3.0,30.2,3,0
ORG03016,D,HP ProBook,28,Female,Finance,Accounts Executive,1,Full-time,49,90.9,2,1,2,86.5,0.622,48,33,6,73.2,1,0,,16.6,2,0
ORG03339,D,Dell Latitude,25,Male,Sales,Sales Executive,3,Full-time,17,92.6,2,3,1,84.8,0.875,45,35,6,75.1,5,2,5.0,27.7,1,0
ORG04448,C,Dell Latitude,29,Male,Customer Support,Support Lead,2,Full-time,115,100.0,0,0,0,71.8,0.836,82,76,2,79.7,0,0,5.0,26.3,0,0
ORG00736,A,Lenovo ThinkPad,26,Female,Operations,Ops Associate,2,Full-time,41,93.8,2,2,1,75.6,0.881,47,39,7,79.6,0,0,3.0,15.0,1,0
ORG01441,A,Lenovo ThinkPad,23,Male,Sales,Sales Executive,1,Full-time,34,90.1,2,0,0,42.2,0.466,45,26,8,65.7,3,3,1.0,19.2,0,1
ORG02876,A,Dell Latitude,34,Female,Engineering,DevOps Engineer,5,Full-time,71,97.9,1,2,1,98.0,0.954,54,49,4,85.0,1,0,5.0,32.2,2,0
ORG03987,B,MacBook Pro,29,Male,Sales,Sales Executive,3,Full-time,87,98.2,0,1,0,60.1,0.644,51,37,2,63.7,0,0,3.0,9.1,1,0
ORG00917,C,Dell Latitude,28,Male,Engineering,QA Analyst,4,Full-time,90,91.1,1,2,0,73.8,0.778,51,37,5,73.6,0,0,3.0,15.7,2,0
ORG06046,D,Dell Latitude,38,Male,Sales,Inside Sales Rep,3,Full-time,65,97.4,1,2,2,68.4,0.439,59,50,3,53.4,1,0,3.0,22.3,1,0
ORG04090,D,HP ProBook,25,Female,Engineering,Data Analyst,2,Full-time,68,89.5,2,2,0,75.5,0.689,32,23,5,74.4,0,0,2.0,16.7,1,0
ORG05831,B,Lenovo ThinkPad,27,Male,Operations,Ops Associate,1,Full-time,118,91.6,3,1,0,54.2,0.446,101,64,10,60.9,1,1,2.0,7.1,0,1
ORG05101,D,MacBook Pro,25,Male,Operations,Process Analyst,3,Contract,11,98.0,1,2,0,69.8,0.757,73,54,4,70.0,4,2,3.0,11.5,1,0
ORG02773,B,Lenovo ThinkPad,21,Male,Marketing,Marketing Executive,1,Contract,12,91.7,2,2,1,37.2,0.498,26,14,3,51.9,4,0,1.0,21.2,1,1
ORG01625,D,Dell Latitude,31,Male,Sales,Account Manager,3,Full-time,96,97.0,1,1,0,59.2,0.772,56,49,2,71.1,3,0,3.0,22.0,3,0
ORG05000,D,MacBook Pro,33,Male,Operations,Ops Lead,3,Full-time,76,100.0,0,1,0,58.2,0.678,74,68,1,66.4,1,0,3.0,23.2,3,0
ORG00822,C,HP ProBook,35,Male,Operations,Ops Lead,3,Full-time,68,94.6,0,1,2,98.0,1.0,62,56,4,82.3,0,0,5.0,23.1,3,0
ORG01368,D,Lenovo ThinkPad,29,Female,Engineering,QA Analyst,3,Full-time,28,93.8,2,2,0,98.0,0.946,48,41,3,90.4,1,0,4.0,19.7,3,0
ORG03713,A,Dell Latitude,28,Female,IT,IT Support,2,Full-time,11,84.6,2,7,2,89.8,0.698,49,36,9,77.0,0,0,3.0,11.6,2,0
ORG05670,A,Dell Latitude,31,Male,HR,Talent Acquisition,3,Full-time,46,94.5,4,2,0,47.9,0.544,34,26,3,56.7,4,0,2.0,11.4,2,1
ORG00851,D,Lenovo ThinkPad,32,Female,Engineering,Data Scientist,3,Full-time,120,91.3,4,1,3,56.5,0.668,50,38,6,73.1,0,0,3.0,11.8,1,0
ORG01001,C,HP ProBook,40,Male,Engineering,Software Engineer,5,Full-time,62,97.3,0,3,1,93.5,0.928,70,56,7,77.1,1,0,4.0,44.4,3,0
ORG05009,D,HP ProBook,29,Male,Finance,Accounts Executive,3,Full-time,16,99.2,0,1,0,78.2,0.787,53,44,3,71.7,1,0,4.0,19.3,3,0
ORG04115,B,Dell Latitude,27,Male,Finance,Finance Analyst,3,Full-time,13,97.3,2,5,0,53.7,0.698,44,27,6,63.1,4,2,4.0,31.1,1,0
ORG01638,A,HP ProBook,34,Male,Marketing,Performance Marketer,4,Full-time,117,97.0,1,0,0,62.2,0.564,75,64,4,65.9,1,0,4.0,9.4,2,0
ORG01668,C,Dell Latitude,32,Male,Sales,Account Manager,4,Full-time,33,93.2,2,2,0,73.2,0.85,90,76,12,71.0,1,1,3.0,21.5,2,0
ORG03174,B,Dell Latitude,29,Male,IT,System Admin,3,Full-time,45,96.7,0,1,0,70.7,0.7,54,47,5,62.6,1,0,3.0,18.9,0,1
ORG04794,A,MacBook Pro,31,Female,IT,IT Support,1,Full-time,109,95.8,0,2,0,63.4,0.627,42,31,3,71.3,1,0,2.0,3.6,0,0
ORG01348,D,Dell Latitude,24,Female,Sales,Inside Sales Rep,2,Full-time,4,89.6,6,3,2,42.1,0.382,56,32,9,45.8,3,0,2.0,14.5,0,0
ORG04924,A,Dell Latitude,30,Female,Marketing,Performance Marketer,3,Full-time,32,95.1,1,5,0,63.7,0.773,46,41,6,89.6,0,0,4.0,17.0,1,0
ORG03231,D,Dell Latitude,28,Male,Customer Support,Support Lead,3,Full-time,25,92.1,0,1,0,65.5,0.562,61,56,3,71.6,4,1,3.0,8.5,0,0
ORG01418,C,Lenovo ThinkPad,29,Female,Customer Support,Support Lead,3,Full-time,34,100.0,0,1,0,77.8,0.72,140,125,9,73.5,1,1,5.0,16.1,1,0
ORG05055,B,Acer TravelMate,21,Female,HR,Talent Acquisition,2,Full-time,14,94.1,1,1,0,74.8,0.909,24,22,1,88.8,1,0,5.0,29.4,1,0
ORG03233,D,HP ProBook,30,Male,Customer Support,Support Associate,3,Full-time,70,95.8,3,0,0,66.6,0.767,142,112,19,75.4,0,1,3.0,30.5,1,0
ORG05161,C,Dell Latitude,21,Male,IT,IT Support,1,Full-time,20,93.3,3,4,1,56.4,0.463,40,33,3,59.2,2,1,3.0,31.1,1,0
ORG00704,C,MacBook Pro,24,Male,Marketing,Content Specialist,1,Full-time,22,92.4,0,3,0,59.7,0.591,42,34,4,66.1,4,1,3.0,11.8,1,1
ORG05028,D,Lenovo ThinkPad,27,Female,Sales,Inside Sales Rep,2,Contract,2,96.1,2,1,1,77.6,0.934,56,48,7,77.0,0,1,5.0,8.0,1,0
ORG03292,C,Dell Latitude,33,Female,Finance,Finance Analyst,4,Full-time,105,99.8,1,1,0,65.4,0.642,40,32,2,64.8,1,0,3.0,11.8,2,0
ORG03674,D,Lenovo ThinkPad,29,Male,Sales,Sales Executive,1,Full-time,109,100.0,0,0,0,91.4,0.817,64,62,0,,0,0,5.0,5.3,1,0
ORG02409,D,HP ProBook,30,Male,Sales,Inside Sales Rep,1,Full-time,113,91.3,3,3,0,54.1,0.498,43,29,6,67.7,1,1,2.0,25.4,1,1
ORG01328,B,MacBook Pro,31,Female,Operations,Ops Associate,3,Full-time,50,100.0,0,0,0,80.2,0.883,109,101,3,77.5,2,0,5.0,20.8,2,0
ORG05877,B,Dell Latitude,22,Female,Operations,Ops Lead,3,Full-time,11,94.5,0,1,3,90.6,0.925,83,70,9,85.7,1,0,5.0,24.3,0,0
ORG06091,B,Lenovo ThinkPad,28,Female,Engineering,Data Analyst,2,Full-time,106,92.4,2,1,0,62.6,0.615,36,31,4,68.1,1,0,3.0,11.0,0,0
ORG05272,B,Lenovo ThinkPad,26,Female,Marketing,Marketing Executive,1,Full-time,56,97.9,1,3,1,87.0,0.827,51,43,8,76.8,2,0,4.0,13.7,2,0
ORG00987,A,Dell Latitude,27,Male,Sales,Sales Executive,2,Full-time,38,97.2,0,4,0,80.1,1.0,68,65,9,98.6,1,2,5.0,28.9,1,0
ORG05725,B,Lenovo ThinkPad,25,Male,HR,HR Executive,1,Full-time,29,,0,1,0,76.4,0.812,28,24,1,70.2,3,2,4.0,14.1,1,0
ORG05425,D,HP ProBook,23,Female,Marketing,Performance Marketer,2,Full-time,109,97.9,0,0,0,79.8,0.736,69,67,1,94.9,0,0,4.0,24.6,2,0
ORG01157,B,Dell Latitude,27,Male,Engineering,Data Analyst,2,Full-time,10,93.3,1,2,1,66.6,0.728,22,18,1,86.2,0,0,4.0,7.1,0,0
ORG04050,B,Dell Latitude,24,Female,Finance,Accounts Executive,1,Full-time,82,96.0,2,2,0,63.0,0.79,18,16,1,67.5,3,0,3.0,26.3,2,1
ORG03486,C,Dell Latitude,21,Female,Finance,Accounts Executive,2,Full-time,30,97.0,0,1,0,65.8,0.694,27,23,1,65.8,2,0,4.0,18.1,2,0
ORG02475,D,Lenovo ThinkPad,27,Female,Sales,Account Manager,2,Full-time,44,96.8,2,0,0,45.9,0.575,74,57,11,56.8,5,2,3.0,7.4,1,1
ORG03874,C,Dell Latitude,31,Female,Engineering,Data Scientist,4,Full-time,50,93.7,1,1,0,79.6,0.9,50,46,5,82.6,2,0,4.0,18.1,2,0
ORG01199,C,HP ProBook,33,Male,Sales,Inside Sales Rep,3,Full-time,32,88.5,4,4,0,50.4,0.548,58,36,9,69.5,1,3,3.0,18.1,2,0
ORG04182,B,Lenovo ThinkPad,30,Male,Engineering,Data Analyst,4,Full-time,65,92.7,1,1,0,66.5,0.769,32,26,3,85.0,0,0,4.0,28.1,3,0
ORG01519,B,HP ProBook,26,Male,Engineering,QA Analyst,2,Contract,15,89.4,5,4,2,77.1,0.669,22,15,3,73.0,1,1,3.0,10.3,0,0
ORG01800,A,Lenovo ThinkPad,23,Female,Operations,Ops Associate,1,Full-time,82,100.0,2,1,1,70.3,0.629,87,77,8,76.5,2,0,3.0,12.9,0,0
ORG01015,C,HP ProBook,25,Male,Sales,Sales Executive,2,Full-time,36,92.6,2,1,0,74.7,0.987,71,58,6,84.2,0,0,5.0,25.1,1,0
ORG00129,A,Acer TravelMate,30,Male,Engineering,Software Engineer,5,Contract,14,95.0,1,1,3,72.9,0.86,43,35,6,95.1,1,0,4.0,18.6,3,0
ORG01365,A,Acer TravelMate,35,Female,Customer Support,Support Lead,4,Full-time,72,97.7,2,1,0,86.0,1.0,138,134,18,75.9,1,4,5.0,24.4,1,0
ORG05688,A,HP ProBook,27,Female,Engineering,Software Engineer,3,Full-time,61,100.0,0,0,1,90.5,0.923,39,38,0,87.8,2,0,5.0,9.1,0,0
ORG00892,C,Acer TravelMate,31,Female,IT,IT Support,3,Full-time,32,100.0,1,0,0,72.6,0.662,65,56,4,70.7,2,1,4.0,8.4,0,0
ORG02794,D,Lenovo ThinkPad,28,Female,IT,IT Support,2,Contract,6,92.1,2,4,0,50.0,0.638,43,32,6,65.2,4,1,2.0,32.2,0,0
ORG05298,C,Dell Latitude,26,Male,Sales,Inside Sales Rep,1,Full-time,19,93.8,0,2,1,84.7,0.841,51,36,4,59.1,1,0,3.0,14.3,2,0
ORG04404,C,Lenovo ThinkPad,25,Female,Sales,Sales Executive,1,Full-time,78,97.2,1,2,1,40.5,0.431,29,19,2,58.6,3,2,2.0,22.2,1,0
ORG06014,A,HP ProBook,26,Male,Operations,Ops Lead,2,Full-time,48,93.0,3,1,1,41.1,0.716,104,82,11,55.9,1,2,2.0,9.3,0,1
ORG05410,D,Acer TravelMate,22,Female,HR,Talent Acquisition,2,Full-time,6,98.0,2,2,0,91.8,0.989,44,43,2,79.2,0,0,4.0,35.0,0,0
ORG03250,B,Lenovo ThinkPad,34,Male,Customer Support,Support Lead,4,Full-time,34,99.6,0,0,0,91.1,0.883,73,71,6,84.8,2,1,4.0,14.7,2,0
ORG01209,C,HP ProBook,24,Female,Sales,Sales Executive,1,Full-time,16,93.5,1,2,0,38.7,0.322,60,37,7,47.8,3,3,2.0,17.6,3,1
ORG03869,D,Dell Latitude,27,Male,Operations,Ops Associate,1,Full-time,84,90.3,0,1,0,72.8,0.776,49,42,6,67.7,1,0,4.0,14.6,0,0
ORG05664,D,Lenovo ThinkPad,32,Female,Engineering,Software Engineer,4,Full-time,11,94.7,2,2,0,52.5,0.607,36,25,4,61.7,4,0,3.0,25.2,0,1
ORG04066,B,MacBook Pro,32,Female,Finance,Accounts Executive,1,Full-time,118,96.2,0,2,0,71.0,0.611,20,16,1,82.1,0,0,4.0,8.9,1,0
ORG05396,B,MacBook Pro,33,Female,Customer Support,Support Associate,3,Full-time,112,95.5,0,4,0,75.0,0.512,70,55,8,71.0,0,1,3.0,14.5,1,0
ORG01240,A,Dell Latitude,33,Male,Engineering,Data Analyst,4,Full-time,50,91.7,1,1,0,76.8,0.806,51,42,6,77.6,1,0,4.0,15.3,0,0
ORG02290,A,HP ProBook,32,Male,Sales,Sales Executive,3,Full-time,3,98.2,0,1,0,45.0,0.399,38,22,2,50.2,0,0,2.0,12.0,1,1
ORG02741,C,Lenovo ThinkPad,29,Female,Engineering,QA Analyst,2,Full-time,91,100.0,0,0,0,64.3,0.556,39,34,3,59.3,1,0,4.0,16.0,1,0
ORG00276,D,Dell Latitude,22,Male,Sales,Inside Sales Rep,1,Full-time,8,94.1,1,4,0,39.0,0.609,37,22,3,64.1,2,2,2.0,19.1,3,0
ORG01036,B,Lenovo ThinkPad,28,Female,Operations,Process Analyst,3,Full-time,41,93.9,2,4,0,60.0,0.777,105,79,11,72.2,1,3,3.0,18.6,1,1
ORG01230,C,Lenovo ThinkPad,34,Female,Engineering,Data Analyst,3,Full-time,83,97.2,0,1,0,72.2,0.871,34,30,0,79.5,0,0,5.0,12.3,1,0
ORG01009,D,HP ProBook,24,Female,Finance,Accounts Executive,2,Full-time,91,89.7,4,5,0,68.4,0.6,69,52,10,71.9,4,1,2.0,25.1,0,1
ORG03829,C,Lenovo ThinkPad,25,Female,Marketing,Marketing Executive,1,Full-time,86,93.3,1,3,1,72.1,0.853,65,55,10,72.3,1,0,4.0,5.7,0,0
ORG02533,B,Dell Latitude,28,Male,Operations,Ops Lead,3,Full-time,81,98.8,0,0,0,48.9,0.733,87,78,1,69.7,5,1,4.0,11.8,1,0
ORG04294,D,Lenovo ThinkPad,28,Female,Operations,Process Analyst,2,Full-time,61,97.1,0,2,0,76.5,0.604,99,81,7,64.6,2,0,3.0,5.3,1,0
ORG01059,C,Dell Latitude,28,Male,Customer Support,Support Associate,1,Full-time,109,93.4,1,0,0,64.5,0.628,97,71,10,65.4,1,5,3.0,11.5,1,0
ORG04677,A,HP ProBook,34,Female,Engineering,Software Engineer,5,Full-time,54,92.1,3,1,1,84.3,0.769,75,59,12,77.7,1,0,2.0,23.6,1,0
ORG00282,C,Lenovo ThinkPad,30,Female,Engineering,Data Scientist,3,Full-time,81,97.0,2,1,0,68.8,0.546,30,26,2,62.0,2,0,4.0,26.8,0,0
ORG01044,C,Lenovo ThinkPad,37,Male,Operations,Ops Lead,3,Full-time,52,94.0,1,3,0,53.8,0.817,92,67,12,70.8,2,0,3.0,16.8,1,1
ORG01317,B,Lenovo ThinkPad,32,Male,Operations,Process Analyst,3,Full-time,102,95.1,0,0,0,65.9,0.813,85,67,13,73.7,2,1,3.0,69.7,0,0
ORG00969,C,Lenovo ThinkPad,21,Male,Customer Support,Support Associate,1,Contract,6,90.9,3,1,1,49.0,0.477,102,64,16,55.9,3,3,2.0,3.4,0,1
ORG02382,B,MacBook Pro,25,Female,Sales,Inside Sales Rep,2,Full-time,47,92.2,5,1,1,57.6,0.506,70,48,7,62.1,0,0,3.0,10.6,1,1
ORG05034,C,Acer TravelMate,28,Male,Customer Support,Support Associate,3,Contract,9,99.6,2,0,1,82.8,0.954,116,113,12,66.5,3,1,5.0,12.4,0,0
ORG01940,B,HP ProBook,29,Male,Engineering,Data Scientist,4,Full-time,49,92.2,2,1,1,77.8,0.668,55,44,5,76.7,0,0,2.0,38.7,4,0
ORG04741,A,Dell Latitude,29,Female,Engineering,Software Engineer,2,Full-time,43,91.7,1,2,0,70.4,0.818,20,15,2,79.2,0,0,3.0,22.5,1,0
ORG01275,B,MacBook Pro,31,Male,Engineering,DevOps Engineer,4,Full-time,100,100.0,2,1,1,53.0,0.806,45,38,2,80.0,1,0,4.0,22.0,2,0
ORG00620,D,Lenovo ThinkPad,32,Other,Engineering,Software Engineer,2,Full-time,59,96.9,0,1,0,72.4,0.87,30,27,3,64.4,1,0,4.0,7.4,1,0
ORG04576,D,Acer TravelMate,33,Female,Engineering,Data Scientist,4,Contract,13,96.9,1,2,1,92.6,0.914,34,27,4,75.6,3,0,5.0,18.4,0,0
ORG01743,D,Dell Latitude,30,Male,Engineering,QA Analyst,3,Full-time,20,96.1,0,1,0,84.3,0.759,18,17,1,89.9,1,0,5.0,8.1,0,0
ORG01391,D,MacBook Pro,21,Male,Marketing,Marketing Executive,1,Full-time,52,97.0,0,3,0,55.6,0.517,58,46,7,59.0,0,0,2.0,13.7,1,0
ORG05137,C,HP ProBook,39,Female,Engineering,Software Engineer,5,Full-time,51,95.9,2,0,0,76.0,0.817,48,41,6,62.9,0,1,4.0,17.5,3,0
ORG01580,D,HP ProBook,24,Female,Marketing,Content Specialist,3,Full-time,33,98.6,0,1,0,63.1,0.748,39,34,5,77.2,2,3,4.0,39.7,0,0
ORG01656,B,Lenovo ThinkPad,33,Male,Customer Support,Support Lead,3,Full-time,55,98.3,0,1,0,58.6,0.668,72,55,6,63.7,2,1,4.0,29.8,1,0
ORG03569,D,MacBook Pro,21,Female,HR,HR Executive,1,Full-time,48,92.9,1,2,2,75.3,0.848,39,31,5,68.7,2,3,4.0,17.0,0,0
ORG02353,A,Dell Latitude,31,Male,Sales,Account Manager,2,Full-time,68,89.2,6,1,1,77.9,0.851,40,33,6,96.7,1,0,3.0,9.2,0,0
ORG02213,B,Dell Latitude,26,Male,Marketing,Marketing Executive,1,Full-time,51,,0,1,0,78.0,0.77,30,25,2,70.9,2,0,4.0,3.3,0,0
ORG04120,B,HP ProBook,27,Male,Customer Support,Support Associate,3,Full-time,60,97.8,1,0,0,84.2,0.662,129,109,15,76.7,1,2,5.0,17.3,2,0
ORG03179,B,HP ProBook,31,Male,Engineering,QA Analyst,4,Full-time,37,98.1,0,1,0,77.5,0.65,44,39,2,79.7,1,0,4.0,22.0,1,0
ORG03193,D,Lenovo ThinkPad,28,Female,Customer Support,Support Associate,2,Full-time,42,97.7,1,3,0,52.9,0.625,94,73,10,74.7,2,1,3.0,23.0,1,0
ORG01308,D,Lenovo ThinkPad,26,Female,Operations,Ops Associate,1,Contract,7,92.1,0,1,2,51.6,0.559,69,43,8,56.5,1,1,2.0,25.1,0,0
ORG00576,D,Dell Latitude,21,Female,Customer Support,Support Associate,1,Full-time,43,98.9,2,1,0,87.5,0.791,97,90,6,80.7,3,2,4.0,5.1,0,0
ORG02361,C,HP ProBook,24,Female,HR,HR Executive,1,Full-time,69,100.0,0,1,0,38.2,0.54,59,46,3,35.8,6,4,4.0,8.0,0,1
ORG01281,B,Dell Latitude,27,Female,Sales,Inside Sales Rep,2,Full-time,66,100.0,0,0,1,98.0,0.965,55,49,3,97.1,0,0,5.0,14.8,2,0
ORG05133,A,Dell Latitude,43,Other,Engineering,Data Scientist,5,Full-time,115,91.5,2,0,0,69.4,0.555,19,15,1,61.0,4,0,3.0,10.2,2,0
ORG05224,B,HP ProBook,32,Female,Engineering,Data Analyst,3,Full-time,86,96.4,3,1,1,53.8,0.662,55,35,7,67.7,0,1,2.0,32.0,2,0
ORG01994,D,Lenovo ThinkPad,31,Male,Engineering,Software Engineer,2,Full-time,73,92.9,1,1,0,68.5,0.738,46,43,5,78.0,1,0,4.0,8.3,4,0
ORG02640,B,Dell Latitude,33,Male,Engineering,DevOps Engineer,4,Full-time,115,90.9,1,4,0,66.9,0.709,66,50,8,71.8,3,2,3.0,9.2,1,0
ORG00270,A,Dell Latitude,33,Female,Engineering,Software Engineer,4,Contract,12,94.6,1,3,4,45.6,0.444,54,38,6,49.2,3,0,1.0,5.9,2,1
ORG00630,C,HP ProBook,28,Male,HR,HR Executive,1,Contract,13,92.6,4,2,1,42.0,0.508,14,10,1,63.6,2,0,3.0,7.0,0,0
ORG04669,A,Acer TravelMate,36,Female,Marketing,Performance Marketer,3,Full-time,72,98.6,2,0,1,67.9,0.602,71,53,4,59.4,1,2,4.0,24.7,1,0
ORG03082,D,HP ProBook,30,Male,Engineering,Data Scientist,4,Full-time,12,100.0,0,0,0,89.2,1.0,62,60,4,97.7,0,0,5.0,25.9,0,0
ORG03467,A,Dell Latitude,36,Female,Operations,Process Analyst,4,Full-time,69,90.8,3,0,0,78.2,1.0,101,83,10,91.0,1,0,5.0,31.6,1,0
ORG05507,D,Dell Latitude,35,Female,Engineering,Data Scientist,4,Contract,11,94.7,1,1,0,81.1,0.702,43,32,3,71.8,1,1,4.0,16.1,1,0
ORG04397,B,Acer TravelMate,36,Male,Engineering,QA Analyst,4,Full-time,42,93.4,2,1,0,47.3,0.594,38,26,4,53.5,5,2,3.0,10.1,1,0
ORG04024,C,Dell Latitude,22,Male,Marketing,Marketing Executive,1,Full-time,74,98.0,1,1,0,68.9,0.687,20,16,1,82.6,1,0,5.0,9.3,0,0
ORG02047,A,Dell Latitude,25,Female,Customer Support,Support Associate,2,Full-time,16,89.6,1,0,0,88.3,0.804,81,66,11,77.8,1,1,4.0,23.5,0,0
ORG04357,C,HP ProBook,26,Female,IT,IT Support,2,Full-time,18,96.6,2,0,0,53.5,0.73,57,51,5,68.4,2,0,4.0,38.1,1,0
ORG04952,A,Dell Latitude,28,Female,Finance,Finance Analyst,2,Full-time,61,92.7,2,1,0,66.4,0.549,47,32,5,69.4,1,0,3.0,12.1,0,0
ORG02114,C,Lenovo ThinkPad,28,Female,Operations,Process Analyst,2,Full-time,33,97.6,2,1,0,78.6,0.872,108,93,8,92.5,0,0,4.0,13.2,1,0
ORG00028,B,Lenovo ThinkPad,38,Female,Engineering,Software Engineer,5,Full-time,69,96.3,0,0,0,97.1,1.0,41,36,3,86.7,1,0,5.0,16.5,1,0
ORG02041,C,Acer TravelMate,29,Male,Sales,Inside Sales Rep,3,Full-time,6,97.7,0,2,0,55.8,0.599,51,37,3,61.5,1,0,3.0,31.0,4,0
ORG03929,B,Dell Latitude,38,Female,Engineering,DevOps Engineer,4,Full-time,111,96.0,2,2,0,86.2,0.987,46,38,3,89.3,1,0,5.0,20.3,0,0
ORG05705,A,Dell Latitude,35,Male,Customer Support,Support Associate,2,Full-time,113,92.7,4,1,0,90.0,0.789,95,84,14,72.8,0,1,3.0,7.4,0,0
ORG03217,C,Acer TravelMate,30,Male,Sales,Account Manager,3,Full-time,71,98.1,1,1,0,72.5,0.781,58,47,3,62.8,0,0,3.0,14.8,2,0
ORG03815,A,Lenovo ThinkPad,28,Female,Customer Support,Support Lead,2,Full-time,118,88.5,3,2,0,63.2,0.615,114,77,26,59.7,1,6,2.0,6.7,2,1
ORG00130,C,Dell Latitude,30,Male,Operations,Process Analyst,4,Contract,1,90.4,1,2,0,55.8,0.968,58,44,8,64.0,4,0,3.0,13.3,1,0
ORG04672,C,Lenovo ThinkPad,32,Male,Sales,Account Manager,3,Full-time,28,95.0,4,4,0,55.3,0.71,68,53,6,65.0,2,1,4.0,25.9,1,1
ORG06199,D,Acer TravelMate,32,Female,Customer Support,Support Lead,2,Full-time,114,100.0,3,2,0,56.7,0.664,99,86,10,77.9,0,0,4.0,17.9,1,0
ORG00014,A,Dell Latitude,29,Male,HR,Talent Acquisition,4,Full-time,15,98.8,0,1,0,86.1,0.916,75,61,10,86.6,1,0,4.0,15.5,0,0
ORG05411,A,Lenovo ThinkPad,28,Male,Sales,Account Manager,2,Full-time,57,99.8,1,4,0,78.4,0.924,72,59,9,70.6,2,2,3.0,15.3,0,0
ORG04477,D,Dell Latitude,30,Female,Customer Support,Support Associate,3,Full-time,96,88.9,2,3,0,72.7,0.7,111,78,22,69.8,1,0,3.0,35.1,0,0
ORG01526,B,HP ProBook,24,Female,Engineering,QA Analyst,2,Contract,1,90.7,2,1,0,35.2,0.475,20,12,2,56.2,0,1,1.0,19.3,1,1
ORG02366,B,Lenovo ThinkPad,23,Female,Operations,Ops Associate,1,Full-time,57,97.2,0,1,1,57.6,0.729,95,73,9,63.7,1,1,3.0,11.9,1,0
ORG03053,A,Lenovo ThinkPad,32,Female,Operations,Process Analyst,4,Full-time,27,90.8,1,0,3,47.0,0.448,96,59,14,56.6,2,1,2.0,51.5,2,0
ORG04006,C,Dell Latitude,33,Male,Engineering,DevOps Engineer,3,Full-time,49,89.4,3,2,1,96.0,0.975,34,29,4,97.0,0,0,4.0,7.6,1,0
ORG02341,D,Acer TravelMate,31,Female,Engineering,DevOps Engineer,3,Full-time,119,96.8,0,2,0,72.1,0.489,43,32,2,72.5,2,0,2.0,20.2,3,0
ORG00375,D,Lenovo ThinkPad,29,Male,Engineering,Software Engineer,2,Full-time,91,89.9,4,0,3,67.6,0.664,43,30,7,68.7,1,0,4.0,9.7,0,0
ORG04594,C,Lenovo ThinkPad,34,Female,Engineering,Data Analyst,4,Full-time,10,99.0,3,1,1,41.3,0.488,50,41,4,67.2,3,2,2.0,14.9,3,0
ORG05421,D,Dell Latitude,29,Female,Sales,Sales Executive,2,Full-time,97,95.2,1,2,2,67.0,0.649,38,31,3,77.3,2,0,3.0,7.2,0,0
ORG00940,A,Dell Latitude,33,Female,Engineering,Data Analyst,4,Full-time,107,94.1,0,2,0,61.3,0.732,57,42,7,72.0,2,0,3.0,16.1,0,0
ORG06044,B,Dell Latitude,29,Male,IT,IT Support,2,Full-time,52,95.5,1,1,1,79.3,0.786,42,36,5,92.7,2,0,4.0,14.5,1,0
ORG02148,D,HP ProBook,32,Male,IT,System Admin,2,Full-time,116,89.7,3,2,1,76.5,0.724,68,53,9,64.6,3,5,5.0,10.4,2,1
ORG03592,C,Lenovo ThinkPad,21,Male,Sales,Inside Sales Rep,1,Full-time,61,100.0,0,0,0,33.4,0.44,54,37,0,36.1,5,6,3.0,3.1,3,1
ORG06116,D,Acer TravelMate,28,Female,Finance,Accounts Executive,2,Full-time,10,93.8,1,0,0,64.7,0.647,61,51,7,,7,1,3.0,7.0,2,1
ORG05696,A,Dell Latitude,29,Male,Sales,Inside Sales Rep,3,Full-time,75,99.0,0,3,0,53.4,0.674,48,39,5,64.7,2,0,3.0,22.6,1,0
ORG03624,C,Dell Latitude,30,Female,HR,Talent Acquisition,3,Full-time,51,96.9,0,1,0,67.1,0.901,63,52,6,64.5,2,0,4.0,18.1,1,0
ORG00530,B,Lenovo ThinkPad,33,Female,Sales,Inside Sales Rep,3,Full-time,71,95.2,1,1,2,59.5,0.789,79,65,12,73.6,1,0,4.0,19.6,1,0
ORG03715,C,HP ProBook,30,Male,HR,Talent Acquisition,2,Full-time,70,95.3,2,2,0,53.2,0.531,41,32,5,50.8,1,1,2.0,6.4,1,0
ORG01270,B,Lenovo ThinkPad,29,Male,Customer Support,Support Associate,2,Full-time,64,99.2,0,0,0,91.4,0.786,69,60,6,74.5,0,1,5.0,16.8,0,0
ORG04282,D,Acer TravelMate,35,Male,Sales,Account Manager,4,Full-time,107,97.7,1,0,1,86.1,0.872,48,43,3,85.6,1,0,4.0,22.7,1,0
ORG01395,A,Acer TravelMate,24,Female,HR,Talent Acquisition,3,Full-time,3,90.7,3,2,0,58.1,0.527,53,38,6,55.5,4,2,4.0,38.3,3,1
ORG04010,D,Lenovo ThinkPad,32,Female,Operations,Process Analyst,3,Full-time,15,92.1,2,1,0,83.1,0.721,100,85,17,74.0,0,2,3.0,,0,0
ORG04391,D,Dell Latitude,28,Male,Engineering,Data Scientist,4,Full-time,21,86.8,5,4,1,84.5,0.931,50,44,9,89.5,1,0,3.0,14.5,0,0
ORG01798,B,Lenovo ThinkPad,28,Female,Sales,Inside Sales Rep,3,Full-time,17,99.1,0,0,0,74.2,0.842,67,64,1,74.6,0,0,5.0,13.1,0,0
ORG02980,A,MacBook Pro,27,Other,Marketing,Marketing Executive,2,Full-time,83,97.4,0,2,0,55.4,0.883,60,52,7,76.5,1,0,4.0,23.1,2,0
ORG01442,D,Lenovo ThinkPad,29,Male,Engineering,Software Engineer,2,Full-time,75,92.9,3,6,0,96.3,1.0,49,43,4,65.9,1,0,4.0,39.3,1,0
ORG04713,A,Lenovo ThinkPad,29,Female,Operations,Process Analyst,3,Full-time,100,93.3,1,1,0,63.1,0.575,88,62,10,63.5,3,1,2.0,12.2,0,0
ORG06154,B,Lenovo ThinkPad,24,Female,Sales,Inside Sales Rep,1,Full-time,79,96.8,1,2,0,70.2,0.741,75,56,9,78.6,1,1,4.0,5.0,0,0
ORG03812,D,Acer TravelMate,31,Female,Engineering,QA Analyst,2,Full-time,92,96.8,2,2,0,59.0,0.508,43,28,6,49.7,4,1,1.0,12.6,3,1
ORG01274,C,Lenovo ThinkPad,25,Male,Operations,Ops Associate,2,Contract,4,100.0,0,0,0,63.3,0.59,105,78,8,60.9,3,1,3.0,20.5,1,1
ORG01713,C,Acer TravelMate,32,Male,IT,System Admin,4,Full-time,38,91.7,3,3,0,56.6,0.567,75,58,8,56.6,1,2,3.0,20.7,2,1
ORG00956,A,Lenovo ThinkPad,34,Male,Marketing,Content Specialist,3,Full-time,87,98.4,1,1,0,45.0,0.744,70,58,4,61.2,3,0,4.0,24.2,0,0
ORG04667,B,Dell Latitude,30,Female,HR,Talent Acquisition,3,Full-time,15,96.1,3,1,0,,0.612,24,16,2,63.4,2,1,4.0,9.2,2,0
ORG05042,A,MacBook Pro,24,Male,Engineering,QA Analyst,2,Contract,2,91.4,0,2,1,64.3,0.465,45,30,7,48.9,1,0,2.0,10.6,0,1
ORG05578,D,Lenovo ThinkPad,21,Male,Operations,Ops Associate,1,Full-time,29,91.5,3,3,2,65.7,0.572,66,39,11,47.5,2,0,3.0,56.3,1,1
ORG00404,A,Lenovo ThinkPad,30,Male,Engineering,DevOps Engineer,3,Full-time,13,90.9,2,3,2,85.6,0.681,37,31,4,73.5,1,2,3.0,17.1,3,0
ORG02072,B,Dell Latitude,27,Female,Customer Support,Support Lead,2,Full-time,74,99.4,0,1,1,63.6,0.787,68,58,3,65.7,3,1,4.0,14.9,2,0
ORG05999,B,Lenovo ThinkPad,31,Male,Marketing,Performance Marketer,3,Full-time,63,86.7,6,2,2,64.3,0.699,55,46,7,69.4,1,1,3.0,16.3,2,1
ORG01978,B,Lenovo ThinkPad,30,Male,IT,IT Support,2,Full-time,28,93.6,0,1,1,49.0,0.576,60,44,9,52.4,3,1,3.0,16.1,2,1
ORG00159,A,HP ProBook,31,Male,Finance,Accounts Executive,1,Full-time,119,98.6,1,0,0,52.6,0.634,45,37,2,68.5,1,0,4.0,10.6,1,0
ORG03889,C,Dell Latitude,30,Female,Marketing,Performance Marketer,4,Full-time,5,95.6,1,2,0,79.8,0.706,58,46,6,76.4,4,0,4.0,23.6,2,0
ORG00903,C,HP ProBook,30,Female,Engineering,Data Scientist,3,Full-time,11,93.2,1,1,0,56.7,0.72,44,32,3,60.3,1,0,4.0,22.5,2,0
ORG00353,D,MacBook Pro,34,Male,Operations,Ops Associate,3,Full-time,80,96.8,2,1,0,88.2,0.881,110,94,11,88.7,2,2,4.0,9.0,3,0
ORG04131,C,Lenovo ThinkPad,24,Male,Finance,Accounts Executive,1,Full-time,51,93.8,0,0,1,53.3,0.538,37,29,2,61.0,2,2,4.0,10.7,2,0
ORG00755,B,MacBook Pro,30,Male,Operations,Ops Associate,1,Full-time,74,94.3,0,1,0,53.5,0.58,45,37,3,74.6,0,0,4.0,23.0,1,0
ORG02972,B,Lenovo ThinkPad,34,Male,Operations,Ops Lead,3,Full-time,77,92.3,2,2,0,69.3,0.687,56,42,10,78.8,2,1,3.0,26.3,5,0
ORG04170,D,Dell Latitude,32,Female,Customer Support,Support Lead,3,Full-time,101,99.5,0,0,0,86.1,0.763,87,81,2,70.7,0,0,4.0,22.3,0,0
ORG02921,A,Lenovo ThinkPad,25,Male,IT,System Admin,2,Full-time,88,94.9,5,2,0,63.2,0.58,51,37,5,64.3,2,1,3.0,15.2,1,0
ORG00312,D,Lenovo ThinkPad,29,Female,Customer Support,Support Lead,4,Full-time,47,92.9,0,1,0,81.3,0.884,96,81,8,80.5,4,2,4.0,8.4,1,0
ORG00662,A,HP ProBook,24,Male,Marketing,Content Specialist,1,Contract,12,97.6,0,1,0,78.5,0.75,57,45,7,66.4,1,0,4.0,0.0,2,0
ORG01990,B,Lenovo ThinkPad,38,Male,Engineering,Data Scientist,5,Full-time,99,96.4,2,0,0,,0.798,39,28,2,57.7,2,0,4.0,18.5,3,0
ORG03666,D,Dell Latitude,21,Male,Customer Support,Support Associate,1,Contract,5,97.9,2,2,0,94.8,1.0,114,102,13,91.8,2,2,5.0,12.2,2,0
ORG00307,D,Acer TravelMate,32,Female,Sales,Sales Executive,3,Full-time,118,97.1,0,0,0,63.4,0.81,68,57,3,70.3,1,0,4.0,18.3,2,0
ORG02336,A,MacBook Pro,29,Male,Operations,Ops Lead,4,Full-time,4,92.8,1,3,0,67.1,0.799,96,82,9,76.9,1,0,4.0,31.9,2,0
ORG02357,D,HP ProBook,28,Female,Customer Support,Support Lead,2,Full-time,23,88.4,2,5,1,76.9,0.777,79,53,20,76.9,2,2,3.0,11.1,1,0
ORG03703,A,MacBook Pro,31,Male,Operations,Process Analyst,3,Full-time,44,95.7,3,0,0,65.2,0.952,87,73,7,71.2,2,1,3.0,22.4,0,0
ORG03805,C,HP ProBook,26,Male,Engineering,Software Engineer,2,Full-time,48,94.4,0,2,0,66.9,0.841,24,20,2,67.6,3,0,3.0,16.2,1,0
ORG01928,B,MacBook Pro,33,Male,Finance,Accounts Executive,3,Full-time,68,88.8,3,5,1,96.8,1.0,57,52,8,84.4,2,1,4.0,7.7,2,0
ORG03428,A,HP ProBook,32,Female,Marketing,Marketing Executive,3,Full-time,120,84.6,4,1,2,58.3,0.389,49,25,9,64.3,4,0,2.0,18.3,2,1
ORG00750,D,Acer TravelMate,25,Male,HR,Talent Acquisition,2,Full-time,9,96.8,0,0,0,53.5,0.518,67,54,3,40.3,4,1,3.0,22.7,2,0
ORG03639,D,Dell Latitude,31,Male,HR,Talent Acquisition,4,Full-time,14,93.5,1,2,0,77.2,0.869,65,52,7,76.6,1,0,4.0,9.5,0,0
ORG04585,D,Dell Latitude,30,Male,Operations,Process Analyst,2,Full-time,37,89.1,1,3,0,63.5,0.438,70,44,11,62.3,1,0,2.0,6.4,1,0
ORG01267,B,MacBook Pro,25,Male,Engineering,Data Analyst,2,Full-time,95,91.4,4,2,0,54.2,0.635,26,19,3,46.5,3,1,1.0,24.3,1,1
ORG04784,D,Dell Latitude,34,Female,Operations,Ops Lead,4,Full-time,84,93.0,1,1,0,72.0,0.667,110,83,17,60.0,3,1,3.0,19.3,0,0
ORG06127,B,Lenovo ThinkPad,24,Male,Sales,Inside Sales Rep,1,Full-time,33,95.1,1,0,1,49.5,0.475,56,35,4,48.4,2,1,2.0,17.8,0,1
ORG03596,A,Lenovo ThinkPad,21,Female,IT,IT Support,1,Full-time,5,94.0,1,2,0,58.8,0.773,63,44,10,72.2,0,0,4.0,10.6,0,0
ORG02135,A,Lenovo ThinkPad,33,Female,Customer Support,Support Lead,3,Contract,15,95.6,2,4,0,61.8,0.629,131,113,22,66.4,4,1,2.0,15.2,1,0
ORG04110,B,HP ProBook,28,Male,Customer Support,Support Lead,2,Full-time,54,95.4,0,1,0,85.5,0.853,81,74,8,77.8,3,3,4.0,19.2,3,0
ORG00515,D,Dell Latitude,28,Female,Sales,Sales Executive,1,Full-time,48,97.2,0,0,0,57.5,0.301,41,31,4,65.2,2,1,3.0,16.0,0,0
ORG05641,D,Acer TravelMate,23,Female,Sales,Inside Sales Rep,1,Full-time,15,91.8,3,0,0,52.9,0.655,36,24,5,65.1,1,1,1.0,27.8,2,0
ORG00410,D,Lenovo ThinkPad,24,Female,IT,IT Support,1,Full-time,105,97.8,2,3,0,52.6,0.558,23,17,1,60.0,2,0,2.0,32.0,0,0
ORG04702,B,Acer TravelMate,29,Female,Customer Support,Support Lead,2,Full-time,81,94.3,1,0,2,58.1,0.739,87,73,12,58.1,2,0,3.0,42.0,2,1
ORG00406,C,Lenovo ThinkPad,25,Male,Marketing,Content Specialist,2,Contract,4,96.6,1,0,0,53.0,0.442,36,25,4,60.5,3,0,2.0,8.6,3,0
ORG04338,A,Dell Latitude,30,Male,Engineering,DevOps Engineer,3,Full-time,49,95.0,1,0,0,82.0,0.856,51,44,4,81.9,0,0,4.0,21.9,4,0
ORG05466,A,Acer TravelMate,30,Female,HR,Talent Acquisition,4,Full-time,85,100.0,0,0,0,83.7,0.866,41,39,0,66.7,2,0,5.0,42.3,3,0
ORG00208,C,MacBook Pro,31,Male,Operations,Ops Lead,4,Full-time,43,93.2,4,0,0,85.6,0.884,67,62,6,80.2,1,0,5.0,23.6,1,0
ORG00459,B,HP ProBook,28,Male,Finance,Accounts Executive,1,Full-time,102,98.3,3,1,1,47.3,0.64,62,46,6,54.8,3,2,3.0,11.8,1,0
ORG02055,D,Dell Latitude,27,Female,Sales,Sales Executive,3,Full-time,13,92.2,2,3,1,71.3,0.779,50,39,7,76.9,3,0,3.0,7.2,0,0
ORG02431,A,Lenovo ThinkPad,29,Female,HR,HR Executive,2,Full-time,80,100.0,3,1,0,71.0,0.92,27,19,1,77.9,2,0,5.0,31.0,1,0
ORG00251,B,MacBook Pro,34,Female,Operations,Process Analyst,4,Full-time,84,91.8,3,4,0,74.8,0.921,74,62,12,75.1,2,2,4.0,38.0,1,0
ORG05386,C,MacBook Pro,40,Male,Finance,Finance Analyst,4,Full-time,92,97.8,0,1,0,56.9,0.549,71,55,7,64.8,0,2,3.0,16.6,3,0
ORG01108,A,Lenovo ThinkPad,25,Female,Sales,Account Manager,2,Full-time,77,97.3,1,0,0,52.8,0.695,60,47,5,70.4,4,0,3.0,9.6,3,0
ORG05118,A,Acer TravelMate,30,Female,Finance,Finance Analyst,4,Full-time,32,94.5,3,1,0,86.5,0.772,66,59,5,85.1,1,0,3.0,23.6,2,0
ORG01714,D,Dell Latitude,30,Male,Marketing,Performance Marketer,2,Contract,2,88.4,1,2,0,43.7,0.382,59,35,12,52.0,2,1,2.0,15.5,0,1
ORG03912,C,Lenovo ThinkPad,25,Male,Customer Support,Support Lead,3,Full-time,21,93.0,2,3,1,60.8,0.752,138,107,19,76.8,1,0,4.0,17.0,2,0
ORG00716,A,Dell Latitude,34,Male,Engineering,Software Engineer,4,Contract,2,98.9,0,0,0,70.9,0.821,36,31,2,73.7,0,0,5.0,26.4,1,0
ORG00553,C,Dell Latitude,35,Male,Engineering,Data Scientist,5,Full-time,46,100.0,2,0,0,71.6,0.734,48,43,4,83.9,0,0,5.0,37.9,4,0
ORG01440,A,Lenovo ThinkPad,40,Male,IT,System Admin,4,Full-time,101,94.2,2,0,1,98.0,0.867,31,26,4,71.6,1,0,2.0,14.2,2,0
ORG02271,D,HP ProBook,28,Male,Operations,Ops Lead,3,Contract,3,100.0,1,0,0,82.9,0.939,91,80,9,87.2,1,0,5.0,51.3,1,0
ORG03145,D,Lenovo ThinkPad,30,Other,HR,Talent Acquisition,3,Full-time,96,97.5,0,3,0,81.5,0.82,38,31,2,84.3,2,0,4.0,16.3,3,0
ORG06029,A,HP ProBook,25,Female,Marketing,Marketing Executive,2,Full-time,18,91.5,0,5,1,61.3,0.637,38,29,6,77.9,2,0,3.0,42.3,5,0
ORG01926,D,HP ProBook,29,Female,Engineering,Data Analyst,2,Full-time,49,96.8,0,3,0,62.0,0.732,24,20,1,60.9,4,2,4.0,32.9,3,0
ORG00635,D,Dell Latitude,24,Female,Engineering,Data Scientist,3,Contract,5,96.1,0,0,0,84.3,0.871,40,36,3,81.8,1,0,5.0,26.9,3,0
ORG00317,C,Lenovo ThinkPad,27,Male,Sales,Sales Executive,2,Full-time,82,96.3,2,6,0,96.7,0.728,63,56,5,85.5,1,2,5.0,8.1,0,0
ORG05929,A,Dell Latitude,27,Male,Marketing,Marketing Executive,3,Full-time,85,99.2,0,1,0,49.2,0.618,55,47,4,64.6,2,1,3.0,12.2,1,0
ORG00428,A,Dell Latitude,23,Male,HR,HR Executive,1,Contract,10,89.0,2,3,0,67.3,0.624,36,27,4,54.5,4,1,2.0,15.8,1,0
ORG04678,C,Dell Latitude,33,Male,Engineering,Data Scientist,3,Full-time,114,96.4,1,0,1,51.4,0.756,30,20,1,44.9,3,1,3.0,12.9,2,0
ORG00106,C,Dell Latitude,24,Female,Finance,Accounts Executive,1,Full-time,36,98.4,1,1,1,57.9,0.649,39,29,3,56.1,5,2,3.0,44.9,2,0
ORG03042,C,MacBook Pro,31,Female,Marketing,Performance Marketer,4,Full-time,37,94.8,0,0,1,64.3,0.698,50,39,5,64.6,1,0,4.0,36.2,2,0
ORG04239,B,Dell Latitude,27,Male,Customer Support,Support Associate,1,Full-time,117,96.1,3,1,0,96.1,0.917,116,113,11,76.1,1,2,5.0,23.4,1,0
ORG02170,C,Dell Latitude,26,Female,Customer Support,Support Lead,3,Full-time,38,100.0,0,1,0,70.1,0.673,67,61,6,97.7,0,0,5.0,47.5,0,0
ORG01710,B,MacBook Pro,25,Male,Sales,Inside Sales Rep,1,Contract,16,90.5,2,0,4,58.5,0.675,49,33,6,67.3,1,2,2.0,14.7,1,1
ORG00090,A,HP ProBook,28,Female,Customer Support,Support Lead,2,Contract,2,91.7,4,2,0,65.0,0.872,76,61,10,62.5,8,3,4.0,13.7,1,1
ORG02242,B,HP ProBook,30,Female,Engineering,QA Analyst,2,Full-time,30,100.0,1,0,1,50.0,0.633,27,22,0,65.7,1,0,3.0,16.3,5,0
ORG03175,A,Dell Latitude,24,Male,Operations,Ops Lead,2,Full-time,85,,2,3,0,56.2,0.451,85,58,6,60.2,1,0,2.0,9.4,0,1
ORG04705,B,Dell Latitude,30,Male,Engineering,Software Engineer,3,Full-time,18,93.5,5,1,0,77.1,0.785,22,16,1,70.5,2,1,4.0,12.3,2,0
ORG01950,C,Lenovo ThinkPad,23,Male,Marketing,Content Specialist,1,Full-time,29,96.3,2,2,1,59.5,0.603,60,44,6,47.5,3,2,3.0,7.2,1,0
ORG04045,D,Dell Latitude,24,Female,Customer Support,Support Lead,2,Full-time,15,90.0,2,3,0,75.8,0.699,69,54,10,77.3,0,0,4.0,25.0,1,0
ORG02849,A,Lenovo ThinkPad,27,Female,Finance,Finance Analyst,2,Full-time,57,97.7,1,1,0,58.3,0.571,45,36,4,46.6,2,0,2.0,4.8,1,0
ORG00002,B,HP ProBook,33,Female,Customer Support,Support Lead,3,Full-time,97,97.1,0,1,0,68.8,0.851,100,86,12,82.8,1,3,5.0,11.5,0,0
ORG04338,A,Dell Latitude,30,Male,Engineering,DevOps Engineer,3,Full-time,49,95.0,1,0,0,82.0,0.856,51,44,4,81.9,0,0,4.0,21.9,4,0
ORG00936,C,Acer TravelMate,33,Male,Engineering,QA Analyst,3,Full-time,107,97.0,0,3,0,73.8,0.644,53,43,5,83.6,0,0,2.0,25.7,1,0
ORG05401,D,Acer TravelMate,29,Female,Operations,Ops Lead,2,Full-time,55,97.4,3,2,0,76.9,0.746,61,51,5,74.4,0,1,4.0,15.3,0,0
ORG02721,A,Dell Latitude,31,Male,Customer Support,Support Associate,3,Contract,13,87.1,3,1,3,43.5,0.466,87,49,14,61.1,1,2,1.0,4.5,2,1
ORG00592,D,Dell Latitude,30,Female,Customer Support,Support Associate,3,Full-time,74,100.0,0,1,0,94.8,0.871,72,70,2,94.3,0,0,5.0,23.9,1,0
ORG04727,A,Dell Latitude,26,Male,HR,HR Executive,1,Full-time,113,98.0,0,1,0,85.9,0.661,23,20,1,72.3,0,0,4.0,15.7,4,0
ORG02937,C,Dell Latitude,36,Male,Sales,Account Manager,4,Full-time,82,93.1,2,0,0,77.7,0.933,68,53,10,71.7,1,2,4.0,16.5,2,0
ORG02449,D,Lenovo ThinkPad,21,Female,Operations,Ops Lead,2,Full-time,16,97.8,0,1,0,54.5,0.322,104,81,8,65.9,2,0,2.0,26.8,1,0
ORG01577,C,HP ProBook,30,Male,Finance,Accounts Executive,3,Full-time,84,92.6,2,3,0,76.6,0.665,32,22,3,74.4,1,0,3.0,10.0,1,0
ORG05268,A,HP ProBook,26,Male,Marketing,Content Specialist,2,Full-time,27,96.7,0,1,0,48.5,0.406,68,50,6,60.4,3,0,1.0,27.7,1,0
ORG00214,B,HP ProBook,28,Male,HR,Talent Acquisition,3,Contract,9,91.9,3,2,0,57.1,0.533,57,41,10,54.9,4,0,3.0,13.0,0,1
ORG00779,A,Dell Latitude,22,Male,Finance,Finance Analyst,2,Full-time,26,94.4,2,1,0,66.0,0.889,31,28,2,66.1,0,1,5.0,6.1,0,0
ORG03497,B,Dell Latitude,25,Male,Finance,Accounts Executive,1,Full-time,77,94.9,2,0,0,64.9,0.729,46,42,1,76.1,0,0,4.0,8.6,1,0
ORG05712,C,Lenovo ThinkPad,29,Male,Customer Support,Support Lead,4,Full-time,97,94.3,4,3,4,65.0,0.551,117,98,19,67.3,3,3,2.0,24.2,1,1
ORG02044,C,Acer TravelMate,22,Male,Marketing,Content Specialist,1,Contract,3,99.4,0,1,0,60.8,0.463,28,23,3,59.9,2,1,3.0,16.5,0,0
ORG05723,B,Lenovo ThinkPad,28,Female,Engineering,DevOps Engineer,3,Full-time,48,89.6,2,2,3,57.4,0.662,34,24,6,58.1,3,0,2.0,11.1,0,0
ORG01568,B,Dell Latitude,34,Male,Engineering,QA Analyst,4,Full-time,91,94.8,3,1,0,87.9,0.772,31,25,4,64.6,4,1,3.0,21.6,0,0
ORG00166,A,Dell Latitude,30,Female,Sales,Inside Sales Rep,2,Full-time,72,97.5,0,0,0,55.2,0.667,55,51,0,67.7,0,0,3.0,22.6,0,0
ORG03567,B,MacBook Pro,21,Female,Marketing,Marketing Executive,2,Full-time,93,91.0,2,1,1,65.5,0.767,31,26,3,74.0,2,2,3.0,35.8,1,1
ORG04825,C,HP ProBook,37,Male,Customer Support,Support Lead,4,Full-time,35,95.3,3,1,2,76.5,0.827,138,114,23,66.7,2,2,3.0,35.0,1,0
ORG06004,B,HP ProBook,32,Other,Engineering,QA Analyst,4,Full-time,89,90.7,4,0,0,66.4,0.821,44,37,4,78.9,1,0,4.0,34.2,2,0
ORG02014,B,HP ProBook,36,Male,Customer Support,Support Lead,4,Full-time,25,95.2,2,1,0,50.7,0.722,120,92,18,69.5,0,1,4.0,24.1,0,1
ORG00274,A,Dell Latitude,21,Male,Operations,Ops Associate,1,Full-time,28,95.6,0,0,0,71.1,0.706,103,83,18,72.9,2,3,3.0,6.8,1,0
ORG03861,B,Dell Latitude,28,Female,Customer Support,Support Lead,3,Full-time,85,93.4,1,0,0,93.7,0.966,112,102,14,84.6,0,2,5.0,24.0,0,0
ORG04168,B,Acer TravelMate,24,Male,Customer Support,Support Lead,2,Full-time,32,87.8,4,2,0,59.8,0.682,116,88,21,55.0,4,4,4.0,11.8,2,1
ORG05152,B,Dell Latitude,35,Male,Engineering,Software Engineer,5,Contract,15,91.8,3,1,1,84.0,0.852,44,36,4,89.1,0,0,4.0,44.7,1,0
ORG03789,B,Lenovo ThinkPad,29,Male,Sales,Inside Sales Rep,2,Full-time,52,91.4,1,1,1,62.5,0.694,62,43,8,60.6,0,0,3.0,18.3,0,0
ORG00395,D,Dell Latitude,35,Female,Engineering,DevOps Engineer,4,Full-time,22,96.0,0,0,0,64.8,0.799,57,47,5,88.3,0,0,4.0,7.5,1,0
ORG00584,B,Dell Latitude,26,Male,Sales,Inside Sales Rep,2,Full-time,104,99.0,2,0,1,81.0,0.663,60,52,2,66.2,1,1,4.0,13.8,0,1
ORG03203,B,MacBook Pro,32,Female,Marketing,Performance Marketer,4,Full-time,48,91.6,1,1,0,85.6,0.956,66,58,12,85.0,1,0,5.0,19.2,1,0
ORG05854,C,Lenovo ThinkPad,24,Other,Sales,Account Manager,3,Full-time,89,95.2,1,2,0,59.2,0.657,67,56,2,,2,2,4.0,17.9,0,1
ORG06039,C,HP ProBook,31,Male,Sales,Account Manager,4,Contract,15,89.1,3,2,1,81.5,0.489,53,36,6,69.3,1,0,4.0,7.4,0,0
ORG00521,C,Lenovo ThinkPad,28,Male,HR,Talent Acquisition,2,Full-time,65,93.5,3,3,1,92.8,0.724,45,36,6,86.0,1,0,4.0,18.2,1,0
ORG01764,D,HP ProBook,30,Male,Engineering,Data Analyst,2,Full-time,101,98.0,0,0,0,68.7,0.943,43,40,3,82.6,2,0,5.0,23.4,1,0
ORG01876,A,MacBook Pro,27,Male,Finance,Accounts Executive,2,Full-time,69,91.4,0,0,1,82.4,0.531,62,42,7,63.2,0,0,1.0,47.0,1,0
ORG03966,A,HP ProBook,27,Male,Engineering,Software Engineer,4,Full-time,20,93.6,3,1,0,75.9,0.854,49,37,8,81.8,0,1,3.0,23.2,1,0
ORG03345,A,Lenovo ThinkPad,26,Female,Customer Support,Support Lead,2,Full-time,31,93.2,1,1,2,72.3,0.574,126,93,20,60.0,1,0,3.0,25.3,2,1
ORG02254,C,Acer TravelMate,29,Male,Operations,Ops Associate,3,Full-time,6,91.3,0,4,1,59.3,0.518,68,46,13,50.7,3,1,2.0,10.3,3,1
ORG03225,B,Lenovo ThinkPad,33,Female,Engineering,Data Analyst,3,Full-time,100,97.4,1,0,0,81.4,0.72,18,14,0,65.2,1,0,4.0,16.3,0,0
ORG00527,D,Lenovo ThinkPad,35,Male,IT,System Admin,4,Contract,1,93.2,2,3,0,65.6,0.717,58,44,8,67.9,0,1,3.0,12.0,0,0
ORG02947,A,Lenovo ThinkPad,21,Male,Sales,Sales Executive,1,Full-time,107,97.9,2,0,2,63.7,0.805,51,43,6,93.6,1,0,5.0,23.4,0,0
ORG04474,A,HP ProBook,36,Male,Engineering,Data Scientist,5,Full-time,115,100.0,0,0,0,98.0,0.689,72,70,0,88.0,0,0,5.0,20.1,4,0
ORG03900,A,Lenovo ThinkPad,30,Male,Engineering,DevOps Engineer,5,Full-time,37,95.0,0,0,0,56.0,0.525,63,45,8,58.8,0,1,3.0,29.2,2,0
ORG00693,D,Lenovo ThinkPad,23,Female,Sales,Account Manager,3,Full-time,23,92.9,0,0,0,98.0,0.984,59,51,7,85.2,0,3,4.0,22.6,0,0
ORG05969,D,Dell Latitude,23,Female,Operations,Ops Lead,3,Full-time,12,96.9,0,1,0,61.0,0.577,67,49,8,56.2,0,1,3.0,19.5,1,0
ORG04445,C,HP ProBook,28,Male,Engineering,QA Analyst,3,Full-time,50,95.1,4,0,1,58.7,0.789,31,26,3,62.2,4,1,4.0,12.8,2,0
ORG03634,B,HP ProBook,23,Male,Customer Support,Support Lead,2,Contract,8,99.1,0,0,0,66.6,0.683,101,82,10,60.4,1,1,4.0,3.2,0,0
ORG01051,A,Acer TravelMate,26,Female,Operations,Process Analyst,3,Full-time,30,99.0,0,1,0,83.0,0.685,102,96,9,75.1,2,1,4.0,7.8,1,0
ORG00591,D,HP ProBook,30,Male,Marketing,Performance Marketer,2,Full-time,120,94.5,0,1,0,71.0,0.655,40,32,1,75.3,5,1,4.0,12.3,1,0
ORG00520,B,Lenovo ThinkPad,27,Female,HR,Talent Acquisition,2,Full-time,65,93.3,1,1,0,35.5,0.354,32,23,2,42.7,3,0,2.0,17.5,0,1
ORG03381,C,Lenovo ThinkPad,33,Male,Sales,Inside Sales Rep,3,Full-time,104,94.4,0,1,2,80.8,0.943,70,56,8,80.2,2,0,5.0,18.6,1,0
ORG03677,D,HP ProBook,34,Female,Sales,Account Manager,4,Full-time,26,89.0,3,3,0,56.7,0.538,53,46,6,78.4,2,1,4.0,14.3,0,1
ORG05200,C,Lenovo ThinkPad,31,Female,Customer Support,Support Lead,2,Full-time,106,92.7,0,2,0,82.5,0.762,81,57,9,78.7,0,0,4.0,10.0,0,0
ORG01608,D,Dell Latitude,32,Male,Sales,Sales Executive,3,Full-time,112,94.9,1,2,1,64.7,0.62,51,37,5,52.7,1,1,3.0,19.0,0,0
ORG03611,C,Lenovo ThinkPad,22,Male,Operations,Process Analyst,2,Full-time,37,90.4,4,3,2,66.2,0.747,51,36,12,75.8,0,0,3.0,16.1,1,0
ORG06026,C,HP ProBook,24,Male,Marketing,Content Specialist,2,Full-time,75,91.7,4,1,1,78.8,0.981,20,16,1,77.2,0,0,5.0,25.0,1,0
ORG01810,D,Dell Latitude,38,Male,Engineering,DevOps Engineer,5,Full-time,94,94.8,1,4,0,72.2,0.799,19,15,1,70.1,2,0,4.0,40.9,2,0
ORG00792,B,Acer TravelMate,26,Female,Customer Support,Support Associate,3,Contract,9,94.9,4,5,0,84.6,0.945,116,91,22,78.0,4,1,5.0,4.8,0,0
ORG00793,C,Dell Latitude,29,Male,Sales,Account Manager,2,Full-time,55,94.2,1,2,1,80.4,0.884,45,39,6,84.0,0,0,3.0,9.5,1,0
ORG05190,B,MacBook Pro,22,Female,Operations,Ops Lead,2,Full-time,34,90.7,2,2,0,58.1,0.674,45,30,8,59.1,0,1,2.0,16.2,1,0
ORG01856,C,HP ProBook,25,Female,IT,IT Support,1,Contract,17,100.0,0,0,0,63.1,0.48,51,41,3,50.4,5,4,3.0,24.1,0,0
ORG01981,B,HP ProBook,38,Female,HR,Talent Acquisition,3,Full-time,119,100.0,1,1,0,83.4,0.751,58,47,4,68.5,2,0,4.0,13.8,0,0
ORG03234,A,HP ProBook,26,Male,Engineering,Data Analyst,2,Full-time,38,96.9,0,0,0,65.6,0.642,29,21,1,67.6,0,1,3.0,15.8,2,0
ORG03599,C,Lenovo ThinkPad,27,Male,IT,IT Support,3,Full-time,38,92.7,3,2,0,74.6,0.559,66,54,9,75.2,1,0,4.0,17.6,1,0
ORG00934,C,Dell Latitude,21,Male,Finance,Finance Analyst,2,Contract,15,93.5,2,3,1,70.3,0.607,40,28,5,61.8,1,0,3.0,3.7,0,0
ORG03964,A,Dell Latitude,29,Female,Sales,Inside Sales Rep,3,Full-time,22,90.8,2,2,1,59.4,0.342,46,31,6,59.9,3,0,2.0,11.9,3,0
ORG05862,C,HP ProBook,29,Male,Engineering,Data Analyst,3,Full-time,3,96.2,0,1,3,52.2,0.525,49,36,4,61.4,2,3,2.0,20.5,0,1
ORG04180,C,Acer TravelMate,36,Male,Marketing,Performance Marketer,4,Full-time,26,100.0,0,0,0,77.6,0.782,58,56,1,85.4,2,0,5.0,30.9,3,0
ORG04027,B,Lenovo ThinkPad,27,Male,Operations,Ops Lead,2,Full-time,3,89.1,3,4,2,32.9,0.249,45,27,8,47.3,0,1,1.0,21.4,0,1
ORG04117,A,Dell Latitude,27,Female,Operations,Process Analyst,3,Full-time,49,95.1,2,3,0,61.6,0.699,109,93,14,68.5,0,1,4.0,16.8,2,1
ORG00989,C,Lenovo ThinkPad,28,Male,Sales,Account Manager,2,Full-time,83,88.9,2,1,0,59.1,0.627,50,36,6,67.7,1,1,3.0,47.0,1,0
ORG04862,D,Dell Latitude,24,Male,Marketing,Marketing Executive,1,Full-time,102,96.7,2,1,0,54.7,0.591,17,15,0,54.8,6,0,3.0,15.2,1,0
ORG03454,A,Acer TravelMate,34,Female,Engineering,QA Analyst,2,Full-time,33,95.8,0,0,0,77.8,0.701,28,23,3,76.7,0,1,4.0,17.7,2,0
ORG05764,A,Lenovo ThinkPad,38,Male,Marketing,Content Specialist,3,Full-time,101,,2,2,0,77.5,0.815,59,57,3,73.2,0,0,4.0,15.6,1,0
ORG03779,A,Acer TravelMate,22,Female,Finance,Accounts Executive,1,Full-time,59,96.6,2,2,0,78.5,0.756,45,41,2,70.8,2,1,4.0,9.7,0,0
ORG05682,C,Lenovo ThinkPad,29,Male,Sales,Account Manager,4,Full-time,5,94.1,1,0,0,65.3,0.755,93,77,9,68.0,1,0,3.0,50.2,2,0
ORG03094,A,Dell Latitude,31,Female,IT,System Admin,3,Full-time,54,94.5,3,1,0,55.5,0.575,51,34,4,63.3,3,0,3.0,23.9,1,0
ORG03156,A,Dell Latitude,33,Male,Sales,Account Manager,4,Full-time,63,97.3,0,0,0,95.8,0.846,77,75,2,86.9,0,1,5.0,16.1,3,0
ORG03202,A,Lenovo ThinkPad,24,Male,Marketing,Content Specialist,1,Full-time,96,94.0,2,1,2,69.7,0.771,64,48,9,79.1,3,4,,10.2,2,1
ORG05091,A,HP ProBook,27,Male,Customer Support,Support Associate,3,Contract,14,91.2,4,1,0,95.7,1.0,106,91,16,83.5,0,1,5.0,19.0,2,0
ORG01099,C,Dell Latitude,21,Female,Marketing,Marketing Executive,1,Full-time,5,92.4,2,2,0,69.7,0.677,47,40,7,82.1,0,1,3.0,3.3,0,0
ORG05242,A,MacBook Pro,32,Male,Sales,Sales Executive,3,Full-time,68,100.0,0,0,0,68.3,0.68,69,56,2,60.9,4,1,3.0,9.5,0,0
ORG02845,A,Lenovo ThinkPad,39,Male,Engineering,DevOps Engineer,4,Full-time,119,100.0,0,1,0,59.0,1.0,47,44,2,82.3,1,0,5.0,23.4,1,0
ORG00887,D,HP ProBook,22,Male,Sales,Sales Executive,1,Full-time,6,92.1,1,3,1,46.4,0.426,31,21,4,59.5,4,1,2.0,23.4,3,0
ORG06230,A,Lenovo ThinkPad,28,Female,Customer Support,Support Lead,4,Full-time,28,95.2,1,0,0,75.1,0.982,149,137,9,77.6,1,1,5.0,33.2,2,0
ORG04984,B,Lenovo ThinkPad,26,Female,Engineering,QA Analyst,2,Full-time,44,96.4,1,0,0,56.8,0.729,19,15,1,74.4,1,0,3.0,30.7,4,0
ORG00516,D,MacBook Pro,33,Male,Engineering,QA Analyst,2,Full-time,104,100.0,0,0,0,71.6,0.891,23,20,0,69.3,0,0,,13.6,1,0
ORG05825,C,Dell Latitude,30,Male,Sales,Inside Sales Rep,3,Full-time,20,89.4,0,4,0,77.0,0.845,56,45,11,66.1,4,2,4.0,20.1,0,1
ORG01454,B,Dell Latitude,30,Male,IT,System Admin,3,Full-time,70,97.0,1,5,0,54.0,0.734,53,44,2,66.8,1,0,4.0,14.5,0,0
ORG03554,A,Dell Latitude,29,Male,Customer Support,Support Lead,4,Full-time,92,88.8,0,3,1,60.1,0.8,81,75,10,71.1,3,0,4.0,70.9,1,1
ORG03610,B,HP ProBook,21,Male,Sales,Inside Sales Rep,1,Contract,6,99.6,1,1,0,60.7,0.641,70,58,3,67.6,1,3,4.0,4.1,1,0
ORG04666,D,HP ProBook,21,Female,Customer Support,Support Lead,2,Contract,1,96.6,0,2,0,82.1,0.8,112,82,12,64.4,3,2,4.0,13.2,0,1
ORG02507,B,Dell Latitude,24,Female,IT,IT Support,1,Full-time,26,97.8,0,0,0,73.3,0.625,40,34,2,65.3,0,0,4.0,6.6,0,0
ORG02995,C,HP ProBook,21,Male,Operations,Ops Associate,1,Full-time,26,94.4,0,2,0,54.0,0.607,92,73,12,51.7,4,5,3.0,16.0,0,1
ORG04000,D,HP ProBook,32,Male,Engineering,Software Engineer,2,Full-time,34,90.1,4,4,2,60.6,0.728,22,14,3,68.9,1,0,3.0,16.7,2,0
ORG05984,A,Dell Latitude,26,Female,Sales,Inside Sales Rep,1,Full-time,99,97.4,0,3,0,52.8,0.766,43,37,3,64.9,5,0,3.0,30.7,0,0
ORG00907,A,HP ProBook,34,Male,Customer Support,Support Lead,3,Full-time,74,99.0,0,1,0,47.8,0.538,129,101,10,55.1,3,2,3.0,9.1,0,0
ORG00029,A,HP ProBook,23,Male,Engineering,Software Engineer,2,Full-time,49,95.1,0,2,0,72.2,0.649,28,22,2,74.8,2,1,3.0,11.4,0,0
ORG02508,B,HP ProBook,32,Female,Marketing,Marketing Executive,3,Full-time,78,97.9,1,1,1,53.9,0.372,70,46,6,65.7,4,3,1.0,29.0,1,1
ORG02429,A,Acer TravelMate,32,Male,Operations,Process Analyst,4,Full-time,63,94.7,2,2,0,61.2,0.591,96,67,13,57.4,3,1,3.0,12.4,0,0
ORG00763,A,Acer TravelMate,28,Male,Engineering,Software Engineer,2,Contract,12,91.8,1,2,1,62.7,0.778,40,30,6,67.4,1,0,3.0,18.5,1,0
ORG03748,C,Lenovo ThinkPad,25,Female,Marketing,Content Specialist,1,Full-time,119,100.0,0,0,1,,0.651,30,26,0,65.6,3,1,5.0,13.1,2,0
ORG00285,C,Dell Latitude,32,Male,Operations,Ops Lead,4,Full-time,95,96.1,4,2,0,66.5,0.652,56,41,5,60.4,2,1,3.0,16.9,4,1
ORG00687,D,Dell Latitude,29,Female,Customer Support,Support Associate,2,Full-time,68,95.7,0,2,0,62.2,0.681,128,96,14,50.9,5,4,2.0,14.2,0,1
ORG02354,B,Dell Latitude,28,Female,Customer Support,Support Associate,1,Full-time,94,97.6,1,0,0,73.0,0.518,66,54,3,62.9,3,2,3.0,11.0,0,0
ORG05077,C,HP ProBook,23,Male,Customer Support,Support Associate,1,Contract,5,97.1,3,2,0,85.1,0.763,100,84,16,72.8,3,1,5.0,5.3,0,0
ORG05420,D,Dell Latitude,24,Female,Sales,Sales Executive,1,Full-time,72,99.5,0,0,0,80.9,0.626,45,35,3,51.6,0,1,2.0,15.3,2,0
ORG00022,B,HP ProBook,30,Female,Sales,Inside Sales Rep,2,Full-time,116,95.2,0,0,0,68.3,0.642,65,53,2,57.7,1,1,3.0,14.6,1,0
ORG02753,B,Lenovo ThinkPad,31,Male,HR,HR Executive,3,Full-time,23,100.0,0,0,0,82.4,0.88,27,26,0,89.4,2,0,5.0,63.6,4,0
ORG00886,B,Acer TravelMate,27,Male,Sales,Account Manager,4,Contract,1,89.4,0,3,0,72.1,0.808,74,52,11,77.5,0,0,3.0,35.1,2,0
ORG00918,C,Acer TravelMate,33,Female,Engineering,Data Scientist,4,Full-time,4,96.7,1,2,1,76.2,0.708,44,38,3,62.0,3,0,4.0,13.8,1,0
ORG01041,A,Lenovo ThinkPad,34,Male,Engineering,DevOps Engineer,5,Full-time,23,100.0,2,1,0,96.3,0.916,56,52,5,81.9,1,0,5.0,32.9,3,0
ORG01266,B,Lenovo ThinkPad,30,Male,HR,HR Executive,2,Full-time,68,98.7,0,0,0,61.3,0.614,38,28,3,60.4,2,1,2.0,16.4,0,0
ORG04580,C,Acer TravelMate,35,Male,Engineering,Software Engineer,5,Full-time,76,93.5,0,2,1,51.4,0.451,65,47,6,58.8,4,0,3.0,20.4,0,1
ORG05460,C,Dell Latitude,25,Female,Engineering,QA Analyst,2,Full-time,20,99.7,0,0,0,52.5,0.619,44,40,1,64.8,1,0,5.0,14.3,0,0
ORG00278,D,Lenovo ThinkPad,24,Female,Customer Support,Support Associate,3,Contract,7,93.0,3,2,0,71.3,0.731,121,100,13,74.6,2,0,4.0,17.9,1,1
ORG02085,A,Lenovo ThinkPad,26,Male,Operations,Process Analyst,2,Full-time,28,91.7,2,3,0,55.9,0.43,79,64,10,70.9,3,0,2.0,20.1,1,0
ORG01246,A,Acer TravelMate,22,Male,Sales,Sales Executive,1,Full-time,60,98.4,0,1,0,70.6,0.746,73,63,0,71.0,4,2,4.0,7.4,2,0
ORG02383,D,Lenovo ThinkPad,32,Female,Engineering,QA Analyst,4,Contract,6,92.2,3,0,1,53.2,0.71,38,26,3,64.4,3,1,3.0,27.3,3,0
ORG00572,D,Lenovo ThinkPad,31,Female,HR,Talent Acquisition,3,Full-time,94,93.2,1,1,0,88.0,0.95,31,24,2,72.8,1,0,5.0,14.3,1,0
ORG01436,C,Dell Latitude,33,Male,IT,System Admin,3,Full-time,116,96.5,1,0,1,65.5,0.693,35,28,1,60.9,3,0,3.0,50.3,0,0
ORG03903,C,Lenovo ThinkPad,24,Male,Finance,Accounts Executive,1,Full-time,14,96.9,0,1,0,62.8,0.635,34,30,2,68.4,0,0,4.0,6.6,0,0
ORG01248,D,HP ProBook,34,Female,Engineering,Software Engineer,5,Full-time,51,95.6,0,3,0,56.5,0.415,48,39,1,47.5,4,0,4.0,29.8,1,1
ORG04682,C,Dell Latitude,37,Female,Engineering,QA Analyst,4,Full-time,115,95.9,0,2,0,66.7,0.627,18,14,1,79.5,0,1,3.0,20.5,2,0
ORG03527,B,Lenovo ThinkPad,33,Female,Engineering,QA Analyst,2,Full-time,82,92.9,4,3,1,65.4,0.78,51,32,7,67.0,2,1,2.0,13.7,0,0
ORG02515,D,Lenovo ThinkPad,32,Female,Sales,Inside Sales Rep,2,Full-time,12,88.7,2,3,0,50.6,0.606,42,27,6,48.7,4,1,3.0,32.5,0,0
ORG01008,A,Lenovo ThinkPad,23,Female,Sales,Sales Executive,2,Full-time,7,96.9,2,1,1,62.6,0.695,78,69,9,69.6,2,2,3.0,20.3,1,0
ORG04544,C,HP ProBook,30,Female,Customer Support,Support Lead,3,Full-time,75,100.0,0,0,0,49.8,0.643,83,68,4,59.5,1,1,4.0,14.3,0,0
ORG05465,D,HP ProBook,31,Male,Engineering,DevOps Engineer,4,Full-time,91,92.2,0,2,0,98.0,0.88,38,32,3,98.0,0,0,5.0,20.8,1,0
ORG02065,A,Acer TravelMate,28,Female,Customer Support,Support Associate,1,Full-time,107,96.1,1,1,1,65.8,0.573,104,80,12,72.1,1,1,3.0,8.4,1,0
ORG05414,D,HP ProBook,26,Other,Engineering,Data Analyst,2,Full-time,90,100.0,0,0,0,74.7,0.771,20,18,0,82.4,1,0,5.0,11.4,2,0
ORG01691,C,Dell Latitude,22,Female,Finance,Accounts Executive,1,Full-time,46,90.4,5,3,0,41.4,0.458,62,41,12,69.9,2,0,2.0,35.4,0,1
ORG05446,A,Acer TravelMate,21,Male,Sales,Inside Sales Rep,2,Full-time,73,93.6,1,0,1,68.3,0.813,40,33,4,73.8,2,1,4.0,5.7,0,0
ORG01986,B,Lenovo ThinkPad,32,Female,Marketing,Marketing Executive,2,Contract,16,94.3,0,0,1,73.6,0.786,51,42,4,78.1,2,0,5.0,3.2,1,0
ORG00295,A,Lenovo ThinkPad,31,Male,HR,HR Executive,3,Full-time,13,92.7,1,2,1,76.3,0.683,62,49,6,64.0,2,1,3.0,28.5,1,0
ORG01548,C,Lenovo ThinkPad,21,Male,Finance,Accounts Executive,1,Full-time,26,92.0,1,3,0,69.7,0.602,62,53,4,66.8,0,0,3.0,3.2,2,0
ORG02013,D,Dell Latitude,25,Male,Engineering,Data Analyst,2,Full-time,26,97.0,2,0,1,59.9,0.677,28,25,0,62.7,2,0,4.0,5.8,1,0
ORG00589,B,Dell Latitude,29,Female,Engineering,QA Analyst,3,Contract,14,97.7,0,2,0,80.3,0.762,45,40,2,80.2,1,0,4.0,16.5,2,1
ORG03330,C,Lenovo ThinkPad,33,Male,Sales,Inside Sales Rep,2,Full-time,80,98.9,1,0,0,85.8,0.777,42,41,2,84.7,1,2,4.0,29.6,2,0
ORG02404,B,Lenovo ThinkPad,27,Male,Marketing,Content Specialist,1,Full-time,64,91.0,0,4,1,53.3,0.604,38,27,6,51.9,1,1,3.0,12.4,2,0
ORG02130,D,HP ProBook,29,Male,Engineering,QA Analyst,4,Full-time,25,94.4,2,0,0,56.6,0.774,35,24,5,74.5,2,1,3.0,19.9,0,0
ORG03999,D,Dell Latitude,28,Male,Sales,Inside Sales Rep,2,Full-time,67,94.6,0,4,0,76.6,0.558,79,62,6,69.8,1,3,4.0,7.3,0,0
ORG05524,B,Acer TravelMate,24,Female,Operations,Ops Associate,1,Full-time,32,93.9,2,1,0,57.6,0.533,57,38,6,64.5,7,3,3.0,9.2,0,0
ORG03742,A,MacBook Pro,25,Male,Engineering,Software Engineer,2,Full-time,5,97.5,1,4,0,63.4,0.479,37,31,1,69.1,1,0,3.0,24.6,0,0
ORG03509,B,MacBook Pro,28,Male,Operations,Ops Lead,2,Full-time,21,93.4,0,1,1,79.1,0.58,82,57,9,72.5,0,0,3.0,17.2,2,0
ORG02720,A,HP ProBook,29,Male,Customer Support,Support Lead,2,Full-time,75,98.3,0,2,1,54.2,0.549,137,95,15,65.2,3,1,2.0,15.2,1,1
ORG04522,D,Lenovo ThinkPad,21,Male,Customer Support,Support Associate,1,Full-time,107,98.6,0,0,0,72.0,0.495,85,76,0,65.3,2,3,4.0,30.4,1,0
ORG05747,C,HP ProBook,34,Male,Engineering,Data Scientist,4,Full-time,95,91.0,1,3,1,98.0,1.0,49,48,5,99.0,1,0,5.0,29.1,1,0
ORG05754,B,Lenovo ThinkPad,34,Female,Finance,Finance Analyst,4,Full-time,45,98.8,3,1,1,67.1,0.68,78,60,5,79.9,1,0,,14.0,3,0
ORG00557,B,Lenovo ThinkPad,30,Female,Sales,Inside Sales Rep,2,Full-time,23,97.6,0,3,0,72.1,0.763,39,31,4,72.7,2,0,3.0,14.1,0,0
ORG02470,B,HP ProBook,28,Female,Sales,Account Manager,2,Full-time,91,95.1,0,2,0,57.6,0.714,41,34,2,60.4,2,2,3.0,35.7,3,1
ORG03739,A,Lenovo ThinkPad,35,Female,Finance,Finance Analyst,4,Full-time,93,97.5,1,0,0,83.5,0.698,36,34,1,80.5,1,0,4.0,50.1,1,0
ORG04287,B,HP ProBook,31,Male,Marketing,Content Specialist,2,Full-time,67,92.0,0,6,1,66.3,0.675,53,35,7,71.4,2,0,3.0,11.8,2,0
ORG05195,A,Acer TravelMate,29,Male,Marketing,Marketing Executive,2,Full-time,7,95.0,1,1,1,50.8,0.775,20,14,2,53.7,2,3,3.0,16.0,1,0
ORG01717,C,Dell Latitude,22,Female,Sales,Sales Executive,1,Full-time,50,92.0,4,2,1,92.2,0.991,59,46,7,99.0,0,0,5.0,8.9,1,0
ORG02605,A,Dell Latitude,32,Female,Engineering,Software Engineer,2,Full-time,20,99.1,0,0,0,77.6,0.805,44,35,2,80.2,1,0,4.0,16.6,1,0
ORG05206,B,HP ProBook,29,Male,Engineering,Data Analyst,3,Contract,16,94.9,2,2,2,51.2,0.648,30,21,3,68.7,1,0,2.0,16.2,1,0
ORG01705,A,Dell Latitude,32,Female,Customer Support,Support Lead,2,Full-time,44,94.5,1,0,1,77.5,0.738,90,71,15,73.4,2,0,4.0,14.2,2,1
ORG02140,B,Lenovo ThinkPad,23,Female,HR,HR Executive,1,Full-time,8,91.9,2,4,1,69.0,0.669,48,34,8,68.6,3,1,3.0,12.8,1,0
ORG03240,D,MacBook Pro,23,Male,Sales,Inside Sales Rep,1,Full-time,31,100.0,1,2,0,91.6,0.947,41,39,3,90.7,0,0,4.0,16.6,1,0
ORG02384,A,Acer TravelMate,33,Female,Engineering,Data Scientist,3,Full-time,68,94.5,0,2,1,52.9,0.617,21,15,2,54.5,6,0,3.0,24.2,2,1
ORG04312,C,MacBook Pro,32,Male,Finance,Accounts Executive,3,Full-time,115,94.8,2,3,0,44.8,0.626,49,40,5,75.6,0,0,3.0,25.1,1,1
ORG01286,B,Dell Latitude,27,Male,Marketing,Performance Marketer,2,Full-time,78,98.7,1,1,0,66.5,0.757,53,42,3,63.2,3,1,4.0,14.8,5,0
ORG05372,D,HP ProBook,32,Male,IT,IT Support,1,Full-time,116,100.0,0,0,0,37.6,0.529,47,34,1,50.7,3,4,3.0,10.9,2,0
ORG05637,C,Acer TravelMate,29,Male,Sales,Sales Executive,2,Full-time,67,92.1,3,3,1,62.6,0.468,46,26,5,42.6,5,2,1.0,11.7,3,1
ORG03931,A,HP ProBook,32,Female,Customer Support,Support Lead,4,Full-time,60,98.4,1,0,0,70.6,0.66,77,62,7,67.7,0,1,3.0,24.4,2,0
ORG04768,D,Acer TravelMate,27,Female,Operations,Process Analyst,3,Full-time,19,95.6,0,1,0,73.5,0.978,53,47,2,87.2,2,0,5.0,5.6,1,0
ORG01592,D,HP ProBook,34,Male,Engineering,Data Scientist,5,Full-time,68,92.7,2,0,1,63.0,0.624,48,32,6,65.6,1,0,3.0,14.8,2,1
ORG05588,D,Lenovo ThinkPad,30,Male,Sales,Inside Sales Rep,2,Full-time,86,94.7,3,0,0,62.0,0.676,68,55,9,82.6,2,2,3.0,15.2,0,0
ORG02163,C,Lenovo ThinkPad,26,Male,Sales,Inside Sales Rep,3,Contract,10,92.1,6,3,0,85.6,0.772,43,37,5,89.1,0,0,5.0,12.6,0,0
ORG02397,D,Dell Latitude,30,Female,Sales,Sales Executive,3,Full-time,52,95.3,2,0,0,57.9,0.715,71,54,8,68.5,0,0,4.0,17.9,2,0
ORG00318,B,HP ProBook,29,Male,Operations,Ops Lead,3,Full-time,27,90.8,1,2,3,98.0,0.921,112,99,17,92.0,0,0,5.0,29.0,3,0
ORG05663,C,Acer TravelMate,23,Male,Customer Support,Support Associate,3,Full-time,49,87.7,3,1,0,75.5,0.81,110,88,17,87.7,0,1,4.0,26.4,1,0
ORG03112,D,HP ProBook,24,Female,Sales,Inside Sales Rep,1,Full-time,100,93.5,5,0,1,46.5,0.347,73,55,10,49.7,3,2,1.0,8.3,2,1
ORG05041,A,MacBook Pro,21,Male,Sales,Inside Sales Rep,1,Full-time,114,94.1,1,2,0,58.3,0.461,62,39,9,58.8,1,1,3.0,25.8,1,0
ORG04037,A,HP ProBook,22,Other,Sales,Account Manager,2,Full-time,26,90.8,2,0,1,70.8,0.835,50,38,7,84.4,0,0,3.0,8.1,0,0
ORG00796,B,Lenovo ThinkPad,26,Male,Sales,Inside Sales Rep,1,Full-time,100,100.0,0,2,0,66.6,0.69,50,45,1,72.9,2,1,4.0,18.4,3,0
ORG03021,A,MacBook Pro,32,Female,Sales,Account Manager,4,Full-time,39,90.0,2,1,2,82.8,0.993,56,42,5,66.8,0,2,4.0,33.3,1,0
ORG01712,D,HP ProBook,21,Female,Sales,Sales Executive,1,Full-time,8,91.6,3,2,1,42.5,0.532,48,30,6,46.9,2,3,1.0,13.6,0,0
ORG03388,B,Dell Latitude,32,Female,IT,IT Support,1,Full-time,104,96.7,1,1,1,29.0,0.327,62,37,6,50.1,1,2,1.0,12.7,0,1
ORG00037,A,Acer TravelMate,36,Female,Engineering,DevOps Engineer,4,Full-time,103,86.2,1,1,0,43.6,0.409,24,12,3,41.7,3,0,1.0,25.1,1,1
ORG04550,C,Acer TravelMate,26,Female,Sales,Account Manager,2,Contract,9,97.1,2,2,1,50.6,0.689,77,59,6,62.1,2,1,3.0,7.3,1,0
ORG00914,D,Lenovo ThinkPad,21,Male,IT,IT Support,1,Full-time,6,94.5,2,0,0,85.6,0.98,30,26,3,84.7,0,0,5.0,44.5,0,0
ORG03973,A,Lenovo ThinkPad,23,Female,Customer Support,Support Lead,3,Full-time,51,98.9,2,0,0,58.5,0.481,69,54,3,57.3,4,1,3.0,19.8,1,0
ORG04134,C,HP ProBook,27,Male,Customer Support,Support Lead,3,Contract,13,94.9,1,1,0,83.0,0.932,77,60,11,80.4,1,0,5.0,42.4,0,1
ORG00975,D,Dell Latitude,21,Female,Sales,Sales Executive,1,Contract,11,89.5,1,0,0,73.6,0.657,67,48,8,69.9,1,2,3.0,10.0,1,0
ORG00984,B,HP ProBook,38,Female,Customer Support,Support Lead,4,Full-time,112,100.0,0,3,0,69.0,0.769,122,104,15,75.9,1,3,4.0,21.1,0,0
ORG05151,D,Dell Latitude,37,Male,Operations,Ops Lead,4,Full-time,98,99.9,1,3,0,62.1,0.585,56,47,2,71.4,3,3,3.0,20.8,1,0
ORG01419,B,HP ProBook,31,Female,Marketing,Content Specialist,3,Full-time,98,97.3,4,1,0,75.3,0.74,60,53,7,73.3,3,1,5.0,28.1,1,0
ORG01561,C,HP ProBook,40,Male,IT,System Admin,3,Full-time,81,95.6,1,0,0,,0.677,43,38,2,71.1,0,0,3.0,32.3,3,1
ORG04136,D,Acer TravelMate,32,Female,Engineering,Data Scientist,4,Full-time,32,93.1,2,1,0,76.8,0.697,43,34,4,74.7,0,0,4.0,10.9,0,0
ORG05047,B,Lenovo ThinkPad,21,Male,Sales,Sales Executive,1,Full-time,51,100.0,0,0,0,92.6,0.687,45,43,0,72.7,2,1,5.0,11.6,1,0
ORG04266,D,HP ProBook,28,Female,Customer Support,Support Associate,2,Full-time,62,97.9,0,2,0,69.1,0.467,108,86,4,53.1,4,3,4.0,3.9,0,0
ORG01356,A,Lenovo ThinkPad,29,Male,Engineering,Data Scientist,3,Full-time,117,95.5,0,1,0,78.1,0.691,33,30,2,63.6,1,0,4.0,16.0,2,0
ORG05987,D,Lenovo ThinkPad,28,Male,Engineering,Data Scientist,4,Full-time,55,97.2,0,0,0,84.9,0.87,54,47,2,89.3,1,0,5.0,20.7,1,0
ORG00988,A,Acer TravelMate,29,Male,Engineering,Data Scientist,4,Contract,16,93.5,0,0,0,76.0,0.92,29,25,3,74.5,2,1,5.0,8.8,0,0
ORG02683,A,MacBook Pro,32,Female,Engineering,Data Scientist,5,Contract,2,95.9,2,0,2,76.2,0.827,33,29,4,80.9,1,0,4.0,32.4,3,0
ORG01641,C,Lenovo ThinkPad,38,Male,Finance,Finance Analyst,4,Full-time,52,100.0,0,0,0,62.2,0.766,47,40,1,63.7,1,0,4.0,14.6,1,0
ORG01291,C,Acer TravelMate,29,Female,Customer Support,Support Lead,3,Full-time,58,92.5,1,3,1,60.2,0.77,102,84,8,68.3,2,3,4.0,22.0,0,0
ORG03682,D,Lenovo ThinkPad,28,Female,Engineering,Software Engineer,3,Full-time,49,93.1,0,2,1,61.4,0.502,53,39,7,50.6,5,1,2.0,7.5,1,0
ORG01381,D,Lenovo ThinkPad,35,Male,Customer Support,Support Lead,4,Full-time,56,98.5,1,1,0,78.5,0.921,76,67,9,82.0,1,1,4.0,19.5,1,0
ORG01934,C,Dell Latitude,28,Male,HR,Talent Acquisition,3,Full-time,44,90.0,3,2,0,57.0,0.487,38,26,4,50.6,4,3,2.0,8.5,1,1
ORG04676,C,Lenovo ThinkPad,36,Male,Engineering,Software Engineer,4,Full-time,54,94.8,2,0,0,84.4,0.667,35,27,2,72.3,3,0,4.0,35.3,2,1
ORG05310,A,Acer TravelMate,28,Female,Sales,Account Manager,2,Full-time,88,95.0,2,1,0,69.1,0.765,75,55,8,61.5,2,0,3.0,10.5,0,0
ORG03161,A,Acer TravelMate,23,Female,IT,System Admin,3,Full-time,4,97.3,0,1,0,58.2,0.619,32,22,2,66.4,3,1,2.0,17.4,2,0
ORG02031,C,HP ProBook,29,Male,Engineering,Data Scientist,3,Full-time,70,100.0,0,0,0,98.0,1.0,47,46,2,99.0,0,0,5.0,26.3,0,0
ORG00893,D,HP ProBook,31,Male,Sales,Sales Executive,3,Full-time,80,93.5,2,1,0,51.2,0.762,78,71,6,80.3,2,1,3.0,28.9,2,0
ORG04070,C,Lenovo ThinkPad,40,Female,Engineering,Software Engineer,5,Full-time,35,87.3,4,5,2,57.9,0.684,58,44,12,63.3,2,1,3.0,14.9,2,1
ORG04256,C,Dell Latitude,33,Female,Engineering,Data Scientist,3,Full-time,119,92.2,4,1,0,66.1,0.887,44,33,4,80.5,1,0,3.0,21.7,0,0
ORG00003,A,HP ProBook,26,Male,HR,HR Executive,2,Full-time,102,94.8,1,1,0,66.3,0.624,67,56,6,60.2,3,1,2.0,31.5,1,1
ORG02110,C,Lenovo ThinkPad,37,Female,Engineering,Data Scientist,5,Full-time,88,92.8,3,1,1,69.1,0.651,30,24,3,70.8,2,0,3.0,18.0,3,0
ORG00850,A,Dell Latitude,25,Female,IT,IT Support,1,Full-time,84,95.0,2,2,1,56.1,0.538,59,44,6,71.7,2,2,2.0,25.4,0,0
ORG02738,A,HP ProBook,22,Male,Customer Support,Support Associate,1,Full-time,21,87.1,2,1,1,57.1,0.64,112,79,13,45.8,2,2,2.0,21.4,2,1
ORG02467,C,Dell Latitude,30,Male,HR,Talent Acquisition,3,Full-time,113,97.8,1,2,4,76.9,1.0,26,21,0,70.5,1,0,4.0,17.2,2,0
ORG01915,B,MacBook Pro,32,Female,Engineering,QA Analyst,2,Full-time,13,92.1,1,2,0,62.8,0.619,42,33,2,67.5,1,0,3.0,8.6,1,0
ORG01597,C,HP ProBook,38,Male,Engineering,Software Engineer,5,Full-time,85,93.9,1,3,0,53.6,0.675,42,29,4,58.5,0,1,2.0,15.5,1,1
ORG01914,C,Dell Latitude,24,Male,Customer Support,Support Associate,1,Full-time,12,93.6,1,0,1,70.0,0.879,81,73,9,84.6,0,1,4.0,4.2,0,0
ORG05946,D,HP ProBook,29,Female,Sales,Sales Executive,2,Full-time,3,92.2,2,3,1,71.6,0.544,67,54,7,71.0,1,2,3.0,5.6,0,0
ORG02737,B,MacBook Pro,30,Male,Engineering,Software Engineer,3,Full-time,112,93.0,2,0,0,61.4,0.583,28,22,3,68.6,0,0,3.0,22.9,0,0
ORG00727,B,Lenovo ThinkPad,24,Male,Sales,Account Manager,3,Full-time,93,100.0,1,0,0,45.6,0.604,58,46,4,,0,3,3.0,10.8,1,0
ORG00054,C,MacBook Pro,25,Male,Operations,Ops Associate,3,Full-time,33,100.0,1,0,0,84.4,0.853,82,80,2,74.9,0,0,,22.5,1,0
ORG01797,C,Acer TravelMate,25,Male,Operations,Ops Associate,3,Full-time,32,90.8,0,2,2,,0.578,71,60,9,72.2,4,0,3.0,25.7,1,0
ORG03846,C,Dell Latitude,28,Male,Customer Support,Support Associate,2,Full-time,22,95.8,1,0,2,98.0,0.947,110,106,11,97.1,0,0,5.0,6.8,1,0
ORG02554,D,HP ProBook,27,Female,IT,System Admin,2,Full-time,33,87.5,3,0,0,50.9,0.48,27,19,4,70.4,2,0,3.0,19.8,1,1
ORG02801,C,Lenovo ThinkPad,24,Male,IT,IT Support,1,Full-time,30,90.0,3,1,2,87.8,0.846,40,37,6,74.0,3,0,3.0,8.1,1,0
ORG00937,C,HP ProBook,31,Female,IT,System Admin,4,Full-time,95,92.2,2,1,0,87.2,0.817,47,40,6,81.7,0,0,5.0,19.8,0,0
ORG05204,D,Lenovo ThinkPad,26,Male,Customer Support,Support Associate,3,Full-time,29,97.2,2,0,0,55.8,0.766,97,74,5,69.0,0,1,5.0,25.5,0,0
ORG00825,C,Lenovo ThinkPad,26,Male,HR,Talent Acquisition,2,Full-time,9,94.6,2,0,1,70.1,0.757,62,58,4,74.3,0,0,4.0,23.4,5,0
ORG04322,A,Dell Latitude,24,Male,Customer Support,Support Lead,2,Full-time,35,96.3,0,0,0,80.8,0.654,101,83,7,62.7,0,0,4.0,7.5,2,0
ORG03402,B,Acer TravelMate,24,Female,HR,HR Executive,2,Contract,13,90.2,3,5,0,36.5,0.473,54,34,4,55.6,7,1,1.0,24.2,0,1
ORG01390,B,MacBook Pro,28,Male,Engineering,Data Scientist,3,Full-time,29,94.8,3,1,0,66.6,1.0,33,28,3,72.9,1,0,4.0,20.5,0,0
ORG03565,B,Dell Latitude,35,Female,IT,IT Support,3,Full-time,73,88.1,2,1,0,49.7,0.526,32,21,5,69.1,4,0,2.0,13.5,1,1
ORG00885,C,Acer TravelMate,29,Female,Engineering,QA Analyst,2,Contract,8,91.4,4,3,0,47.6,0.583,45,33,4,68.5,2,0,2.0,33.6,1,0
ORG01869,B,HP ProBook,32,Female,Customer Support,Support Lead,3,Full-time,66,99.8,1,1,0,67.0,0.632,122,97,5,66.2,0,1,2.0,18.1,3,0
ORG00011,A,Lenovo ThinkPad,30,Female,Sales,Account Manager,4,Full-time,7,91.3,1,1,1,74.5,0.774,54,45,4,76.8,4,2,4.0,16.5,1,0
ORG03416,C,Dell Latitude,29,Male,Sales,Account Manager,2,Full-time,75,91.9,3,1,1,37.6,0.729,72,47,10,62.9,1,3,3.0,6.0,0,1
ORG01464,D,HP ProBook,28,Male,Sales,Account Manager,3,Full-time,55,99.9,1,1,0,78.7,0.89,55,53,3,71.4,5,0,5.0,9.0,1,0
ORG00807,D,Dell Latitude,34,Female,Operations,Process Analyst,4,Full-time,42,94.4,3,1,0,84.3,0.837,83,65,12,70.2,2,1,4.0,16.6,4,0
ORG05144,B,Dell Latitude,34,Male,Marketing,Content Specialist,3,Full-time,119,98.6,0,0,0,70.8,0.798,54,48,4,78.9,1,1,4.0,17.6,0,0
ORG04957,B,Lenovo ThinkPad,25,Male,HR,HR Executive,2,Full-time,87,92.6,0,2,0,74.7,0.804,49,41,3,69.4,3,1,4.0,18.3,1,0
ORG04069,C,Dell Latitude,24,Male,Marketing,Content Specialist,1,Full-time,56,100.0,2,0,0,,0.754,53,48,2,76.3,1,0,4.0,24.1,2,0
ORG02109,D,Acer TravelMate,32,Male,Sales,Account Manager,4,Full-time,103,94.6,1,2,0,59.9,0.568,63,50,0,60.9,2,0,4.0,11.2,0,0
ORG05328,B,Acer TravelMate,35,Female,Marketing,Performance Marketer,3,Full-time,117,92.3,2,2,1,51.9,0.454,36,24,4,66.4,2,0,1.0,17.4,2,0
ORG02542,A,HP ProBook,33,Male,Customer Support,Support Lead,3,Full-time,99,95.3,2,3,0,63.5,0.73,139,93,19,62.0,7,1,3.0,24.7,3,1
ORG02235,D,Dell Latitude,37,Male,Finance,Finance Analyst,3,Full-time,69,100.0,0,0,0,78.5,0.818,68,62,2,78.8,1,0,4.0,56.2,0,0
ORG00964,A,Dell Latitude,31,Female,Engineering,Software Engineer,4,Full-time,28,91.8,2,2,0,87.1,0.851,51,45,7,89.4,0,0,5.0,7.7,3,0
ORG04495,C,Acer TravelMate,27,Female,Sales,Inside Sales Rep,1,Full-time,34,90.1,1,2,0,66.9,0.778,53,40,9,70.4,0,0,3.0,9.8,0,0
ORG02633,C,Lenovo ThinkPad,34,Male,Marketing,Marketing Executive,3,Full-time,34,94.8,0,2,0,59.5,0.477,29,19,3,63.4,0,1,2.0,20.7,0,0
ORG00705,D,Dell Latitude,30,Male,Sales,Account Manager,3,Full-time,31,99.0,1,0,0,89.7,1.0,46,43,3,96.0,0,0,,14.0,2,0
ORG00432,A,Lenovo ThinkPad,21,Male,Finance,Accounts Executive,1,Full-time,3,93.0,1,3,0,69.2,0.643,40,30,4,72.1,2,2,3.0,33.1,2,0
ORG04389,D,Lenovo ThinkPad,25,Male,Finance,Accounts Executive,1,Full-time,77,96.8,2,1,0,65.6,0.572,17,12,1,62.1,3,2,2.0,6.3,0,0
ORG00146,B,MacBook Pro,30,Male,Sales,Inside Sales Rep,2,Full-time,114,98.7,1,3,0,70.1,0.869,66,59,5,77.4,0,1,4.0,12.7,1,0
ORG02034,B,Dell Latitude,26,Male,Customer Support,Support Associate,2,Contract,2,95.8,1,2,1,69.4,0.629,105,93,8,66.0,2,2,4.0,2.7,3,1
ORG05295,B,Lenovo ThinkPad,30,Female,Finance,Finance Analyst,2,Full-time,115,95.4,0,1,0,69.9,0.656,61,52,6,68.5,0,0,3.0,12.4,0,0
ORG01166,A,HP ProBook,31,Female,Marketing,Performance Marketer,3,Contract,10,93.8,0,3,1,50.1,0.362,61,38,6,50.8,3,1,2.0,9.4,1,0
ORG03501,C,HP ProBook,25,Female,Customer Support,Support Associate,2,Full-time,58,95.4,1,0,0,94.5,1.0,90,86,8,91.2,1,0,5.0,25.6,2,0
ORG02051,D,Dell Latitude,28,Male,IT,IT Support,1,Full-time,70,93.3,0,0,1,71.9,0.768,42,30,4,72.1,0,0,3.0,37.3,1,0
ORG03761,D,Dell Latitude,21,Female,IT,IT Support,1,Full-time,63,92.6,2,2,0,74.9,0.847,58,42,8,65.1,2,1,4.0,28.8,0,0
ORG02625,A,HP ProBook,22,Male,Operations,Process Analyst,2,Full-time,22,100.0,0,0,0,66.6,0.649,99,89,5,61.0,2,0,3.0,13.9,0,0
ORG04485,C,Acer TravelMate,28,Female,Marketing,Performance Marketer,4,Contract,14,97.4,1,1,0,72.1,0.843,46,34,3,72.6,2,0,3.0,24.7,5,0
ORG04436,A,Dell Latitude,28,Female,Operations,Process Analyst,3,Full-time,74,94.0,3,0,0,46.2,0.485,71,44,7,65.1,3,1,2.0,15.5,1,0
ORG05580,B,Lenovo ThinkPad,26,Male,Finance,Finance Analyst,2,Full-time,66,94.8,1,1,1,64.8,0.654,22,18,0,66.0,0,1,4.0,7.6,2,0
ORG04887,B,HP ProBook,26,Female,Engineering,Software Engineer,4,Contract,15,92.2,4,2,1,78.2,0.726,34,26,4,72.1,1,0,4.0,13.1,2,0
ORG04362,A,HP ProBook,21,Male,Customer Support,Support Associate,1,Full-time,8,93.3,3,0,2,68.5,0.58,91,69,14,66.6,2,0,3.0,15.1,0,0
ORG02425,C,MacBook Pro,34,Female,Marketing,Marketing Executive,2,Full-time,60,93.6,2,1,0,82.4,0.869,68,61,8,85.7,1,0,4.0,6.2,1,0
ORG01263,D,HP ProBook,33,Female,Sales,Account Manager,4,Full-time,69,90.3,2,4,0,75.9,0.593,47,34,6,59.4,6,2,3.0,31.4,1,0
ORG01772,C,HP ProBook,21,Male,Finance,Accounts Executive,1,Full-time,49,94.8,2,1,0,65.9,0.579,20,16,1,70.0,3,0,4.0,12.8,2,0
ORG03512,A,MacBook Pro,21,Male,Finance,Finance Analyst,2,Full-time,17,91.4,3,4,0,67.6,0.888,47,35,9,73.2,1,1,2.0,32.1,1,0
ORG00272,D,Lenovo ThinkPad,31,Female,Engineering,Software Engineer,5,Contract,7,99.8,0,0,0,62.1,0.597,66,55,2,61.7,3,3,3.0,17.6,0,0
ORG04793,A,Lenovo ThinkPad,40,Female,Sales,Account Manager,4,Full-time,93,99.3,1,1,0,81.4,0.809,70,63,5,84.4,1,1,5.0,23.1,3,0
ORG03422,D,HP ProBook,35,Male,Sales,Account Manager,4,Full-time,72,97.6,2,0,1,78.5,0.633,89,79,7,78.4,1,0,4.0,23.3,3,0
ORG00245,D,Dell Latitude,25,Male,Operations,Process Analyst,2,Contract,10,95.3,3,1,1,89.0,0.786,70,62,6,83.0,1,0,4.0,11.2,1,0
ORG06124,B,Lenovo ThinkPad,29,Male,Sales,Account Manager,2,Contract,2,99.2,0,1,0,66.6,0.608,39,33,1,66.7,0,2,3.0,12.5,1,0
ORG04573,D,Lenovo ThinkPad,29,Female,Engineering,Data Analyst,3,Full-time,21,99.5,0,0,0,82.1,0.929,53,46,4,91.3,2,0,5.0,15.5,1,0
ORG02033,A,HP ProBook,23,Other,Sales,Sales Executive,2,Full-time,34,98.9,1,1,0,65.0,0.796,49,46,2,66.9,1,1,5.0,17.8,0,0
ORG04983,D,HP ProBook,23,Male,Sales,Sales Executive,2,Full-time,11,90.2,1,2,1,64.6,0.744,58,45,7,76.8,4,3,4.0,13.8,0,0
ORG00814,C,Lenovo ThinkPad,21,Male,Operations,Ops Associate,1,Contract,6,96.5,0,2,0,57.5,0.625,105,75,12,77.4,1,0,1.0,9.6,1,0
ORG03811,B,Lenovo ThinkPad,37,Female,Operations,Ops Lead,4,Full-time,22,89.5,2,1,0,70.2,0.882,94,79,11,52.7,3,2,3.0,48.6,2,0
ORG05124,D,HP ProBook,28,Female,Customer Support,Support Associate,1,Full-time,100,98.2,1,1,0,64.8,0.639,101,87,7,71.9,3,0,4.0,19.9,0,0
ORG01805,B,Dell Latitude,30,Male,Operations,Ops Associate,3,Full-time,98,99.4,1,1,0,64.9,0.66,96,89,4,88.5,0,0,5.0,5.6,1,0
ORG05557,A,Lenovo ThinkPad,32,Female,Sales,Account Manager,4,Full-time,39,95.8,2,2,0,78.1,0.74,57,48,5,83.3,1,1,5.0,16.6,2,0
ORG04347,A,Lenovo ThinkPad,31,Female,Finance,Accounts Executive,1,Full-time,49,95.2,0,1,0,75.6,0.684,47,39,3,74.4,1,0,4.0,9.7,1,0
ORG02462,D,Dell Latitude,23,Male,Operations,Ops Associate,1,Full-time,82,96.8,0,2,0,84.4,0.554,78,68,9,75.2,2,0,3.0,5.1,0,0
ORG00546,B,Acer TravelMate,24,Male,Customer Support,Support Associate,2,Full-time,7,89.4,3,2,1,82.5,0.754,118,100,25,84.3,0,2,4.0,12.2,2,0
ORG03242,A,Acer TravelMate,37,Male,Operations,Ops Lead,4,Full-time,72,95.3,1,2,0,65.3,0.541,101,78,10,61.0,0,0,3.0,22.8,1,0
ORG00739,B,Acer TravelMate,26,Male,Sales,Sales Executive,1,Full-time,65,93.9,5,0,1,55.9,0.586,52,39,4,70.5,2,1,3.0,18.6,0,0
ORG00311,C,Dell Latitude,21,Female,Customer Support,Support Associate,1,Contract,5,97.9,2,0,1,76.5,0.984,130,115,11,76.3,0,1,5.0,9.2,0,0
ORG03522,A,Lenovo ThinkPad,27,Male,Marketing,Performance Marketer,3,Full-time,21,93.9,0,0,0,80.4,0.762,29,26,2,79.9,1,0,4.0,12.5,0,0
ORG01132,C,HP ProBook,34,Male,Customer Support,Support Lead,3,Full-time,77,92.7,1,3,1,72.9,0.596,119,91,16,75.6,0,0,4.0,22.8,1,1
ORG06218,A,Lenovo ThinkPad,27,Male,Operations,Process Analyst,2,Full-time,107,100.0,1,1,0,68.4,0.798,83,54,13,54.8,0,1,4.0,36.0,2,0
ORG04112,C,HP ProBook,27,Female,HR,HR Executive,2,Full-time,113,91.1,2,1,0,70.7,0.661,27,21,3,64.0,3,1,3.0,42.4,2,0
ORG02770,C,MacBook Pro,29,Male,IT,IT Support,3,Full-time,22,95.9,2,0,0,97.5,0.847,52,50,5,85.5,0,0,5.0,14.3,2,0
ORG00921,B,Acer TravelMate,40,Female,Engineering,DevOps Engineer,4,Full-time,103,96.2,3,2,0,84.8,0.651,29,24,2,77.7,1,1,3.0,20.8,1,0
ORG03588,C,Dell Latitude,29,Male,Customer Support,Support Associate,2,Full-time,104,97.6,1,2,1,52.1,0.726,112,84,13,57.6,2,2,3.0,4.8,1,0
ORG03960,D,Lenovo ThinkPad,23,Male,Sales,Inside Sales Rep,1,Full-time,27,93.9,4,0,1,63.8,0.35,37,25,3,64.5,4,0,2.0,13.1,0,0
ORG00039,C,Dell Latitude,28,Female,Sales,Inside Sales Rep,3,Full-time,90,98.0,1,0,1,54.0,0.61,43,34,3,73.5,3,1,3.0,9.9,1,1
ORG04460,C,HP ProBook,31,Male,HR,HR Executive,3,Contract,3,97.2,0,0,0,74.9,0.933,65,62,1,82.9,1,0,5.0,19.9,0,0
ORG04279,B,HP ProBook,29,Female,Sales,Account Manager,4,Full-time,19,90.1,0,3,0,57.6,0.697,87,65,14,66.8,0,1,3.0,9.1,0,0
ORG02984,D,Lenovo ThinkPad,35,Male,Operations,Ops Lead,4,Contract,9,88.8,1,2,0,59.3,0.656,119,74,24,69.3,1,0,2.0,13.9,1,0
ORG00248,A,Dell Latitude,27,Male,Customer Support,Support Associate,2,Full-time,118,97.0,2,1,1,77.4,0.603,130,97,19,78.2,0,1,3.0,12.4,0,0
ORG02668,B,Dell Latitude,32,Male,Engineering,Software Engineer,3,Full-time,29,95.4,1,2,2,71.4,0.924,55,46,6,92.5,0,0,5.0,16.5,1,0
ORG03224,B,Lenovo ThinkPad,35,Male,Operations,Process Analyst,4,Full-time,53,92.7,3,1,3,80.8,0.897,92,67,14,87.6,0,1,4.0,16.1,3,0
ORG01183,B,HP ProBook,27,Female,Engineering,QA Analyst,2,Full-time,36,100.0,0,2,0,60.1,0.666,22,17,1,48.5,6,2,3.0,15.7,1,0
ORG00615,B,Dell Latitude,27,Male,Sales,Sales Executive,2,Full-time,99,94.4,3,4,1,61.5,0.755,71,48,8,61.6,2,0,3.0,23.0,0,0
ORG06200,A,HP ProBook,25,Female,IT,IT Support,3,Full-time,3,98.7,0,0,0,55.9,0.729,67,54,2,58.5,2,1,4.0,52.4,5,0
ORG01467,D,MacBook Pro,34,Male,Customer Support,Support Lead,3,Full-time,86,100.0,0,0,0,91.7,1.0,131,128,3,93.9,1,0,5.0,32.5,1,0
ORG04498,A,Lenovo ThinkPad,23,Male,Customer Support,Support Lead,2,Full-time,17,85.1,2,1,0,54.4,0.624,64,42,10,77.6,2,0,2.0,13.6,1,1
ORG03043,B,HP ProBook,26,Female,Finance,Accounts Executive,2,Full-time,102,95.5,2,2,1,73.0,0.706,23,21,2,84.7,0,0,4.0,20.1,2,0
ORG00935,D,Dell Latitude,30,Male,Finance,Finance Analyst,2,Full-time,40,96.9,2,1,0,66.1,0.749,45,35,1,67.0,1,1,4.0,14.5,1,0
ORG02420,A,Acer TravelMate,34,Male,Marketing,Performance Marketer,4,Full-time,52,,3,0,0,73.5,0.737,51,37,2,67.6,1,0,3.0,9.4,1,0
ORG05694,A,Dell Latitude,30,Male,HR,HR Executive,2,Full-time,5,95.5,0,0,0,69.8,0.594,29,25,2,71.6,2,0,4.0,47.9,3,0
ORG05112,D,Acer TravelMate,25,Male,Operations,Ops Lead,2,Full-time,91,97.8,0,2,0,62.2,,50,41,3,49.7,2,1,3.0,12.7,4,1
ORG04823,D,HP ProBook,33,Male,Operations,Ops Lead,3,Full-time,109,100.0,1,0,0,,0.698,114,100,12,82.8,1,1,4.0,11.8,0,0
ORG00827,A,HP ProBook,33,Male,Operations,Ops Lead,3,Full-time,115,98.1,0,1,0,53.6,0.648,114,101,1,72.5,0,0,4.0,16.0,0,0
ORG01522,D,HP ProBook,31,Female,Customer Support,Support Lead,4,Full-time,119,98.1,1,0,0,79.6,0.647,137,117,7,86.2,2,2,4.0,7.6,0,0
ORG02931,B,Dell Latitude,28,Female,Operations,Process Analyst,3,Contract,13,92.3,4,2,1,95.6,1.0,57,54,6,99.0,0,0,5.0,22.1,0,0
ORG04233,B,Lenovo ThinkPad,29,Male,Finance,Finance Analyst,3,Full-time,95,91.0,2,4,1,81.5,0.99,33,28,3,81.6,2,0,5.0,15.6,0,0
ORG00629,A,Lenovo ThinkPad,23,Male,Customer Support,Support Lead,2,Full-time,61,93.9,1,1,0,48.3,0.721,122,95,10,71.3,3,1,4.0,25.6,0,0
ORG04431,A,Dell Latitude,35,Male,Sales,Account Manager,3,Full-time,24,93.7,1,2,0,80.7,0.57,68,54,10,73.8,1,4,4.0,17.6,1,0
ORG03854,D,Acer TravelMate,28,Female,Sales,Inside Sales Rep,1,Full-time,120,86.5,3,3,1,75.3,0.715,63,50,11,91.4,0,1,3.0,4.6,2,0
ORG00391,D,Lenovo ThinkPad,38,Female,Operations,Ops Lead,4,Full-time,111,96.1,3,1,0,47.5,0.587,52,43,4,47.2,4,2,2.0,19.9,1,1
ORG04346,C,Dell Latitude,33,Male,IT,System Admin,4,Full-time,109,96.4,3,2,1,79.7,0.918,68,60,9,91.6,0,0,5.0,26.2,1,0
ORG06156,C,Acer TravelMate,21,Female,Engineering,Software Engineer,2,Contract,8,89.4,5,2,2,87.3,0.838,41,33,5,87.1,0,0,4.0,18.3,3,0
ORG03991,A,MacBook Pro,32,Female,IT,IT Support,3,Full-time,91,91.9,2,2,1,,0.755,41,36,3,88.4,0,0,4.0,16.6,3,0
ORG00401,D,Lenovo ThinkPad,26,Male,Sales,Inside Sales Rep,3,Full-time,15,96.6,3,1,0,58.5,0.767,66,55,5,82.0,0,0,3.0,18.7,1,0
ORG04807,A,HP ProBook,29,Male,Customer Support,Support Associate,2,Full-time,34,88.9,0,5,1,77.5,0.826,62,52,12,86.3,1,1,2.0,23.0,3,0
ORG05097,B,MacBook Pro,27,Male,Operations,Ops Lead,2,Full-time,115,86.6,2,1,1,61.5,0.86,62,43,11,74.1,0,0,4.0,27.7,1,0
ORG03360,B,Acer TravelMate,33,Male,Operations,Ops Lead,2,Full-time,106,96.4,4,0,0,44.5,0.663,56,38,6,74.8,2,0,3.0,7.0,0,0
ORG00047,B,Lenovo ThinkPad,32,Female,Sales,Account Manager,3,Full-time,22,89.4,2,0,1,67.9,0.789,57,46,9,71.8,1,2,4.0,7.3,0,0
ORG06054,C,MacBook Pro,33,Female,Sales,Account Manager,4,Full-time,89,89.4,2,1,1,70.7,0.737,50,39,7,81.2,1,1,4.0,16.4,2,0
ORG06221,D,HP ProBook,26,Male,Customer Support,Support Associate,1,Full-time,74,89.5,3,4,1,82.5,0.968,128,94,19,86.0,0,1,4.0,8.5,0,0
ORG03643,D,Dell Latitude,36,Male,HR,HR Executive,3,Full-time,103,96.9,1,2,1,73.0,0.745,40,35,1,83.0,1,0,4.0,8.0,1,0
ORG03727,D,Dell Latitude,23,Male,IT,IT Support,1,Contract,17,91.5,1,3,0,43.1,0.361,53,37,6,52.3,4,1,2.0,24.2,1,1
ORG06128,D,Dell Latitude,28,Male,Engineering,QA Analyst,3,Contract,2,84.6,1,1,0,67.5,0.649,37,26,5,70.7,4,1,3.0,20.3,2,0
ORG02422,B,Dell Latitude,34,Female,Engineering,Software Engineer,3,Full-time,115,100.0,0,0,0,68.6,0.799,21,18,0,74.6,0,0,5.0,19.3,0,0
ORG01751,D,HP ProBook,28,Female,Operations,Ops Lead,2,Full-time,9,94.4,1,2,0,33.6,0.26,60,41,6,51.6,7,1,1.0,11.0,3,1
ORG06102,B,HP ProBook,36,Male,Engineering,QA Analyst,3,Full-time,44,94.4,2,1,1,57.3,0.677,46,37,2,58.3,0,0,3.0,29.0,1,0
ORG05168,C,HP ProBook,31,Male,Finance,Accounts Executive,3,Full-time,95,84.4,8,2,0,65.0,0.904,67,43,14,70.1,3,1,3.0,15.5,2,1
ORG04063,A,Dell Latitude,36,Female,Engineering,Software Engineer,5,Full-time,20,92.5,1,1,0,59.5,0.573,66,59,4,63.9,2,2,4.0,13.4,2,1
ORG00339,D,Acer TravelMate,28,Male,Engineering,Data Analyst,2,Full-time,73,100.0,0,0,0,66.8,0.889,51,43,5,77.7,1,0,5.0,21.4,1,0
ORG00216,C,Dell Latitude,28,Male,Finance,Accounts Executive,2,Full-time,18,96.3,1,1,0,98.0,0.924,53,43,4,78.1,2,0,4.0,4.6,3,0
ORG03664,D,Dell Latitude,32,Female,Operations,Ops Lead,2,Full-time,54,100.0,0,0,0,79.6,1.0,73,67,6,71.6,1,1,4.0,42.3,1,0
ORG01342,D,Lenovo ThinkPad,29,Male,HR,Talent Acquisition,3,Full-time,64,95.2,3,1,0,71.2,0.694,25,22,2,56.0,3,1,3.0,40.4,1,0
ORG05772,B,HP ProBook,26,Male,Marketing,Content Specialist,1,Full-time,47,89.1,2,2,1,78.4,0.9,20,14,2,65.4,0,0,3.0,20.5,2,0
ORG03895,C,HP ProBook,23,Male,Marketing,Content Specialist,2,Contract,4,96.2,2,1,0,57.8,0.543,38,30,2,79.5,0,0,4.0,20.5,3,0
ORG03641,D,MacBook Pro,27,Male,Sales,Sales Executive,1,Full-time,54,92.7,1,3,1,55.6,0.525,35,23,3,59.7,1,3,2.0,12.3,0,0
ORG00330,D,HP ProBook,30,Male,Sales,Sales Executive,1,Full-time,105,97.4,0,1,0,38.7,0.435,55,37,4,53.6,2,3,1.0,12.2,0,0
ORG03005,C,Lenovo ThinkPad,36,Female,Engineering,QA Analyst,4,Full-time,78,95.8,1,1,0,86.6,1.0,47,45,1,87.6,2,0,5.0,34.0,4,0
ORG06030,B,HP ProBook,23,Male,Engineering,DevOps Engineer,3,Full-time,47,98.6,0,0,0,54.4,0.719,30,25,1,58.5,2,4,3.0,17.1,0,0
ORG03116,B,Lenovo ThinkPad,32,Female,Operations,Process Analyst,3,Contract,9,95.7,2,3,0,67.1,1.0,81,65,8,69.1,2,2,5.0,27.9,3,0
ORG06105,B,Acer TravelMate,40,Male,Customer Support,Support Lead,4,Full-time,104,91.7,1,5,0,76.3,0.605,79,56,8,60.7,5,1,3.0,40.5,0,1
ORG02323,D,Dell Latitude,33,Male,Customer Support,Support Associate,3,Contract,8,100.0,0,0,0,72.5,0.708,135,105,9,69.6,3,2,3.0,14.2,0,0
ORG04198,C,Dell Latitude,40,Male,Marketing,Performance Marketer,4,Full-time,79,95.2,1,0,0,62.2,0.604,62,50,5,76.8,2,0,3.0,12.8,1,1
ORG03550,C,Lenovo ThinkPad,27,Female,HR,HR Executive,1,Full-time,28,90.8,3,3,1,70.2,0.933,34,26,4,,1,0,4.0,7.0,1,0
ORG01459,B,Lenovo ThinkPad,29,Male,IT,System Admin,2,Full-time,70,100.0,0,0,0,69.9,0.702,45,44,2,81.0,4,0,4.0,37.6,2,0
ORG00172,B,Lenovo ThinkPad,30,Male,Customer Support,Support Associate,2,Full-time,90,94.1,1,1,0,73.9,0.683,98,80,8,76.9,4,2,3.0,13.2,0,0
ORG04204,B,Lenovo ThinkPad,23,Female,Operations,Ops Lead,2,Full-time,22,96.9,2,2,0,77.1,0.72,68,51,9,84.4,2,0,5.0,13.8,0,0
ORG05284,A,Lenovo ThinkPad,27,Male,Sales,Inside Sales Rep,2,Full-time,66,100.0,2,1,0,57.4,0.656,56,44,4,59.8,2,4,4.0,28.4,3,1
ORG03570,C,HP ProBook,23,Female,Sales,Sales Executive,2,Full-time,6,96.4,1,0,1,74.5,0.902,58,51,5,64.4,4,2,5.0,12.3,0,0
ORG04227,D,Dell Latitude,35,Male,Operations,Process Analyst,3,Contract,7,91.2,0,4,0,35.8,0.555,97,63,11,58.7,2,2,3.0,7.0,2,1
ORG05431,B,Dell Latitude,32,Male,Sales,Inside Sales Rep,3,Contract,12,90.5,2,3,1,66.3,0.861,64,54,7,67.9,1,1,4.0,11.0,0,0
ORG05199,B,Lenovo ThinkPad,27,Male,Finance,Accounts Executive,1,Full-time,52,92.0,1,1,0,39.3,0.352,61,42,7,54.4,1,1,2.0,11.9,1,1
ORG00939,A,Dell Latitude,33,Male,Marketing,Performance Marketer,3,Full-time,47,95.7,2,0,1,40.3,0.494,30,20,2,60.2,1,0,3.0,18.3,2,1
ORG00061,B,HP ProBook,29,Male,Operations,Process Analyst,2,Contract,16,96.4,0,1,0,64.9,0.589,99,89,7,66.2,3,1,4.0,19.0,1,1
ORG01241,D,HP ProBook,26,Female,Marketing,Marketing Executive,2,Full-time,3,91.8,1,4,0,70.3,0.776,66,46,11,73.5,1,1,2.0,18.5,4,0
ORG05273,D,HP ProBook,39,Male,HR,Talent Acquisition,4,Full-time,71,87.0,1,3,1,68.0,1.0,63,51,11,79.8,2,0,5.0,37.8,0,0
ORG02121,C,Dell Latitude,27,Male,Sales,Sales Executive,2,Full-time,75,98.1,0,0,0,55.1,0.607,59,46,7,58.3,2,2,2.0,11.8,0,1
ORG01525,D,Lenovo ThinkPad,35,Female,Finance,Accounts Executive,3,Full-time,70,100.0,0,0,0,42.8,0.56,63,49,0,60.3,3,0,3.0,8.1,1,0
ORG00154,A,Dell Latitude,30,Male,Customer Support,Support Lead,4,Full-time,73,94.9,1,1,0,54.5,0.662,137,108,9,56.0,2,1,2.0,26.6,3,0
ORG00482,C,HP ProBook,29,Male,Engineering,Data Scientist,3,Full-time,66,94.6,2,2,0,74.3,0.801,49,41,3,80.8,0,0,4.0,16.1,0,0
ORG04461,C,HP ProBook,33,Male,Customer Support,Support Associate,3,Full-time,118,87.6,4,5,1,78.2,0.513,105,77,17,75.0,1,0,2.0,12.3,2,1
ORG03921,D,Dell Latitude,34,Female,Engineering,Software Engineer,3,Full-time,118,95.6,1,1,1,90.4,0.762,33,27,3,87.5,1,1,3.0,20.2,1,0
ORG01763,A,Lenovo ThinkPad,30,Male,Engineering,Data Scientist,4,Full-time,76,94.5,0,1,0,57.4,0.783,51,46,4,68.9,0,0,4.0,26.9,2,0
ORG00751,B,Lenovo ThinkPad,25,Male,Sales,Inside Sales Rep,1,Full-time,38,97.3,0,0,0,87.9,0.805,39,35,0,91.9,0,0,5.0,14.4,0,0
ORG01786,C,Dell Latitude,28,Female,HR,HR Executive,2,Full-time,115,97.7,1,0,0,50.5,0.711,62,56,3,71.8,1,1,4.0,24.6,1,0
ORG04502,C,HP ProBook,24,Female,Customer Support,Support Associate,3,Contract,6,100.0,2,0,0,50.5,0.761,131,94,12,44.1,6,1,3.0,9.3,1,0
ORG04854,B,MacBook Pro,28,Female,Engineering,QA Analyst,2,Full-time,77,98.5,0,1,0,73.8,0.988,27,24,0,77.6,0,0,4.0,14.0,1,0
ORG02712,B,Dell Latitude,24,Male,Sales,Inside Sales Rep,1,Full-time,108,100.0,0,0,0,72.2,0.649,41,40,0,77.0,1,0,4.0,4.9,0,0
ORG05140,A,Dell Latitude,28,Female,HR,Talent Acquisition,4,Full-time,16,90.0,2,1,1,35.9,0.397,79,51,10,53.3,2,1,2.0,10.5,3,1
ORG04194,A,Dell Latitude,34,Female,HR,Talent Acquisition,4,Full-time,4,94.7,1,0,0,56.6,0.609,55,48,4,68.0,1,1,3.0,16.5,1,0
ORG01334,C,Lenovo ThinkPad,26,Male,IT,System Admin,2,Full-time,32,97.3,0,3,1,70.6,0.949,30,23,3,69.7,1,0,5.0,22.9,0,0
ORG05614,B,Dell Latitude,27,Male,Operations,Ops Associate,3,Full-time,6,95.5,3,2,0,88.3,0.78,76,62,10,74.6,2,0,4.0,19.4,2,0
ORG02855,A,Lenovo ThinkPad,24,Female,Finance,Finance Analyst,3,Contract,3,93.3,1,2,1,82.5,0.632,60,39,6,63.5,1,2,4.0,15.9,3,0
ORG00187,C,Dell Latitude,27,Male,Sales,Account Manager,3,Contract,15,94.8,0,0,0,52.5,0.629,53,34,7,51.6,3,1,2.0,4.5,2,1
ORG01137,D,HP ProBook,30,Male,Customer Support,Support Lead,2,Full-time,35,99.3,1,1,0,62.9,0.682,77,60,5,62.9,0,1,3.0,15.9,1,0
ORG02059,A,Lenovo ThinkPad,41,Male,Engineering,Data Scientist,5,Full-time,114,88.0,2,2,2,71.0,0.734,48,35,6,80.5,1,0,3.0,18.2,2,0
ORG05286,D,HP ProBook,38,Male,Engineering,Data Scientist,5,Full-time,10,94.4,1,0,0,61.5,0.601,31,22,4,56.3,1,2,2.0,16.7,0,0
ORG00149,A,Dell Latitude,25,Male,Customer Support,Support Associate,2,Full-time,22,91.5,4,1,1,73.1,0.693,93,75,14,86.8,0,2,3.0,16.1,0,0
ORG04125,C,Lenovo ThinkPad,21,Female,IT,System Admin,2,Full-time,54,99.5,0,1,0,65.7,0.568,49,38,2,63.5,2,0,3.0,23.8,2,0
ORG04890,A,HP ProBook,27,Male,IT,IT Support,2,Full-time,55,97.3,0,0,0,52.0,0.357,26,21,1,69.5,0,0,3.0,19.7,1,0
ORG03364,A,Acer TravelMate,30,Female,Operations,Ops Lead,4,Full-time,40,87.6,4,1,0,69.2,0.722,87,63,17,65.1,4,2,3.0,27.6,2,1
ORG04789,B,Dell Latitude,34,Male,Engineering,QA Analyst,3,Full-time,21,97.7,2,3,0,96.0,0.856,50,46,4,81.9,1,1,5.0,19.6,4,0
ORG02867,D,Lenovo ThinkPad,29,Male,Customer Support,Support Lead,2,Full-time,26,94.7,3,0,0,70.2,0.866,107,96,15,73.3,0,0,4.0,13.4,0,0
ORG03777,A,HP ProBook,26,Male,Finance,Finance Analyst,2,Full-time,98,95.7,0,1,0,73.7,1.0,64,54,7,88.9,1,0,4.0,28.2,1,0
ORG01387,D,Lenovo ThinkPad,23,Male,Finance,Finance Analyst,3,Full-time,38,100.0,0,1,0,70.7,0.679,28,24,0,64.2,1,0,4.0,24.9,0,0
ORG05966,B,Dell Latitude,30,Female,Sales,Account Manager,2,Full-time,118,100.0,0,0,0,90.8,0.899,61,59,0,72.4,2,3,5.0,5.3,1,0
ORG05222,B,Lenovo ThinkPad,29,Female,Operations,Ops Lead,2,Full-time,42,94.1,0,1,0,51.8,0.514,62,36,4,41.3,1,0,1.0,15.3,3,1
ORG03630,D,Lenovo ThinkPad,30,Female,Engineering,DevOps Engineer,3,Full-time,14,96.6,2,1,0,39.3,0.482,26,19,2,51.4,1,1,2.0,12.0,0,0
ORG05678,B,Acer TravelMate,29,Female,Operations,Ops Associate,1,Full-time,38,90.9,4,1,0,69.9,0.784,76,60,9,80.8,1,0,4.0,29.3,0,0
ORG04798,D,Lenovo ThinkPad,30,Female,Customer Support,Support Lead,4,Contract,14,93.7,2,2,0,64.0,0.648,136,118,16,80.0,1,2,3.0,12.0,1,1
ORG03029,C,HP ProBook,32,Male,Operations,Process Analyst,4,Full-time,106,91.4,0,3,0,97.8,0.912,76,60,10,75.3,3,1,4.0,22.5,2,0
ORG02970,C,HP ProBook,30,Male,Engineering,DevOps Engineer,4,Full-time,25,90.5,4,2,0,80.9,0.684,53,34,7,69.0,4,2,3.0,13.2,3,1
ORG05481,C,Dell Latitude,32,Female,Engineering,Data Scientist,3,Full-time,64,92.9,3,4,0,64.0,0.536,53,39,7,78.0,2,0,3.0,,2,0
ORG01709,D,Dell Latitude,33,Female,Marketing,Content Specialist,2,Full-time,102,88.5,0,3,0,79.1,1.0,21,15,2,73.1,2,0,4.0,21.8,4,0
ORG02954,B,MacBook Pro,29,Female,Marketing,Performance Marketer,3,Full-time,62,94.8,3,0,0,82.8,0.617,67,54,7,72.9,2,0,3.0,11.8,1,0
ORG00455,D,HP ProBook,33,Male,Engineering,DevOps Engineer,5,Full-time,15,90.6,3,0,2,68.4,0.763,41,33,6,70.3,0,0,4.0,17.1,2,1
ORG00610,A,Dell Latitude,25,Female,Customer Support,Support Associate,2,Full-time,24,96.8,2,1,0,71.4,0.636,63,56,6,70.1,2,0,4.0,18.1,2,0
ORG04264,B,HP ProBook,32,Male,HR,Talent Acquisition,4,Contract,6,99.2,2,2,2,64.3,0.766,51,43,5,75.3,2,2,3.0,31.2,1,0
ORG04827,C,Lenovo ThinkPad,37,Male,Engineering,QA Analyst,2,Full-time,114,89.3,4,3,1,45.9,0.64,50,37,5,54.6,3,1,3.0,19.4,0,1
ORG05347,B,Acer TravelMate,28,Female,Finance,Accounts Executive,1,Full-time,58,92.2,3,2,1,51.7,0.562,20,13,2,59.8,2,0,2.0,23.9,0,1
ORG02075,C,HP ProBook,26,Male,Sales,Account Manager,3,Full-time,91,96.3,2,2,0,74.1,0.729,47,40,4,72.0,1,0,3.0,54.9,1,0
ORG04053,D,Lenovo ThinkPad,36,Female,Customer Support,Support Lead,4,Full-time,44,96.6,1,1,1,64.9,0.678,84,60,8,64.4,5,1,4.0,18.4,3,0
ORG05129,C,Lenovo ThinkPad,21,Male,Marketing,Performance Marketer,2,Contract,16,90.6,2,1,1,77.1,0.753,34,24,3,84.7,1,0,2.0,15.7,0,0
ORG01623,B,HP ProBook,26,Male,HR,HR Executive,1,Full-time,43,94.3,4,1,2,58.5,0.857,40,28,5,72.2,2,0,3.0,14.0,0,0
ORG04684,A,HP ProBook,31,Female,Finance,Finance Analyst,4,Full-time,30,94.6,6,1,1,60.3,0.611,50,36,8,55.2,2,0,2.0,12.8,1,1
ORG05526,A,MacBook Pro,28,Female,Marketing,Performance Marketer,3,Full-time,51,96.2,0,0,1,92.9,0.854,58,56,2,96.1,0,0,4.0,24.5,0,0
ORG00041,B,Dell Latitude,24,Female,Customer Support,Support Associate,2,Full-time,41,94.3,0,2,0,51.7,0.58,85,56,11,59.0,2,1,2.0,11.1,0,0
ORG02090,C,Acer TravelMate,27,Male,Customer Support,Support Lead,3,Full-time,84,93.1,1,2,2,73.4,0.968,81,71,7,78.4,3,0,4.0,17.6,0,0
ORG03925,A,HP ProBook,36,Female,Engineering,DevOps Engineer,5,Full-time,88,95.0,0,1,1,66.0,0.716,27,21,2,57.2,0,0,3.0,33.7,1,1
ORG02176,B,Dell Latitude,32,Other,Operations,Ops Lead,2,Full-time,89,99.3,0,1,0,77.1,0.833,79,77,4,61.5,6,1,5.0,22.3,0,0
ORG00075,B,Lenovo ThinkPad,42,Male,Engineering,Data Scientist,5,Full-time,98,96.7,1,0,1,53.7,0.638,57,42,2,57.3,1,2,3.0,34.9,2,0
ORG05048,B,Dell Latitude,23,Female,HR,Talent Acquisition,3,Full-time,13,94.3,4,1,2,66.6,0.697,34,25,3,73.1,3,0,4.0,18.3,2,0
ORG06228,C,Lenovo ThinkPad,22,Female,Sales,Inside Sales Rep,1,Full-time,26,96.5,1,0,1,56.2,0.882,72,59,3,60.1,1,1,4.0,14.7,1,0
ORG02658,B,Lenovo ThinkPad,36,Male,Operations,Process Analyst,4,Full-time,9,95.1,0,1,0,77.9,0.831,62,56,1,77.9,1,0,4.0,8.3,0,0
ORG03181,A,Dell Latitude,29,Female,Marketing,Marketing Executive,1,Full-time,119,100.0,1,0,1,50.7,0.564,41,32,2,75.1,3,1,5.0,15.3,0,0
ORG02077,D,Acer TravelMate,24,Male,IT,System Admin,2,Full-time,27,95.1,0,0,0,63.1,0.744,55,47,2,63.4,3,2,4.0,23.9,2,0
ORG00442,B,Lenovo ThinkPad,35,Female,Engineering,Software Engineer,4,Full-time,32,93.7,1,3,0,65.1,0.495,54,41,5,70.6,2,1,3.0,24.6,1,0
ORG02052,B,HP ProBook,24,Male,Engineering,Data Analyst,2,Full-time,5,90.8,1,5,0,81.1,0.743,51,41,6,73.8,6,0,3.0,12.2,1,0
ORG02542,A,HP ProBook,33,Male,Customer Support,Support Lead,3,Full-time,99,95.3,2,3,0,63.5,0.73,139,93,19,62.0,7,1,3.0,24.7,3,1
ORG01302,B,Acer TravelMate,29,Female,Operations,Ops Lead,3,Full-time,15,95.9,1,0,0,87.8,0.65,96,80,8,78.5,5,0,4.0,14.3,0,0
ORG03431,B,MacBook Pro,31,Female,Operations,Process Analyst,3,Full-time,62,93.2,3,1,3,75.7,0.776,103,84,13,81.0,0,2,4.0,16.8,1,0
ORG01305,A,Lenovo ThinkPad,28,Female,HR,Talent Acquisition,2,Full-time,33,89.2,3,1,1,82.9,0.784,49,34,7,88.7,0,0,3.0,29.2,0,0
ORG00237,A,Lenovo ThinkPad,23,Female,Customer Support,Support Associate,1,Full-time,57,90.5,3,1,0,75.5,0.717,59,43,7,76.1,1,0,3.0,3.9,0,0
ORG05258,B,Dell Latitude,33,Female,Customer Support,Support Associate,2,Full-time,79,91.4,1,3,0,78.1,0.958,89,72,9,70.1,2,1,4.0,31.7,2,0
ORG02600,B,HP ProBook,25,Male,IT,IT Support,1,Full-time,103,94.0,0,0,0,27.7,0.635,61,37,4,57.8,4,0,2.0,18.9,1,0
ORG04617,D,Acer TravelMate,23,Female,Engineering,DevOps Engineer,3,Contract,12,93.8,1,1,0,52.2,0.51,27,19,1,59.9,2,0,2.0,7.9,1,0
ORG02574,C,HP ProBook,26,Female,HR,Talent Acquisition,3,Contract,11,97.4,2,1,2,69.9,0.649,34,27,4,62.5,2,0,4.0,40.1,0,0
ORG03281,A,Dell Latitude,27,Male,Operations,Ops Associate,2,Full-time,100,95.6,2,0,1,44.2,0.519,54,40,4,53.1,2,1,2.0,14.4,2,1
ORG03187,A,Dell Latitude,33,Female,Finance,Finance Analyst,4,Full-time,81,93.7,3,1,1,81.3,0.64,68,52,7,70.8,3,1,5.0,25.4,4,0
ORG03954,C,Dell Latitude,28,Male,Finance,Accounts Executive,3,Full-time,82,93.3,0,4,1,73.4,0.79,57,44,4,77.5,1,0,3.0,8.3,2,0
ORG02769,D,Dell Latitude,28,Male,HR,Talent Acquisition,2,Full-time,25,97.1,4,1,0,67.2,0.619,43,36,3,75.2,2,2,3.0,6.9,0,0
ORG04832,D,Lenovo ThinkPad,29,Male,Sales,Sales Executive,3,Full-time,90,92.7,1,2,0,84.2,0.93,66,59,8,71.4,3,2,5.0,22.0,1,0
ORG04224,B,HP ProBook,33,Male,Engineering,DevOps Engineer,4,Full-time,99,100.0,0,1,0,63.0,0.769,50,40,2,74.1,0,0,4.0,22.1,2,0
ORG02107,A,Dell Latitude,27,Male,Finance,Accounts Executive,2,Full-time,60,,1,1,0,25.0,0.452,35,24,3,56.5,4,0,1.0,15.7,0,1
ORG02680,C,Dell Latitude,33,Female,Sales,Account Manager,3,Full-time,118,94.8,2,2,0,75.8,0.761,52,41,5,79.5,0,0,4.0,24.1,1,0
ORG02762,D,Acer TravelMate,29,Male,Marketing,Marketing Executive,2,Full-time,88,93.1,1,1,0,40.0,0.273,44,29,5,45.9,1,2,2.0,16.9,2,1
ORG04689,A,Dell Latitude,30,Female,HR,Talent Acquisition,3,Full-time,102,94.5,2,1,2,76.2,0.648,28,23,4,68.5,3,1,3.0,24.7,1,0
ORG01388,D,Dell Latitude,31,Male,Sales,Inside Sales Rep,3,Full-time,47,93.0,2,3,0,95.0,0.758,82,78,6,82.2,1,0,5.0,11.0,3,0
ORG05924,B,Dell Latitude,33,Female,Sales,Inside Sales Rep,3,Contract,14,93.6,1,2,1,36.1,0.569,84,53,8,37.2,3,1,2.0,16.8,1,1
ORG05711,C,Lenovo ThinkPad,22,Male,Finance,Accounts Executive,1,Contract,14,95.3,0,1,0,78.7,0.635,43,34,4,65.6,2,0,4.0,6.3,1,0
ORG05001,C,Dell Latitude,27,Male,Engineering,QA Analyst,2,Full-time,77,,2,0,0,42.2,0.375,47,34,4,68.0,2,0,2.0,10.5,0,0
ORG01280,D,HP ProBook,22,Male,Operations,Ops Associate,1,Full-time,27,96.0,1,1,2,36.8,0.468,43,34,4,47.7,3,1,2.0,40.9,0,1
ORG05629,D,Dell Latitude,31,Male,Engineering,Software Engineer,3,Full-time,80,92.6,3,1,0,68.7,0.841,42,35,3,85.7,0,0,4.0,11.7,0,0
ORG06188,C,Dell Latitude,24,Male,Sales,Account Manager,2,Full-time,6,93.0,1,2,0,50.7,0.605,69,48,11,58.2,0,0,3.0,4.7,0,0
ORG01556,A,HP ProBook,40,Male,Finance,Finance Analyst,4,Full-time,119,100.0,0,0,0,62.0,0.786,40,34,1,65.4,2,1,4.0,27.2,0,0
ORG05706,C,HP ProBook,24,Other,Customer Support,Support Associate,2,Full-time,16,95.2,2,2,1,49.7,0.366,116,79,12,52.3,4,2,1.0,37.9,6,1
ORG03191,B,HP ProBook,36,Female,Engineering,QA Analyst,3,Full-time,92,93.4,4,0,1,59.8,0.716,36,30,3,69.8,3,0,4.0,22.8,1,0
ORG04567,B,HP ProBook,23,Male,Finance,Finance Analyst,2,Full-time,30,97.0,2,0,0,52.9,0.648,54,42,5,68.6,3,0,3.0,13.7,0,0
ORG04803,C,Lenovo ThinkPad,32,Male,Engineering,QA Analyst,4,Full-time,74,91.1,1,0,0,49.9,0.544,39,28,3,59.8,2,0,2.0,27.5,0,0
ORG05919,D,Dell Latitude,34,Female,Marketing,Content Specialist,3,Full-time,52,91.1,3,0,0,53.6,0.514,53,36,6,71.8,1,0,3.0,28.0,1,0
ORG04842,C,Acer TravelMate,30,Male,Customer Support,Support Associate,3,Full-time,16,97.1,2,1,0,77.9,0.571,124,95,14,65.9,1,1,3.0,18.9,1,0
ORG03595,A,Dell Latitude,28,Female,Engineering,Data Analyst,4,Contract,7,99.0,0,0,0,74.4,0.762,55,50,8,92.5,0,0,4.0,12.5,0,0
ORG01921,D,HP ProBook,21,Male,Customer Support,Support Associate,1,Full-time,39,94.2,4,1,0,55.3,0.558,96,75,10,60.6,3,0,2.0,12.9,2,1
ORG00514,B,Lenovo ThinkPad,29,Female,Sales,Account Manager,2,Contract,7,93.6,2,1,0,72.0,0.701,70,63,8,81.5,1,1,4.0,4.6,3,0
ORG04178,B,Dell Latitude,34,Male,IT,System Admin,4,Full-time,74,,0,1,0,54.7,0.736,61,49,6,65.0,0,1,3.0,18.1,4,0
ORG01309,C,HP ProBook,26,Female,Engineering,Software Engineer,2,Full-time,98,100.0,0,0,0,50.7,0.624,37,33,0,74.7,1,0,4.0,8.5,1,0
ORG00915,B,MacBook Pro,27,Male,IT,IT Support,1,Full-time,84,100.0,1,2,0,56.3,0.709,22,15,2,71.2,2,0,3.0,13.2,1,0
ORG03453,C,Lenovo ThinkPad,34,Male,Engineering,Data Scientist,3,Full-time,81,97.8,2,2,1,39.7,0.285,32,22,2,39.1,2,1,2.0,15.8,3,1
ORG03696,D,Lenovo ThinkPad,29,Male,Customer Support,Support Associate,1,Full-time,95,89.6,0,3,2,65.6,0.808,104,75,13,74.8,0,1,3.0,10.4,0,1
ORG04243,D,Lenovo ThinkPad,32,Male,Customer Support,Support Lead,3,Contract,9,94.0,1,3,1,56.6,0.581,119,92,14,57.3,3,2,3.0,15.3,2,1
ORG03157,C,Lenovo ThinkPad,29,Male,Engineering,Software Engineer,3,Full-time,37,92.6,0,6,0,63.1,0.617,28,21,3,65.4,3,0,3.0,18.6,2,1
ORG02199,B,Acer TravelMate,26,Female,Sales,Inside Sales Rep,2,Full-time,5,92.9,2,2,2,62.2,0.606,61,44,6,67.9,3,0,4.0,17.5,3,0
ORG00775,A,HP ProBook,33,Female,Engineering,QA Analyst,3,Full-time,106,99.1,0,1,0,66.8,0.668,33,26,0,71.9,0,0,4.0,18.8,4,0
ORG04426,A,HP ProBook,29,Female,Sales,Sales Executive,2,Full-time,69,94.4,4,1,2,61.1,0.745,47,37,5,68.5,3,0,4.0,14.2,1,0
ORG00944,C,Dell Latitude,26,Male,Customer Support,Support Lead,3,Contract,3,94.7,1,0,0,59.8,0.735,101,79,12,63.9,1,3,4.0,10.5,1,0
ORG00823,C,HP ProBook,27,Female,Sales,Account Manager,2,Full-time,11,93.9,1,6,0,80.1,0.977,43,38,3,80.5,1,1,5.0,8.4,0,0
ORG05006,A,Acer TravelMate,37,Male,Customer Support,Support Associate,3,Full-time,54,91.1,1,2,0,50.3,0.507,93,55,15,61.4,4,3,1.0,14.9,1,1
ORG04278,B,HP ProBook,31,Male,HR,HR Executive,1,Full-time,52,88.3,1,1,0,72.0,0.736,28,20,3,61.0,2,0,4.0,6.7,2,0
ORG00165,B,Dell Latitude,25,Female,Customer Support,Support Lead,2,Full-time,32,88.2,2,0,1,89.6,0.723,134,100,20,84.7,0,0,4.0,16.6,1,0
ORG04548,B,Dell Latitude,29,Female,Sales,Inside Sales Rep,2,Full-time,76,90.6,2,1,1,70.1,0.547,70,51,10,74.7,1,2,2.0,8.5,0,1
ORG03984,B,Lenovo ThinkPad,21,Female,Sales,Sales Executive,1,Full-time,25,97.5,1,1,0,68.7,0.772,57,50,3,60.0,2,1,3.0,18.8,1,0
ORG02539,C,Dell Latitude,22,Male,Engineering,Data Analyst,2,Full-time,88,87.8,0,4,2,49.5,0.495,35,25,3,51.2,4,1,2.0,19.0,1,1
ORG06023,D,Lenovo ThinkPad,32,Female,Engineering,Data Analyst,4,Full-time,12,,1,0,0,76.2,0.766,27,20,3,77.2,1,0,3.0,22.6,2,0
ORG01312,C,Dell Latitude,27,Female,Marketing,Marketing Executive,3,Full-time,19,88.8,1,3,0,65.2,1.0,40,26,8,79.3,2,0,4.0,22.7,2,0
ORG05736,B,Lenovo ThinkPad,24,Female,IT,IT Support,3,Contract,5,95.0,0,2,0,63.1,0.799,53,44,4,74.4,2,0,3.0,18.2,1,0
ORG05260,A,HP ProBook,27,Male,Engineering,Data Scientist,3,Full-time,10,89.1,2,1,0,53.9,0.451,28,18,3,49.5,7,1,2.0,13.8,3,0
ORG05858,B,HP ProBook,29,Male,Customer Support,Support Associate,3,Contract,16,89.4,2,2,1,89.2,0.976,139,128,22,83.2,1,1,5.0,4.5,1,0
ORG03301,D,Lenovo ThinkPad,33,Male,IT,IT Support,3,Full-time,75,93.8,4,2,2,61.7,0.707,39,28,3,72.2,2,0,4.0,15.0,2,1
ORG03311,C,Acer TravelMate,21,Male,Marketing,Content Specialist,1,Full-time,17,95.5,2,0,0,42.1,0.416,61,38,5,48.0,2,2,2.0,12.0,0,0
ORG00328,B,Dell Latitude,32,Female,Customer Support,Support Lead,4,Full-time,82,93.8,0,0,0,93.4,0.874,109,106,6,99.0,1,0,5.0,46.7,2,0
ORG02491,D,Acer TravelMate,24,Male,IT,IT Support,1,Full-time,19,99.7,0,0,0,46.2,0.421,25,21,1,71.2,0,1,2.0,20.9,1,0
ORG05912,C,Dell Latitude,37,Male,Engineering,Data Analyst,4,Full-time,100,91.5,7,5,0,83.1,0.903,51,37,10,72.0,1,1,3.0,13.0,1,0
ORG04409,B,Lenovo ThinkPad,21,Male,Marketing,Content Specialist,1,Full-time,17,92.0,2,3,1,55.4,0.745,29,20,2,62.9,2,0,3.0,27.2,3,0
ORG00833,B,HP ProBook,21,Male,Sales,Sales Executive,1,Full-time,29,99.8,0,3,0,65.5,0.687,62,47,4,56.8,2,3,4.0,6.7,1,0
ORG03080,A,HP ProBook,33,Male,Sales,Inside Sales Rep,2,Full-time,102,89.2,4,3,0,70.8,0.674,72,47,10,74.1,1,0,4.0,8.5,0,0
ORG03463,A,Lenovo ThinkPad,30,Female,Engineering,Software Engineer,2,Full-time,89,96.2,3,1,2,56.7,0.561,23,16,1,63.7,1,0,2.0,9.2,0,1
ORG05527,D,Lenovo ThinkPad,28,Female,Sales,Account Manager,3,Full-time,37,88.3,2,3,0,98.0,0.774,85,66,14,82.9,2,1,5.0,14.1,1,0
ORG00055,B,HP ProBook,30,Female,Finance,Finance Analyst,4,Full-time,60,96.6,1,3,1,80.0,0.765,60,50,5,76.8,1,0,4.0,11.7,3,0
ORG04065,C,HP ProBook,21,Male,Engineering,Software Engineer,3,Full-time,29,91.4,3,4,1,97.5,0.775,24,19,3,90.9,0,0,5.0,27.4,5,0
ORG03452,B,Acer TravelMate,28,Female,Customer Support,Support Lead,3,Full-time,85,94.1,2,1,0,57.9,0.558,140,110,28,77.7,0,1,2.0,7.6,1,0
ORG01902,B,HP ProBook,31,Female,Engineering,QA Analyst,4,Contract,7,87.2,3,3,1,62.2,0.54,53,31,7,50.1,1,2,3.0,7.5,0,0
ORG01482,A,Dell Latitude,30,Male,Engineering,DevOps Engineer,4,Full-time,41,94.5,2,1,0,76.5,0.847,39,35,4,87.4,0,0,4.0,13.1,1,0
ORG04874,D,Dell Latitude,25,Female,Operations,Process Analyst,2,Contract,14,96.1,1,0,0,70.8,0.564,72,58,9,81.7,2,2,3.0,40.2,3,0
ORG04896,C,Lenovo ThinkPad,31,Female,Customer Support,Support Associate,3,Full-time,64,88.4,2,0,0,50.9,0.534,122,92,18,66.8,2,2,2.0,31.8,2,1
ORG04151,B,Lenovo ThinkPad,30,Female,Sales,Account Manager,2,Full-time,44,97.0,0,3,0,66.6,0.847,37,33,3,77.1,2,1,4.0,15.1,2,0
ORG03336,A,HP ProBook,28,Female,Sales,Inside Sales Rep,3,Full-time,6,99.0,1,2,0,94.8,1.0,57,54,4,76.6,3,1,5.0,31.0,1,0
ORG04927,A,Dell Latitude,37,Female,Engineering,Data Scientist,4,Full-time,43,92.7,3,2,1,79.9,0.775,45,39,6,94.7,0,0,4.0,31.2,1,0
ORG00947,A,Dell Latitude,29,Male,Finance,Finance Analyst,3,Full-time,48,91.0,2,3,0,34.8,0.44,70,44,10,41.9,1,1,3.0,21.8,0,1
ORG03294,B,HP ProBook,26,Female,Customer Support,Support Associate,2,Full-time,41,99.1,1,1,1,62.0,0.791,61,52,3,63.2,4,1,4.0,15.5,1,0
ORG02162,A,HP ProBook,27,Male,Sales,Sales Executive,1,Full-time,61,91.5,2,1,1,54.7,0.534,41,29,4,67.0,0,0,2.0,12.3,0,0
ORG05084,B,Dell Latitude,23,Female,Engineering,Data Analyst,2,Full-time,10,93.6,4,1,1,46.5,0.431,49,33,5,39.3,7,0,1.0,20.6,3,1
ORG05342,B,Lenovo ThinkPad,34,Female,Engineering,Software Engineer,4,Full-time,20,92.3,3,5,1,77.0,0.7,61,51,6,61.3,5,0,3.0,21.4,1,0
ORG03058,B,Lenovo ThinkPad,30,Female,Engineering,DevOps Engineer,3,Full-time,46,99.9,0,2,0,61.7,0.699,45,39,4,75.2,1,1,3.0,12.6,1,1
ORG00769,A,Acer TravelMate,24,Male,Engineering,Data Scientist,3,Full-time,33,93.8,3,1,0,58.9,0.72,43,32,6,63.1,1,0,4.0,21.1,1,0
ORG05934,C,HP ProBook,30,Male,Sales,Account Manager,3,Full-time,100,95.9,3,1,0,59.6,0.492,41,35,3,62.7,1,1,3.0,21.9,0,0
ORG03496,D,HP ProBook,30,Female,HR,Talent Acquisition,3,Full-time,91,96.0,0,2,0,75.8,0.681,45,38,2,69.1,0,1,3.0,32.1,2,0
ORG00286,A,Lenovo ThinkPad,28,Male,Customer Support,Support Lead,3,Full-time,43,91.6,0,4,0,63.5,0.703,76,56,10,57.7,1,1,3.0,13.4,1,1
ORG06238,C,HP ProBook,29,Male,Operations,Ops Lead,2,Full-time,52,90.3,3,5,1,43.6,0.393,72,57,10,60.7,2,2,2.0,10.1,1,1
ORG04525,B,MacBook Pro,25,Female,Finance,Accounts Executive,2,Full-time,46,96.1,1,3,0,67.3,0.77,26,24,1,69.8,1,0,3.0,19.6,0,0
ORG05611,C,Lenovo ThinkPad,34,Female,Engineering,Data Analyst,4,Full-time,113,96.8,0,2,0,61.9,0.489,35,28,3,52.6,2,0,3.0,10.4,1,0
ORG02333,C,Acer TravelMate,25,Male,HR,HR Executive,1,Full-time,87,92.8,3,4,1,74.2,0.768,29,22,3,60.4,4,0,3.0,30.6,1,0
ORG02718,A,HP ProBook,32,Male,IT,IT Support,3,Contract,17,98.7,0,0,0,92.2,0.963,53,49,4,90.1,0,0,5.0,6.4,1,0
ORG02080,D,Dell Latitude,33,Male,Engineering,Data Scientist,5,Full-time,7,94.9,2,2,1,70.7,0.501,35,29,2,67.0,3,0,2.0,16.9,1,0
ORG03390,D,Lenovo ThinkPad,27,Male,Sales,Account Manager,2,Full-time,67,94.9,1,0,0,83.5,0.748,62,57,3,79.3,0,0,,5.1,1,0
ORG00723,C,Dell Latitude,25,Male,Engineering,DevOps Engineer,3,Full-time,114,98.8,1,0,1,65.0,0.615,31,25,2,68.0,0,0,3.0,9.0,2,0
ORG00952,B,HP ProBook,32,Female,Sales,Inside Sales Rep,2,Full-time,78,100.0,0,0,0,65.6,0.84,67,61,5,73.1,2,1,5.0,36.9,1,0
ORG05496,C,Lenovo ThinkPad,25,Male,Sales,Inside Sales Rep,2,Full-time,20,92.7,0,1,0,61.3,0.658,63,47,4,67.9,3,1,4.0,11.6,1,0
ORG02263,A,Lenovo ThinkPad,30,Male,Customer Support,Support Associate,2,Full-time,62,100.0,0,0,0,29.4,0.231,65,47,2,33.3,3,2,2.0,18.4,1,1
ORG00990,C,HP ProBook,38,Male,Finance,Finance Analyst,4,Full-time,115,97.7,1,1,0,57.6,0.835,63,56,7,70.6,1,1,5.0,18.3,2,0
ORG03213,D,HP ProBook,25,Male,Finance,Finance Analyst,3,Contract,16,92.0,2,2,0,66.3,0.768,66,55,11,78.5,1,0,3.0,9.1,0,0
ORG01760,A,Dell Latitude,30,Male,Marketing,Performance Marketer,3,Full-time,104,96.5,2,2,2,82.8,0.785,29,24,2,82.5,2,1,4.0,16.3,0,0
ORG05181,D,Dell Latitude,36,Male,Operations,Ops Associate,3,Full-time,14,92.7,1,2,1,62.9,0.713,49,38,5,68.4,1,0,4.0,28.5,1,0
ORG04423,D,Dell Latitude,32,Male,Operations,Ops Lead,3,Full-time,65,96.1,3,2,0,51.6,0.663,61,48,7,59.7,1,0,4.0,35.9,2,1
ORG01725,D,MacBook Pro,31,Female,Customer Support,Support Lead,2,Full-time,82,95.7,0,1,0,77.0,0.784,62,52,5,75.9,1,1,4.0,11.7,1,0
ORG00342,B,Lenovo ThinkPad,24,Male,IT,IT Support,1,Full-time,47,91.9,5,2,2,69.3,0.787,50,39,5,74.1,0,0,3.0,4.7,0,1
ORG03702,B,Lenovo ThinkPad,26,Female,Sales,Account Manager,4,Contract,10,90.5,2,1,1,65.3,0.834,48,35,9,71.2,3,1,3.0,23.1,3,0
ORG04244,A,Dell Latitude,25,Male,Customer Support,Support Lead,2,Full-time,11,95.7,4,3,2,54.2,0.655,113,78,13,67.4,2,4,2.0,22.0,0,1
ORG00689,A,MacBook Pro,33,Male,Finance,Finance Analyst,4,Full-time,32,95.6,1,0,0,71.7,0.861,37,30,5,83.3,1,0,4.0,22.5,1,0
ORG03433,D,Acer TravelMate,30,Female,IT,IT Support,2,Full-time,109,100.0,1,0,0,62.4,0.766,58,47,4,64.9,1,0,4.0,10.1,1,0
ORG04945,B,HP ProBook,30,Male,Customer Support,Support Associate,3,Full-time,100,93.9,3,1,0,86.2,0.785,128,103,21,74.6,0,0,4.0,8.4,0,0
ORG00967,C,MacBook Pro,25,Female,IT,IT Support,1,Full-time,66,94.7,4,0,2,73.4,0.91,18,14,2,75.0,1,1,3.0,16.0,0,0
ORG05961,D,Dell Latitude,28,Male,Engineering,Data Analyst,3,Full-time,6,92.0,2,5,0,89.4,0.845,46,32,5,78.1,1,0,4.0,13.4,0,0
ORG02204,D,HP ProBook,26,Male,Engineering,Software Engineer,2,Full-time,6,94.7,2,1,0,89.4,0.803,37,34,5,86.2,1,0,4.0,24.7,1,0
ORG02714,D,Dell Latitude,27,Male,Engineering,Software Engineer,2,Full-time,47,91.7,3,1,2,79.1,0.72,39,30,4,72.1,2,1,3.0,17.4,0,0
ORG04758,B,HP ProBook,21,Male,IT,IT Support,1,Contract,3,97.3,1,0,0,87.4,0.783,30,26,1,79.8,1,0,3.0,12.5,1,0
ORG05099,A,MacBook Pro,27,Female,HR,Talent Acquisition,3,Contract,7,99.7,1,1,0,53.3,,73,48,5,49.7,3,1,2.0,14.5,2,1
ORG05555,A,Lenovo ThinkPad,21,Male,Operations,Ops Associate,1,Full-time,24,93.7,2,0,1,46.7,0.712,48,37,3,66.7,1,0,2.0,8.3,1,0
ORG05774,B,Lenovo ThinkPad,36,Male,Customer Support,Support Associate,2,Full-time,92,93.6,2,1,0,60.6,0.553,69,60,9,71.4,2,3,3.0,24.9,1,0
ORG03573,C,Dell Latitude,32,Female,Sales,Inside Sales Rep,2,Full-time,66,91.7,2,3,1,60.2,0.635,64,48,10,71.7,3,1,4.0,25.0,0,1
ORG04806,B,Dell Latitude,25,Female,Finance,Finance Analyst,2,Contract,5,87.9,3,3,1,78.5,0.658,44,30,9,87.6,0,0,3.0,6.9,2,0
ORG01991,B,HP ProBook,28,Male,Engineering,QA Analyst,2,Full-time,13,93.5,2,1,0,62.6,0.546,44,29,5,38.3,0,3,2.0,16.2,2,1
ORG04121,B,Dell Latitude,26,Male,IT,System Admin,2,Full-time,60,97.1,0,1,2,65.2,0.571,56,46,4,73.4,3,0,3.0,27.2,1,0
ORG04760,C,Dell Latitude,24,Female,Marketing,Content Specialist,1,Full-time,17,91.7,2,4,1,50.3,0.491,57,40,8,69.8,1,0,2.0,8.9,1,0
ORG05437,A,MacBook Pro,30,Male,HR,Talent Acquisition,3,Full-time,11,95.8,1,0,0,65.6,0.63,46,37,2,75.8,0,0,4.0,15.5,0,0
ORG05511,D,HP ProBook,29,Female,Engineering,DevOps Engineer,4,Full-time,100,99.5,2,0,1,52.5,0.492,29,22,4,61.2,2,0,3.0,33.3,2,1
ORG04972,C,HP ProBook,32,Male,Engineering,DevOps Engineer,4,Full-time,84,93.7,5,0,1,64.3,0.841,46,33,5,52.8,2,1,3.0,,1,1
ORG06007,B,Acer TravelMate,33,Female,Operations,Process Analyst,4,Full-time,108,87.9,5,0,0,88.3,0.966,53,49,9,84.4,0,0,4.0,31.7,2,0
ORG05035,A,Lenovo ThinkPad,26,Male,Operations,Ops Lead,4,Full-time,27,96.4,0,1,0,73.1,0.718,100,86,4,68.8,2,1,4.0,11.7,1,0
ORG03601,A,Lenovo ThinkPad,30,Male,Sales,Account Manager,2,Full-time,114,,1,0,0,66.0,0.775,49,37,4,79.3,1,0,4.0,19.7,1,0
ORG05759,A,HP ProBook,24,Male,Sales,Inside Sales Rep,2,Full-time,40,98.2,2,1,1,61.2,0.604,54,39,4,57.4,2,0,2.0,52.9,1,1
ORG00389,D,HP ProBook,32,Male,Engineering,QA Analyst,4,Full-time,77,97.4,0,0,0,75.0,0.904,31,27,1,62.9,2,0,5.0,17.1,1,0
ORG05201,B,HP ProBook,30,Female,Sales,Sales Executive,2,Full-time,78,94.0,0,2,0,65.2,0.775,41,33,4,78.1,0,0,4.0,21.2,1,0
ORG00386,A,Lenovo ThinkPad,29,Male,IT,IT Support,3,Full-time,61,96.0,0,1,0,54.3,0.664,60,49,8,66.7,1,1,3.0,20.0,1,0
ORG05502,A,Lenovo ThinkPad,26,Female,Customer Support,Support Lead,3,Full-time,8,94.2,3,2,2,77.5,0.812,74,67,9,68.5,1,0,4.0,11.1,2,0
ORG05761,C,Dell Latitude,34,Male,Engineering,Data Scientist,3,Full-time,18,92.9,1,3,0,88.9,0.636,52,41,4,74.8,0,0,3.0,16.6,0,0
ORG00537,B,Lenovo ThinkPad,30,Male,Customer Support,Support Lead,3,Full-time,14,89.3,1,1,0,46.8,0.508,115,89,21,54.7,3,4,1.0,18.3,2,1
ORG05887,C,HP ProBook,29,Female,Sales,Inside Sales Rep,3,Full-time,57,94.0,3,0,1,63.8,0.569,38,30,2,74.1,1,0,4.0,17.0,1,0
ORG05033,B,Dell Latitude,35,Male,Engineering,Software Engineer,3,Full-time,109,92.4,0,3,1,71.2,0.805,26,21,3,72.5,3,2,3.0,14.5,2,0
ORG04213,A,Dell Latitude,29,Female,Customer Support,Support Associate,3,Full-time,10,94.1,1,2,0,60.9,0.649,139,116,15,59.7,1,0,3.0,15.6,4,0
ORG03508,A,HP ProBook,33,Female,HR,Talent Acquisition,3,Full-time,100,97.6,0,3,0,91.1,0.812,64,54,4,75.3,2,2,4.0,19.1,0,0
ORG00202,C,HP ProBook,24,Male,IT,System Admin,2,Full-time,13,98.4,3,1,0,41.4,0.503,30,22,2,65.0,3,1,3.0,11.3,0,0
ORG01333,B,Dell Latitude,30,Female,Customer Support,Support Associate,1,Full-time,90,90.2,1,3,0,70.2,0.698,77,50,14,80.9,0,0,2.0,43.8,3,0
ORG03503,A,Acer TravelMate,40,Male,Engineering,DevOps Engineer,3,Full-time,109,100.0,1,0,0,91.6,1.0,53,51,0,82.0,1,0,5.0,34.8,1,0
ORG02709,A,Dell Latitude,30,Female,Engineering,Software Engineer,2,Full-time,77,93.9,2,4,0,61.0,0.776,40,33,6,53.6,2,1,4.0,8.3,0,0
ORG05032,C,Acer TravelMate,34,Male,HR,HR Executive,2,Full-time,104,99.4,0,0,1,69.1,0.82,27,23,1,79.0,0,0,4.0,12.9,0,0
ORG04663,D,Lenovo ThinkPad,29,Male,Customer Support,Support Lead,3,Full-time,66,100.0,0,0,0,66.1,0.672,80,75,2,67.3,1,2,4.0,36.7,3,0
ORG04022,B,Dell Latitude,26,Female,Engineering,Software Engineer,3,Full-time,8,90.5,4,4,1,77.4,0.574,37,27,2,73.0,1,1,3.0,18.2,1,0
ORG01855,C,Dell Latitude,22,Female,HR,Talent Acquisition,2,Full-time,35,99.1,0,2,0,58.4,0.525,66,52,5,60.1,2,0,2.0,10.6,0,0
ORG05638,A,Lenovo ThinkPad,27,Male,Finance,Finance Analyst,2,Full-time,77,96.6,2,2,0,61.8,,67,49,4,52.3,2,1,2.0,14.4,0,1
ORG02873,A,Lenovo ThinkPad,29,Male,Engineering,Software Engineer,2,Full-time,99,96.7,0,1,0,72.7,0.692,25,24,1,67.2,1,0,5.0,9.3,1,0
ORG03031,D,Dell Latitude,25,Male,Finance,Finance Analyst,2,Full-time,34,92.9,1,1,0,66.8,0.886,22,17,0,69.2,2,1,5.0,39.4,3,0
ORG01206,D,HP ProBook,35,Female,Engineering,Data Scientist,4,Contract,2,95.6,1,3,2,89.8,1.0,57,48,8,96.1,0,0,5.0,9.3,3,0
ORG01646,B,MacBook Pro,23,Male,Customer Support,Support Associate,1,Full-time,114,92.9,0,6,0,45.9,0.729,69,53,9,72.0,3,1,2.0,13.9,2,0
ORG03418,D,Dell Latitude,29,Male,Finance,Finance Analyst,2,Full-time,35,100.0,0,0,0,50.6,0.547,45,41,2,51.6,2,0,4.0,6.3,2,0
ORG03477,B,Lenovo ThinkPad,30,Male,HR,HR Executive,3,Full-time,25,93.2,2,2,0,50.0,0.512,51,38,6,50.8,3,1,2.0,21.0,2,0
ORG02862,A,HP ProBook,36,Male,Customer Support,Support Lead,3,Full-time,97,98.8,1,0,0,61.0,0.613,114,96,11,64.8,3,0,3.0,13.9,1,0
ORG01793,C,Dell Latitude,31,Other,Engineering,QA Analyst,2,Full-time,78,100.0,0,0,0,31.9,0.482,32,27,0,49.1,3,0,2.0,13.7,0,0
ORG03798,D,HP ProBook,30,Male,Finance,Accounts Executive,2,Full-time,86,91.0,3,2,0,72.2,0.777,27,24,2,71.2,2,0,4.0,15.0,0,0
ORG03369,D,MacBook Pro,30,Female,Engineering,Data Analyst,3,Full-time,88,100.0,0,0,0,72.3,0.659,46,41,1,78.5,3,0,4.0,21.9,0,0
ORG03368,B,Acer TravelMate,34,Female,Operations,Ops Lead,3,Full-time,51,89.7,1,4,0,78.5,0.843,99,78,18,81.5,1,1,4.0,13.0,1,0
ORG03534,C,Lenovo ThinkPad,28,Male,Engineering,QA Analyst,2,Full-time,52,92.6,0,1,0,76.1,0.699,36,31,1,70.3,0,0,4.0,17.1,0,0
ORG05533,C,HP ProBook,22,Male,Customer Support,Support Lead,2,Full-time,15,99.9,1,1,0,43.9,0.5,79,61,5,74.5,0,1,2.0,12.3,1,0
ORG05110,C,HP ProBook,40,Male,HR,Talent Acquisition,4,Full-time,93,93.5,3,0,0,67.3,0.745,47,39,5,74.8,1,0,4.0,8.8,0,0
ORG03450,C,Lenovo ThinkPad,27,Female,HR,HR Executive,1,Full-time,110,95.3,1,1,0,38.8,0.703,60,46,3,63.5,2,0,4.0,10.3,0,0
ORG00604,B,Acer TravelMate,36,Female,Finance,Finance Analyst,4,Full-time,101,93.1,1,3,0,77.7,0.876,52,41,5,82.9,0,0,4.0,33.7,2,0
ORG03057,C,Dell Latitude,27,Male,Operations,Ops Associate,3,Full-time,67,97.5,2,1,0,65.9,0.697,65,59,5,76.6,1,0,4.0,6.8,0,0
ORG05486,A,Lenovo ThinkPad,30,Male,Marketing,Performance Marketer,2,Full-time,90,93.4,1,4,0,78.1,0.748,31,25,2,66.4,2,0,4.0,15.1,1,0
ORG00127,C,MacBook Pro,32,Female,Sales,Account Manager,3,Full-time,56,94.3,0,4,0,69.5,0.73,63,55,9,68.9,0,0,4.0,16.9,1,1
ORG03877,B,Dell Latitude,27,Male,Engineering,Data Scientist,3,Full-time,5,92.1,1,3,0,59.6,0.709,45,36,7,61.8,0,0,3.0,16.4,0,0
ORG02936,B,Lenovo ThinkPad,33,Male,Customer Support,Support Associate,3,Full-time,57,94.6,2,2,0,70.6,0.708,82,62,13,71.8,2,1,4.0,34.1,1,0
ORG04452,A,HP ProBook,33,Male,IT,System Admin,3,Full-time,104,98.4,1,0,1,56.8,0.632,28,20,2,66.8,3,1,3.0,11.0,1,1
ORG03532,D,Dell Latitude,34,Male,Engineering,Data Scientist,5,Full-time,12,99.3,0,1,0,69.9,0.977,37,36,2,86.9,0,0,5.0,12.4,2,0
ORG02731,C,Lenovo ThinkPad,34,Female,Engineering,Data Analyst,3,Full-time,38,100.0,0,0,0,70.8,0.649,51,49,0,78.4,1,0,4.0,21.4,0,0
ORG00828,B,Lenovo ThinkPad,26,Female,Sales,Account Manager,2,Full-time,50,96.5,0,0,0,53.9,0.576,56,41,3,51.6,3,1,3.0,20.6,4,1
ORG01640,A,HP ProBook,38,Female,Finance,Finance Analyst,4,Full-time,120,94.5,0,1,2,92.1,0.971,45,40,3,83.1,1,0,5.0,35.1,3,0
ORG00985,B,Acer TravelMate,34,Male,Engineering,Data Scientist,3,Contract,10,89.1,4,1,2,42.8,0.314,59,39,9,50.1,3,4,3.0,8.3,2,1
ORG03282,B,Lenovo ThinkPad,30,Female,Engineering,Software Engineer,3,Full-time,88,95.0,1,2,0,61.9,0.717,27,24,1,64.7,3,1,4.0,10.1,1,0
ORG04636,D,Dell Latitude,27,Male,Engineering,Data Scientist,3,Full-time,70,95.5,1,1,0,68.8,0.566,29,22,1,70.5,1,0,3.0,8.0,2,0
ORG02189,C,HP ProBook,31,Male,Sales,Account Manager,2,Full-time,107,94.7,1,1,0,56.1,0.735,48,35,5,80.2,0,0,4.0,16.3,1,0
ORG05813,B,Lenovo ThinkPad,24,Female,Operations,Ops Lead,2,Full-time,8,96.5,1,1,0,79.2,0.676,60,51,5,79.2,0,0,4.0,7.6,1,0
ORG02444,D,HP ProBook,32,Male,Customer Support,Support Lead,4,Full-time,43,89.3,2,0,0,63.1,0.83,86,67,10,90.9,0,0,4.0,14.3,1,0
ORG00363,D,HP ProBook,40,Male,Engineering,Data Scientist,4,Full-time,105,96.9,1,1,1,65.8,0.609,21,18,1,67.0,6,2,5.0,19.6,1,0
ORG02350,B,MacBook Pro,26,Male,Engineering,Data Scientist,4,Contract,5,95.4,2,2,2,,1.0,34,32,2,87.0,1,0,5.0,13.3,1,0
ORG00346,C,Lenovo ThinkPad,34,Male,Finance,Finance Analyst,2,Full-time,79,91.2,5,2,0,71.3,0.752,44,33,7,80.1,1,1,4.0,8.2,2,1
ORG00815,D,Lenovo ThinkPad,28,Female,Engineering,Software Engineer,2,Full-time,16,97.1,5,1,2,58.1,0.684,31,21,4,64.3,3,1,3.0,20.0,1,0
ORG04808,B,HP ProBook,31,Female,Operations,Ops Associate,3,Full-time,36,100.0,1,1,0,64.5,0.704,107,88,8,72.6,0,0,5.0,10.6,1,0
ORG03206,D,Dell Latitude,24,Female,Customer Support,Support Associate,1,Full-time,43,96.4,4,2,0,61.5,0.668,67,48,8,61.5,3,1,3.0,9.7,0,0
ORG05440,B,HP ProBook,35,Female,Engineering,Data Scientist,4,Full-time,65,97.9,1,4,0,63.7,0.689,49,40,7,65.5,1,1,3.0,36.5,3,0
ORG06049,B,Lenovo ThinkPad,26,Male,Sales,Account Manager,2,Full-time,83,91.8,2,2,1,72.5,0.721,69,57,7,77.3,1,0,4.0,11.7,0,0
ORG03326,B,HP ProBook,29,Male,HR,Talent Acquisition,3,Full-time,82,96.1,0,0,1,70.8,0.805,23,22,1,,1,0,4.0,29.8,0,0
ORG04107,B,Lenovo ThinkPad,21,Male,Finance,Accounts Executive,1,Full-time,28,93.3,2,0,2,55.6,0.603,53,39,5,64.6,4,0,3.0,24.4,2,0
ORG02117,B,Dell Latitude,25,Male,Sales,Account Manager,2,Full-time,62,95.5,0,0,0,61.2,0.578,49,37,4,67.2,1,0,4.0,11.9,0,0
ORG01835,B,Dell Latitude,38,Male,Engineering,DevOps Engineer,4,Full-time,103,88.8,3,3,1,92.9,0.893,47,37,6,86.8,0,0,4.0,28.0,0,0
ORG00794,C,Dell Latitude,27,Male,Engineering,Data Analyst,2,Contract,17,92.2,4,3,1,59.2,0.485,46,33,6,44.8,3,1,2.0,19.1,2,1
ORG03993,D,HP ProBook,29,Male,Engineering,DevOps Engineer,4,Full-time,55,93.2,0,1,0,64.6,0.759,21,15,2,89.5,1,0,3.0,22.6,1,0
ORG02675,B,Dell Latitude,23,Female,Operations,Ops Lead,2,Full-time,56,96.6,0,1,0,84.1,0.857,99,87,7,85.1,0,0,5.0,5.4,2,0
ORG00095,B,Lenovo ThinkPad,29,Male,Sales,Sales Executive,2,Contract,15,88.7,4,3,2,65.4,0.679,76,57,14,71.3,1,1,3.0,2.3,0,1
ORG04226,C,Dell Latitude,31,Male,Marketing,Content Specialist,3,Full-time,100,92.5,3,0,2,66.3,0.666,35,28,3,67.7,3,0,4.0,20.8,5,0
ORG03757,C,Lenovo ThinkPad,27,Female,Sales,Sales Executive,2,Full-time,66,95.6,0,0,0,33.8,0.539,57,42,4,56.5,5,2,3.0,4.6,2,1
ORG02892,D,HP ProBook,34,Female,IT,System Admin,2,Contract,12,94.6,2,0,0,74.1,0.971,54,41,4,73.9,0,0,4.0,9.2,0,0
ORG02372,D,Lenovo ThinkPad,21,Female,Sales,Sales Executive,1,Full-time,34,86.9,2,6,0,43.8,0.552,46,30,12,41.2,6,3,1.0,10.6,1,1
ORG05228,C,MacBook Pro,31,Female,Engineering,QA Analyst,2,Full-time,4,98.4,0,0,0,60.9,0.691,37,32,0,52.7,4,2,5.0,8.8,0,0
ORG05704,B,Acer TravelMate,21,Female,Finance,Accounts Executive,1,Contract,8,97.1,1,0,0,63.1,0.779,55,40,6,64.0,2,0,3.0,17.6,1,0
ORG03229,C,HP ProBook,26,Female,Operations,Ops Associate,2,Full-time,87,100.0,0,3,0,88.8,0.694,88,84,6,99.0,0,0,4.0,21.3,2,0
ORG05622,C,Acer TravelMate,21,Male,Sales,Sales Executive,2,Full-time,16,96.9,0,0,2,58.3,0.697,39,34,1,88.9,1,0,4.0,15.6,1,0
ORG02854,C,MacBook Pro,33,Male,Sales,Inside Sales Rep,3,Full-time,104,99.1,1,0,0,68.4,0.635,60,41,1,63.5,1,2,3.0,6.0,1,0
ORG02913,C,HP ProBook,25,Female,Customer Support,Support Associate,1,Contract,1,86.0,5,1,0,49.4,0.395,88,48,20,40.5,3,1,1.0,14.6,1,1
ORG01866,C,HP ProBook,24,Female,HR,Talent Acquisition,2,Full-time,13,95.6,2,2,0,76.6,0.738,20,15,1,69.9,3,0,3.0,19.7,0,0
ORG04613,D,Dell Latitude,29,Male,Operations,Process Analyst,2,Full-time,31,89.9,4,2,1,56.6,0.725,76,45,13,66.2,0,1,3.0,24.3,0,0
ORG01858,D,Dell Latitude,23,Female,Sales,Account Manager,2,Full-time,63,,2,0,1,74.9,0.695,42,35,3,71.8,3,1,4.0,18.0,0,0
ORG02646,B,HP ProBook,26,Male,Marketing,Marketing Executive,1,Full-time,105,92.1,4,1,1,59.8,0.753,35,23,7,53.6,5,0,2.0,5.5,1,0
ORG02244,B,Acer TravelMate,30,Male,Sales,Inside Sales Rep,3,Full-time,18,93.3,4,2,1,47.3,0.617,64,45,8,56.2,1,0,2.0,17.4,1,1
ORG02337,D,Dell Latitude,33,Male,Marketing,Content Specialist,2,Full-time,60,91.6,2,1,0,77.0,0.86,43,34,5,90.4,0,0,4.0,29.5,1,0
ORG00951,A,Lenovo ThinkPad,26,Male,Customer Support,Support Associate,1,Full-time,86,99.3,2,1,0,60.5,0.568,72,63,5,48.5,2,2,3.0,5.1,0,0
ORG03069,D,Dell Latitude,34,Male,Finance,Finance Analyst,4,Full-time,62,93.1,2,3,0,73.9,0.775,73,58,10,77.4,0,0,5.0,13.2,2,0
ORG01121,A,Lenovo ThinkPad,36,Male,Operations,Ops Lead,4,Full-time,55,98.1,3,0,1,63.8,0.404,111,93,10,52.8,1,1,3.0,12.2,0,0
ORG02598,C,Lenovo ThinkPad,32,Male,Customer Support,Support Associate,1,Full-time,100,98.7,0,2,0,74.6,0.642,122,113,3,63.9,1,2,4.0,29.5,1,0
ORG02205,C,MacBook Pro,32,Female,Sales,Account Manager,2,Full-time,99,100.0,1,1,0,58.0,0.761,76,63,7,68.7,1,0,5.0,28.1,2,0
ORG00420,D,MacBook Pro,31,Male,Marketing,Content Specialist,3,Contract,17,98.1,0,0,0,59.2,0.561,48,41,2,65.4,3,1,3.0,17.3,0,0
ORG00923,A,HP ProBook,22,Female,Operations,Ops Associate,2,Full-time,60,99.2,2,0,0,61.3,0.855,49,42,1,78.5,1,0,4.0,10.8,0,0
ORG01255,D,Dell Latitude,29,Male,Engineering,Data Scientist,4,Full-time,28,97.2,1,1,0,68.3,0.813,31,24,2,67.5,0,1,2.0,18.7,2,0
ORG00478,D,Lenovo ThinkPad,26,Female,Operations,Ops Associate,2,Full-time,91,100.0,0,0,0,74.7,0.746,99,97,2,67.4,1,0,5.0,15.3,2,0
ORG02036,A,Lenovo ThinkPad,28,Female,Finance,Accounts Executive,2,Full-time,61,90.5,2,1,0,60.4,0.732,67,50,9,76.2,2,0,3.0,19.0,2,0
ORG01203,B,Dell Latitude,33,Male,HR,Talent Acquisition,4,Full-time,82,93.6,1,2,1,49.2,0.619,57,41,7,47.1,2,2,3.0,27.9,0,1
ORG02627,A,MacBook Pro,29,Male,Operations,Ops Lead,2,Full-time,38,95.0,2,3,0,42.9,0.58,54,37,2,50.8,3,0,2.0,34.1,1,1
ORG06075,D,Dell Latitude,28,Male,HR,HR Executive,1,Full-time,85,99.5,0,1,0,39.4,0.374,52,36,2,34.0,3,1,1.0,13.5,1,1
ORG01971,A,HP ProBook,30,Male,Sales,Inside Sales Rep,2,Full-time,52,96.3,0,0,0,86.3,0.716,41,40,1,77.6,1,1,5.0,29.9,1,0
ORG03111,D,HP ProBook,21,Male,Sales,Sales Executive,2,Full-time,56,100.0,0,1,0,67.0,0.822,49,40,3,54.9,2,3,4.0,14.4,0,0
ORG04019,A,Dell Latitude,38,Male,Engineering,Data Analyst,4,Full-time,110,100.0,1,0,0,63.7,0.551,46,40,3,56.7,1,1,3.0,11.3,0,0
ORG02152,D,Acer TravelMate,32,Female,Engineering,Data Analyst,4,Full-time,63,99.6,0,0,0,75.3,0.395,33,28,3,83.6,2,0,4.0,23.1,1,0
ORG03688,B,HP ProBook,28,Female,IT,System Admin,3,Full-time,94,97.0,0,0,0,64.6,0.755,64,54,1,69.7,1,0,5.0,17.0,1,0
ORG04917,A,HP ProBook,32,Male,Finance,Accounts Executive,2,Full-time,92,99.6,1,0,0,65.1,0.783,39,36,1,77.2,0,0,5.0,6.3,3,0
ORG01998,D,Lenovo ThinkPad,35,Female,Sales,Account Manager,4,Contract,5,96.2,1,3,0,85.3,0.805,61,54,6,87.1,0,0,4.0,8.3,1,0
ORG04034,C,HP ProBook,25,Female,Customer Support,Support Lead,2,Full-time,30,95.8,1,0,0,48.7,0.772,83,72,7,67.0,1,1,3.0,9.7,0,0
ORG06192,C,Acer TravelMate,29,Male,Engineering,DevOps Engineer,3,Full-time,22,100.0,0,0,0,67.3,0.806,46,38,2,81.2,0,0,5.0,17.0,1,0
ORG03055,D,HP ProBook,25,Male,Operations,Ops Associate,2,Contract,4,91.7,1,2,2,67.0,0.835,78,71,8,81.6,0,0,4.0,12.1,1,0
ORG01249,B,Dell Latitude,34,Female,Marketing,Performance Marketer,4,Full-time,94,98.2,1,1,0,77.6,0.392,50,37,4,50.6,5,1,3.0,17.3,1,0
ORG02193,C,HP ProBook,31,Female,Finance,Finance Analyst,3,Full-time,38,95.0,1,1,0,68.9,0.651,28,23,1,78.3,0,0,4.0,17.2,0,0
ORG02713,C,Lenovo ThinkPad,26,Female,Sales,Account Manager,2,Full-time,7,90.3,7,2,0,68.1,0.652,58,45,9,63.1,1,1,3.0,17.0,1,1
ORG00993,C,Lenovo ThinkPad,27,Male,Finance,Finance Analyst,3,Full-time,65,91.7,3,1,1,76.2,0.904,43,38,5,76.5,2,0,4.0,17.7,0,0
ORG02191,B,HP ProBook,34,Male,Engineering,DevOps Engineer,3,Full-time,113,97.4,1,2,0,80.6,0.778,42,34,2,68.7,0,0,4.0,31.0,1,0
ORG04671,D,HP ProBook,29,Female,Engineering,Software Engineer,3,Full-time,24,90.3,1,1,2,85.4,0.719,23,17,2,98.9,1,0,5.0,18.5,3,0
ORG05143,C,Lenovo ThinkPad,34,Male,Sales,Account Manager,3,Full-time,66,93.2,0,1,0,39.9,0.471,75,59,9,48.2,6,2,2.0,21.3,0,1
ORG03763,A,MacBook Pro,30,Female,Engineering,DevOps Engineer,3,Full-time,19,99.4,0,1,0,56.0,0.733,27,23,1,61.8,0,0,3.0,11.1,2,0
ORG03598,A,Lenovo ThinkPad,24,Male,Marketing,Marketing Executive,2,Full-time,14,85.1,4,1,0,42.5,0.708,63,38,12,65.6,4,1,3.0,8.9,2,1
ORG04712,C,HP ProBook,27,Female,Sales,Inside Sales Rep,2,Full-time,62,96.3,3,1,0,63.5,0.6,42,30,7,70.2,3,2,2.0,15.5,0,0
ORG01319,B,Lenovo ThinkPad,26,Male,Finance,Accounts Executive,1,Full-time,55,92.5,1,2,2,25.0,0.303,37,19,3,38.3,4,2,1.0,18.9,0,1
ORG01864,B,HP ProBook,27,Male,Customer Support,Support Lead,3,Full-time,39,96.8,0,1,1,58.1,0.51,123,79,14,52.6,7,2,2.0,14.6,0,1
ORG02344,D,HP ProBook,21,Female,Sales,Inside Sales Rep,2,Full-time,44,97.6,1,0,0,81.5,0.703,60,53,4,75.7,2,1,4.0,8.2,0,0
ORG02450,D,Dell Latitude,33,Male,Operations,Process Analyst,4,Full-time,4,96.6,1,2,0,96.6,0.922,112,106,9,99.0,0,0,5.0,15.3,1,0
ORG02137,B,HP ProBook,25,Female,Sales,Inside Sales Rep,1,Full-time,36,100.0,0,0,0,69.1,0.615,66,48,1,61.2,2,0,4.0,9.8,1,0
ORG01066,D,Lenovo ThinkPad,26,Male,IT,IT Support,2,Full-time,4,91.2,1,3,0,74.6,0.824,48,37,6,79.5,2,0,2.0,9.6,1,0
ORG05507,D,Dell Latitude,35,Female,Engineering,Data Scientist,4,Contract,11,94.7,1,1,0,81.1,0.702,43,32,3,71.8,1,1,4.0,16.1,1,0
ORG04228,D,Lenovo ThinkPad,31,Female,Engineering,Data Analyst,4,Full-time,41,88.0,5,4,1,89.6,0.801,42,35,9,80.8,2,1,3.0,51.6,2,0
ORG02622,A,HP ProBook,29,Male,IT,System Admin,2,Full-time,96,97.7,2,0,1,66.8,0.625,49,41,3,60.0,3,2,4.0,10.2,1,0
ORG00078,C,Dell Latitude,33,Male,Operations,Process Analyst,4,Full-time,75,100.0,0,0,0,75.8,0.749,116,110,3,86.5,0,0,5.0,26.1,1,0
ORG02899,C,Acer TravelMate,24,Male,Operations,Ops Lead,2,Contract,13,93.5,2,0,0,56.6,0.773,77,56,11,71.5,1,1,3.0,13.2,1,0
ORG04821,D,HP ProBook,38,Male,Finance,Finance Analyst,3,Full-time,98,96.6,2,1,1,90.8,0.796,52,46,4,,0,0,4.0,19.5,2,0
ORG01315,D,Lenovo ThinkPad,34,Female,Engineering,QA Analyst,4,Full-time,8,95.0,2,0,1,67.9,0.855,27,25,2,86.0,0,0,4.0,21.1,2,0
ORG06136,B,HP ProBook,24,Female,Sales,Inside Sales Rep,2,Full-time,82,93.5,1,3,0,94.9,0.823,72,66,5,73.9,2,2,4.0,16.8,1,0
ORG00873,D,Dell Latitude,23,Male,IT,IT Support,1,Full-time,9,91.9,2,1,1,88.6,0.891,16,12,2,99.0,0,0,5.0,16.7,0,0
ORG03851,C,HP ProBook,34,Male,Customer Support,Support Associate,2,Full-time,62,94.5,2,1,0,72.5,0.828,72,65,12,76.6,0,1,5.0,25.4,2,0
ORG06038,C,Lenovo ThinkPad,26,Female,Sales,Account Manager,2,Full-time,111,91.6,3,2,0,36.8,0.512,54,44,6,,5,1,2.0,16.8,2,1
ORG02966,B,Dell Latitude,21,Female,Customer Support,Support Associate,1,Full-time,31,97.9,6,1,0,66.9,0.551,61,49,8,67.4,2,1,2.0,11.6,0,0
ORG03392,B,HP ProBook,24,Male,Operations,Ops Associate,1,Full-time,26,94.0,1,4,0,55.7,0.819,102,88,11,82.9,1,0,3.0,12.9,1,0
ORG02561,A,Acer TravelMate,29,Female,Operations,Process Analyst,4,Full-time,19,95.3,0,3,1,46.2,0.722,72,56,6,67.7,1,2,3.0,11.5,1,0
ORG06184,B,Dell Latitude,24,Male,Operations,Ops Associate,2,Full-time,4,100.0,0,0,0,66.9,,58,49,3,77.4,1,0,3.0,24.6,1,0
ORG02636,A,Lenovo ThinkPad,34,Male,Customer Support,Support Associate,3,Full-time,116,93.4,0,1,0,43.9,0.501,110,75,10,48.4,2,1,2.0,12.7,0,1
ORG05257,D,HP ProBook,29,Female,Operations,Ops Lead,2,Full-time,105,95.1,2,0,0,83.6,0.802,60,55,4,78.0,0,1,4.0,16.3,1,0
ORG03531,C,Dell Latitude,29,Female,Engineering,Data Analyst,3,Full-time,50,94.6,1,5,0,63.0,0.618,41,28,5,67.4,1,2,3.0,21.9,2,0
ORG00376,B,Dell Latitude,30,Female,Engineering,Software Engineer,4,Full-time,90,98.0,0,1,0,62.7,0.659,35,32,0,67.2,3,0,4.0,22.3,0,0
ORG01909,A,Dell Latitude,24,Male,HR,HR Executive,1,Full-time,24,89.8,4,1,1,62.1,0.61,67,41,9,71.3,3,0,2.0,3.3,0,1
ORG04430,A,Lenovo ThinkPad,34,Male,Engineering,Data Analyst,3,Full-time,113,89.5,1,5,2,69.0,0.596,43,34,4,68.0,2,1,4.0,11.2,2,1
ORG05455,D,Dell Latitude,32,Male,Marketing,Performance Marketer,2,Full-time,112,91.3,2,2,0,73.9,0.772,50,39,5,70.8,2,1,4.0,16.0,0,0
ORG05514,B,Dell Latitude,23,Male,Sales,Inside Sales Rep,2,Full-time,48,,3,0,0,82.3,0.836,48,41,4,63.2,0,1,4.0,23.7,0,0
ORG04028,C,HP ProBook,29,Female,Operations,Process Analyst,4,Contract,8,93.5,0,0,1,80.7,0.879,78,68,11,92.4,1,1,4.0,8.5,0,0
ORG01605,C,Dell Latitude,30,Male,Sales,Account Manager,3,Full-time,65,100.0,1,0,0,68.6,0.84,68,66,3,72.0,3,2,5.0,14.7,4,0
ORG01119,C,Lenovo ThinkPad,21,Male,Sales,Inside Sales Rep,1,Full-time,11,97.6,1,0,0,67.6,0.61,47,45,2,65.1,4,1,4.0,14.4,1,1
ORG03678,C,Lenovo ThinkPad,33,Female,Operations,Process Analyst,3,Full-time,43,88.2,1,3,0,94.5,1.0,82,70,15,92.7,2,2,3.0,24.0,0,0
ORG03491,D,MacBook Pro,26,Female,Operations,Process Analyst,3,Full-time,18,91.7,7,3,0,91.9,1.0,100,93,18,99.0,0,1,5.0,20.7,2,0
ORG06140,B,HP ProBook,26,Female,Customer Support,Support Lead,2,Contract,8,95.4,1,3,1,55.6,0.787,70,55,9,75.1,3,0,3.0,23.6,1,0
ORG02959,C,HP ProBook,24,Male,Sales,Account Manager,3,Full-time,78,96.1,0,0,0,65.0,0.931,42,35,1,81.4,3,1,5.0,31.9,1,0
ORG01995,A,Dell Latitude,28,Male,Customer Support,Support Lead,3,Contract,16,88.8,3,5,0,74.3,0.641,65,48,13,62.4,4,0,2.0,28.9,1,0
ORG01765,B,Dell Latitude,38,Female,Engineering,Software Engineer,5,Full-time,99,88.1,3,2,0,68.4,0.856,28,22,3,81.0,1,0,3.0,26.2,0,0
ORG05479,C,Dell Latitude,26,Female,Operations,Ops Associate,2,Full-time,34,90.4,5,4,2,42.0,0.386,52,32,7,48.4,3,0,2.0,29.8,1,1
ORG02377,A,Lenovo ThinkPad,33,Male,Marketing,Marketing Executive,3,Full-time,74,94.9,1,2,0,80.5,0.828,36,31,2,65.4,1,0,4.0,30.1,0,0
ORG01343,C,HP ProBook,35,Male,Customer Support,Support Associate,1,Full-time,93,89.4,5,2,1,53.0,0.577,110,77,21,70.7,3,0,3.0,27.1,0,1
ORG00321,D,HP ProBook,23,Male,Marketing,Content Specialist,2,Full-time,41,98.8,0,0,0,49.5,0.652,50,42,0,63.4,5,1,4.0,26.1,2,1
ORG01620,A,Dell Latitude,33,Female,Engineering,Software Engineer,4,Full-time,97,98.6,3,0,0,63.1,0.77,51,42,4,67.2,1,0,4.0,22.5,0,0
ORG03714,A,Lenovo ThinkPad,27,Male,Finance,Finance Analyst,2,Full-time,113,95.2,2,2,0,68.6,0.737,34,27,3,68.4,0,0,4.0,28.9,1,0
ORG05777,A,Dell Latitude,24,Female,Finance,Finance Analyst,2,Contract,3,88.8,2,3,0,49.0,0.594,60,42,8,60.6,5,0,2.0,2.6,1,0
ORG02061,B,HP ProBook,27,Male,IT,IT Support,2,Full-time,79,100.0,0,0,0,71.2,0.691,47,43,1,66.8,2,0,4.0,13.4,1,0
ORG02220,B,Acer TravelMate,28,Female,Sales,Sales Executive,2,Full-time,90,93.2,1,1,0,62.7,0.725,60,51,5,73.0,0,1,4.0,11.8,0,0
ORG01674,A,Acer TravelMate,26,Male,Engineering,Software Engineer,3,Full-time,59,90.3,2,0,0,59.6,0.781,28,20,3,77.1,3,2,3.0,10.6,0,0
ORG00261,D,Dell Latitude,28,Female,Engineering,QA Analyst,2,Full-time,88,91.8,2,2,0,74.4,0.927,21,16,3,82.5,0,0,4.0,35.0,1,0
ORG05568,B,HP ProBook,31,Male,Engineering,QA Analyst,4,Full-time,103,95.2,2,0,1,98.0,1.0,52,48,3,97.8,0,0,5.0,27.4,2,0
ORG02040,B,Lenovo ThinkPad,31,Other,Finance,Finance Analyst,4,Full-time,26,90.1,3,1,1,56.6,0.589,67,42,12,65.1,1,0,3.0,22.8,1,1
ORG04786,D,Dell Latitude,30,Male,Marketing,Marketing Executive,3,Contract,10,93.0,1,2,1,67.4,0.654,68,51,8,78.6,0,0,3.0,5.5,2,0
ORG00902,D,HP ProBook,28,Male,Sales,Account Manager,4,Full-time,27,94.1,2,0,0,54.1,0.734,48,40,3,58.8,4,2,4.0,15.1,0,0
ORG03745,B,Lenovo ThinkPad,26,Male,Engineering,DevOps Engineer,3,Full-time,30,95.6,3,1,1,62.6,0.534,54,39,6,67.6,3,2,3.0,25.0,0,0
ORG02027,C,MacBook Pro,23,Female,HR,HR Executive,1,Full-time,18,86.5,2,0,1,81.0,0.884,35,26,5,81.0,2,1,3.0,10.7,1,0
ORG04235,C,MacBook Pro,34,Female,Engineering,DevOps Engineer,5,Full-time,52,87.4,4,2,1,78.4,0.946,39,36,4,75.9,0,1,4.0,38.3,2,0
ORG01918,A,Dell Latitude,29,Male,Finance,Accounts Executive,1,Full-time,117,94.0,1,1,1,64.0,0.649,27,21,2,62.6,2,0,3.0,7.8,0,1
ORG01829,A,Dell Latitude,24,Female,Marketing,Content Specialist,1,Full-time,71,94.4,2,2,0,44.7,0.738,15,10,1,55.6,5,1,2.0,24.0,0,1
ORG01574,A,Lenovo ThinkPad,29,Male,HR,Talent Acquisition,3,Full-time,17,98.1,1,2,1,73.9,0.851,50,39,5,66.3,2,2,3.0,11.4,0,0
ORG04416,D,Lenovo ThinkPad,26,Male,Finance,Accounts Executive,1,Full-time,8,100.0,0,0,0,72.1,0.624,47,37,4,69.6,2,2,5.0,3.9,1,0
ORG04750,B,Dell Latitude,29,Female,Engineering,Data Analyst,3,Full-time,62,96.4,1,0,1,58.1,0.562,34,22,4,61.9,1,1,2.0,7.9,0,0
ORG05534,C,Dell Latitude,25,Female,Sales,Sales Executive,3,Full-time,7,93.2,2,0,2,59.9,0.716,55,43,6,69.5,1,0,3.0,18.5,0,0
ORG04655,B,HP ProBook,33,Female,Customer Support,Support Lead,4,Full-time,120,100.0,1,0,0,82.5,0.815,104,101,1,85.9,0,0,5.0,23.0,2,0
ORG04209,A,Lenovo ThinkPad,25,Female,Customer Support,Support Lead,2,Full-time,58,100.0,0,0,0,65.5,0.735,112,96,9,68.1,0,1,4.0,15.1,1,0
ORG04628,D,Dell Latitude,34,Male,Sales,Inside Sales Rep,3,Full-time,34,90.3,0,2,0,77.8,0.673,41,32,5,86.4,1,0,3.0,9.8,1,0
ORG00225,C,Acer TravelMate,26,Female,Sales,Sales Executive,3,Full-time,87,96.1,1,0,1,72.7,0.821,42,35,4,85.7,1,0,4.0,47.4,1,0
ORG00724,C,Dell Latitude,35,Male,IT,IT Support,3,Full-time,100,97.4,1,0,0,87.1,1.0,71,69,6,94.0,0,0,5.0,13.1,2,0
ORG05658,C,Lenovo ThinkPad,30,Female,Finance,Accounts Executive,3,Contract,8,90.4,4,4,1,32.4,0.479,43,29,9,54.1,2,0,1.0,6.9,1,1
ORG01142,C,Lenovo ThinkPad,26,Female,Finance,Finance Analyst,2,Full-time,9,89.7,1,2,0,65.6,0.575,40,32,4,69.9,0,0,3.0,15.6,2,0
ORG02763,B,Acer TravelMate,28,Male,Engineering,Software Engineer,2,Full-time,100,91.3,3,0,3,92.4,0.836,48,38,7,91.7,1,0,4.0,9.2,0,0
ORG00847,B,Lenovo ThinkPad,30,Male,Sales,Inside Sales Rep,2,Full-time,16,97.1,0,2,0,82.3,0.763,40,30,6,90.2,0,0,4.0,4.8,0,0
ORG04290,C,MacBook Pro,28,Male,Operations,Ops Associate,2,Full-time,95,95.1,1,1,0,65.1,0.614,104,75,16,56.4,0,3,2.0,9.6,1,0
ORG05043,C,Lenovo ThinkPad,29,Female,Sales,Sales Executive,3,Full-time,28,93.1,1,0,0,68.4,0.614,70,54,5,52.4,2,0,3.0,13.6,2,1
ORG02552,C,MacBook Pro,32,Male,Customer Support,Support Lead,4,Full-time,101,98.7,1,0,0,75.7,0.838,88,78,4,80.5,0,0,4.0,19.6,1,0
ORG02929,C,Lenovo ThinkPad,26,Male,Sales,Sales Executive,3,Full-time,70,94.6,2,1,1,75.9,0.755,61,59,7,91.9,0,1,3.0,27.1,4,0
ORG00118,B,Lenovo ThinkPad,31,Female,Finance,Finance Analyst,4,Full-time,46,89.0,1,1,0,77.4,0.565,71,50,9,81.2,3,0,2.0,11.7,0,0
ORG00646,B,HP ProBook,23,Male,HR,HR Executive,1,Full-time,109,96.3,0,1,0,86.2,0.942,65,63,4,98.6,1,0,5.0,5.7,0,0
ORG00004,C,HP ProBook,26,Female,Operations,Ops Associate,2,Full-time,17,97.0,1,1,3,52.0,0.55,80,56,9,63.5,1,0,3.0,12.6,0,1
ORG04171,C,Lenovo ThinkPad,35,Female,IT,System Admin,4,Full-time,78,95.7,1,1,0,56.2,0.669,66,56,2,66.6,0,0,2.0,19.5,1,1
ORG00468,D,Acer TravelMate,26,Female,IT,System Admin,3,Full-time,7,93.8,1,2,0,88.8,0.911,38,34,3,77.3,2,0,4.0,19.6,1,0
ORG00006,B,Dell Latitude,34,Female,IT,IT Support,1,Full-time,110,94.0,0,1,0,64.5,0.89,35,30,1,78.8,3,0,4.0,24.1,1,0
ORG05343,C,MacBook Pro,26,Female,Marketing,Marketing Executive,2,Contract,7,90.2,1,1,0,72.9,0.674,41,31,5,75.3,2,0,4.0,19.6,2,1
ORG00920,A,HP ProBook,33,Male,Customer Support,Support Lead,4,Full-time,13,89.2,2,0,2,56.9,0.661,128,103,18,61.2,0,4,2.0,20.1,1,1
ORG02596,C,HP ProBook,29,Female,Marketing,Content Specialist,2,Full-time,16,94.4,2,0,0,75.2,0.755,24,18,2,79.3,0,0,4.0,6.3,0,0
ORG04325,C,HP ProBook,31,Female,Engineering,Data Scientist,3,Full-time,15,91.7,3,1,1,45.6,0.29,40,28,6,69.3,2,0,2.0,20.5,1,1
ORG01064,A,Lenovo ThinkPad,28,Female,Operations,Ops Lead,2,Full-time,111,100.0,0,0,0,80.8,0.752,99,94,4,86.3,0,0,4.0,12.6,3,0
ORG02591,A,Lenovo ThinkPad,26,Male,Finance,Accounts Executive,3,Contract,13,86.8,9,4,0,57.7,0.762,28,20,5,77.6,1,0,3.0,16.1,0,0
ORG00243,B,HP ProBook,28,Female,Sales,Sales Executive,2,Full-time,29,97.8,1,0,2,38.4,0.508,72,53,5,67.9,1,2,3.0,19.9,1,1
ORG05710,A,HP ProBook,23,Female,Operations,Ops Associate,2,Full-time,10,98.1,0,1,0,80.4,0.686,76,69,4,68.1,1,1,3.0,14.4,2,0
ORG01161,C,Lenovo ThinkPad,34,Female,Engineering,Software Engineer,5,Contract,9,92.0,4,1,0,76.6,0.709,64,53,9,80.4,2,1,3.0,26.6,1,0
ORG02871,C,HP ProBook,31,Female,Operations,Ops Associate,2,Full-time,61,98.2,2,1,0,52.9,0.505,107,80,10,55.1,1,0,3.0,12.2,2,0
ORG03736,C,Dell Latitude,33,Male,IT,System Admin,3,Full-time,20,92.2,0,1,1,57.9,0.563,69,47,9,66.8,2,0,2.0,25.1,1,1
ORG02398,A,Lenovo ThinkPad,27,Female,Engineering,Software Engineer,3,Full-time,108,99.2,0,2,1,85.0,0.839,21,19,0,71.6,4,0,5.0,23.2,1,0
ORG03518,C,HP ProBook,25,Male,Engineering,Software Engineer,2,Full-time,50,93.2,2,1,1,61.7,0.589,30,21,3,57.8,3,0,3.0,12.3,1,1
ORG03422,D,HP ProBook,35,Male,Sales,Account Manager,4,Full-time,72,97.6,2,0,1,78.5,0.633,89,79,7,78.4,1,0,4.0,23.3,3,0
ORG02564,D,Acer TravelMate,28,Female,Customer Support,Support Associate,3,Full-time,91,92.3,1,1,2,65.2,0.768,108,84,18,72.0,0,2,2.0,24.6,0,0
ORG01606,C,Lenovo ThinkPad,25,Male,Sales,Sales Executive,1,Full-time,40,96.6,2,0,1,58.5,0.771,54,41,5,68.2,1,0,3.0,17.1,2,0
ORG06087,C,Acer TravelMate,28,Male,Customer Support,Support Associate,2,Full-time,25,87.5,3,2,2,44.7,0.477,106,68,18,42.3,2,1,1.0,12.8,2,1
ORG02325,A,Dell Latitude,29,Female,Sales,Sales Executive,3,Contract,4,94.8,0,1,1,,0.758,50,43,5,75.2,3,3,3.0,6.0,1,0
ORG02710,C,Dell Latitude,28,Female,Operations,Ops Lead,3,Full-time,34,90.8,5,5,1,63.3,0.851,61,44,9,67.9,3,2,2.0,24.2,1,1
ORG06017,B,Lenovo ThinkPad,40,Male,Engineering,Software Engineer,5,Full-time,86,95.2,3,2,2,69.8,0.639,49,39,5,70.5,0,0,4.0,13.0,2,0
ORG01313,D,Lenovo ThinkPad,27,Male,Operations,Process Analyst,2,Full-time,3,94.0,1,1,0,90.9,0.958,62,49,6,80.4,1,0,4.0,7.8,2,0
ORG03449,A,HP ProBook,29,Male,Sales,Account Manager,4,Full-time,19,95.5,0,3,0,56.0,0.798,57,51,4,68.8,0,0,4.0,32.5,0,0
ORG03813,C,Dell Latitude,37,Male,Operations,Process Analyst,4,Full-time,108,100.0,0,1,0,82.4,0.655,69,67,4,92.5,2,0,5.0,16.6,0,0
ORG05870,B,Lenovo ThinkPad,37,Female,Engineering,DevOps Engineer,5,Full-time,64,90.8,2,2,2,61.3,0.751,53,37,6,65.6,4,1,3.0,13.5,1,1
ORG02363,A,Dell Latitude,36,Male,Customer Support,Support Lead,3,Full-time,81,100.0,0,2,1,75.7,0.695,99,77,15,67.4,2,0,3.0,5.5,1,0
ORG01976,A,Dell Latitude,32,Male,Engineering,Software Engineer,2,Full-time,81,95.7,1,0,0,65.8,0.512,23,17,1,59.3,4,1,3.0,15.9,1,0
ORG03515,D,Dell Latitude,26,Male,Marketing,Performance Marketer,2,Full-time,111,95.8,0,0,0,86.8,1.0,30,26,2,89.0,0,0,5.0,11.9,0,0
ORG01762,D,HP ProBook,34,Female,Engineering,Software Engineer,3,Full-time,48,98.6,1,1,0,75.4,0.854,50,47,3,79.1,1,0,4.0,31.7,0,0
ORG02740,C,Lenovo ThinkPad,29,Female,Operations,Process Analyst,3,Full-time,81,95.9,0,2,0,66.3,0.69,112,94,11,64.5,2,0,3.0,18.5,3,0
ORG05878,A,MacBook Pro,30,Female,Engineering,Data Scientist,4,Full-time,60,100.0,1,0,0,57.6,0.676,54,46,2,68.5,2,0,5.0,32.7,2,0
ORG02473,C,Lenovo ThinkPad,31,Male,Finance,Finance Analyst,3,Full-time,45,89.5,6,2,2,65.6,0.762,42,31,6,75.7,1,0,4.0,22.4,1,0
ORG04008,B,Lenovo ThinkPad,29,Female,Engineering,Software Engineer,3,Contract,13,100.0,0,1,0,58.3,0.554,52,41,4,65.0,1,0,4.0,9.1,1,0
ORG04719,A,Lenovo ThinkPad,33,Female,Customer Support,Support Associate,2,Full-time,117,94.9,3,1,0,58.6,0.439,133,107,13,75.9,2,0,4.0,9.6,0,0
ORG01494,B,Lenovo ThinkPad,21,Male,Finance,Accounts Executive,2,Full-time,62,92.4,2,1,1,63.8,0.692,33,23,4,60.6,2,0,4.0,12.7,2,0
ORG04207,A,Lenovo ThinkPad,34,Male,Engineering,DevOps Engineer,4,Full-time,38,95.6,0,1,0,56.6,0.724,62,52,4,59.5,2,0,2.0,22.1,0,0
ORG02159,A,MacBook Pro,29,Male,Customer Support,Support Lead,2,Full-time,57,86.4,2,2,2,85.9,0.721,67,52,9,62.8,2,0,4.0,25.6,2,0
ORG01170,D,Acer TravelMate,33,Female,Engineering,QA Analyst,3,Full-time,104,99.2,1,0,0,87.1,0.735,37,32,0,78.8,0,0,4.0,18.5,1,0
ORG05698,C,Lenovo ThinkPad,34,Female,Marketing,Performance Marketer,4,Full-time,21,98.5,1,2,0,55.3,0.814,43,36,5,42.9,3,1,4.0,18.2,2,0
ORG00233,B,HP ProBook,33,Female,IT,IT Support,3,Contract,6,99.0,1,1,2,63.5,0.595,32,24,1,59.4,4,1,4.0,10.8,0,0
ORG00067,D,Dell Latitude,25,Male,Customer Support,Support Lead,2,Full-time,51,91.4,2,2,1,47.9,0.706,91,71,9,62.5,1,2,4.0,28.3,2,0
ORG01604,C,HP ProBook,30,Male,HR,HR Executive,2,Full-time,58,100.0,0,1,0,60.7,0.71,22,18,1,46.4,3,2,3.0,12.8,1,0
ORG03284,A,HP ProBook,25,Female,Engineering,Data Analyst,2,Full-time,90,85.2,2,2,2,89.7,0.872,18,12,4,82.5,0,0,2.0,13.0,2,0
ORG03597,B,HP ProBook,31,Male,Marketing,Content Specialist,1,Full-time,89,99.4,0,0,0,82.8,0.979,32,29,1,76.6,0,0,5.0,24.2,1,0
ORG04633,A,MacBook Pro,31,Male,Sales,Account Manager,3,Full-time,23,92.8,3,1,1,68.0,0.768,44,32,5,76.3,0,0,3.0,15.4,1,0
ORG00126,B,Lenovo ThinkPad,26,Male,Customer Support,Support Lead,2,Full-time,55,97.9,2,2,0,64.1,0.798,102,88,11,84.2,2,0,4.0,24.4,0,0
ORG05351,D,Lenovo ThinkPad,21,Male,Marketing,Content Specialist,1,Contract,17,92.4,2,2,1,75.6,0.735,54,35,4,62.1,0,2,2.0,16.9,0,0
ORG01297,B,Lenovo ThinkPad,31,Female,Engineering,Data Scientist,4,Full-time,113,99.6,0,1,0,78.1,0.769,47,42,3,83.4,0,0,4.0,18.8,0,0
ORG01977,C,Dell Latitude,21,Female,Customer Support,Support Lead,2,Full-time,8,91.4,0,1,0,55.1,0.63,114,77,17,45.7,1,1,3.0,22.5,1,0
ORG05699,C,HP ProBook,33,Male,HR,Talent Acquisition,4,Full-time,37,97.5,0,0,0,75.4,0.884,45,44,2,90.3,2,0,5.0,14.9,4,0
ORG05653,B,Lenovo ThinkPad,25,Male,Operations,Ops Associate,3,Full-time,41,93.7,1,2,1,85.0,0.799,58,51,6,64.9,1,0,3.0,22.4,2,0
ORG02076,D,HP ProBook,33,Other,Customer Support,Support Lead,3,Full-time,114,100.0,0,0,0,80.6,0.806,103,95,3,72.1,5,0,5.0,10.2,0,0
ORG04581,A,HP ProBook,35,Male,Operations,Ops Lead,4,Full-time,54,94.9,0,0,0,92.3,1.0,94,87,6,78.4,2,0,5.0,22.7,0,0
ORG05962,B,Lenovo ThinkPad,31,Female,Engineering,DevOps Engineer,4,Full-time,63,94.7,0,1,0,60.8,0.943,52,40,5,75.2,2,1,3.0,47.3,6,0
ORG03087,A,Lenovo ThinkPad,35,Male,Engineering,DevOps Engineer,4,Full-time,20,97.3,5,1,0,66.3,0.714,45,33,4,70.4,0,0,3.0,13.5,0,0
ORG05469,A,Dell Latitude,24,Male,Customer Support,Support Associate,2,Full-time,11,98.2,2,0,0,41.9,0.637,115,93,6,59.9,1,2,3.0,9.6,1,0
ORG03346,C,Lenovo ThinkPad,31,Female,Operations,Ops Lead,4,Full-time,119,90.3,1,2,1,53.4,0.565,58,33,9,60.6,2,1,2.0,18.9,4,0
ORG05633,C,Acer TravelMate,28,Female,Customer Support,Support Lead,2,Full-time,36,98.6,0,2,0,25.7,0.294,134,70,17,32.3,5,1,1.0,14.1,1,1
ORG02798,B,Lenovo ThinkPad,31,Male,Sales,Account Manager,3,Full-time,28,94.3,3,1,1,73.0,0.987,71,65,8,78.3,1,1,4.0,20.1,2,0
ORG00919,B,Lenovo ThinkPad,28,Male,Sales,Account Manager,2,Full-time,108,98.8,1,0,0,73.6,0.806,40,39,1,85.6,1,0,4.0,14.4,2,0
ORG01647,D,Acer TravelMate,29,Male,Sales,Sales Executive,3,Full-time,113,90.9,1,3,0,88.1,0.885,78,71,6,83.9,1,0,5.0,10.0,1,0
ORG05123,D,Dell Latitude,36,Male,Customer Support,Support Lead,4,Full-time,106,98.6,0,0,0,70.2,0.842,136,129,10,71.1,3,2,4.0,16.2,2,0
ORG05127,B,HP ProBook,25,Male,Customer Support,Support Lead,2,Full-time,16,93.5,1,1,0,71.9,0.557,75,68,7,63.9,2,0,3.0,7.1,0,0
ORG04979,B,HP ProBook,27,Male,HR,Talent Acquisition,2,Full-time,89,93.2,0,1,0,88.3,0.799,37,27,3,87.9,0,0,5.0,14.2,1,0
ORG04622,B,Dell Latitude,32,Male,Marketing,Performance Marketer,2,Full-time,91,97.1,0,0,0,78.4,0.818,63,54,5,92.3,0,0,5.0,27.1,1,0
ORG00365,A,HP ProBook,29,Male,Operations,Process Analyst,3,Full-time,23,96.0,0,3,0,39.2,0.443,77,54,8,56.4,4,0,3.0,40.8,3,0
ORG03288,A,Dell Latitude,26,Male,Customer Support,Support Lead,2,Full-time,58,100.0,0,2,0,70.2,0.799,109,96,9,74.7,2,1,5.0,27.7,2,0
ORG02126,C,Lenovo ThinkPad,25,Female,Sales,Inside Sales Rep,2,Full-time,89,93.6,0,3,0,57.3,0.694,66,50,7,64.3,0,0,3.0,6.9,0,0
ORG04124,B,Lenovo ThinkPad,25,Male,Sales,Account Manager,2,Full-time,94,99.3,0,1,0,85.1,0.601,66,54,2,80.4,0,1,3.0,20.0,0,0
ORG04570,B,HP ProBook,23,Female,Operations,Ops Associate,2,Full-time,25,94.9,1,0,1,88.7,0.978,95,81,13,81.8,1,1,5.0,13.3,1,0
ORG00526,C,Dell Latitude,34,Male,Sales,Account Manager,4,Full-time,69,96.6,1,1,0,77.8,0.804,72,63,4,88.6,0,1,4.0,8.2,0,0
ORG04822,A,Lenovo ThinkPad,24,Male,Sales,Sales Executive,3,Full-time,90,97.0,1,0,0,80.8,0.689,79,62,0,88.7,0,0,4.0,21.4,0,0
ORG00056,C,Acer TravelMate,25,Female,Finance,Accounts Executive,2,Full-time,6,95.7,1,2,0,58.0,0.417,49,38,5,63.2,1,0,1.0,23.6,1,0
ORG00639,D,HP ProBook,28,Male,Finance,Accounts Executive,1,Full-time,87,100.0,0,0,0,81.1,0.719,57,51,2,69.3,1,0,4.0,27.0,1,0
ORG00303,C,HP ProBook,27,Female,Customer Support,Support Lead,2,Full-time,31,93.5,1,2,1,84.2,0.818,119,106,14,87.0,1,2,5.0,18.6,2,0
ORG02767,B,Dell Latitude,27,Female,Customer Support,Support Lead,2,Contract,6,93.7,2,1,0,75.7,0.76,94,79,12,64.0,3,0,5.0,45.0,3,0
ORG01277,A,Dell Latitude,36,Female,Engineering,Data Scientist,5,Full-time,50,87.2,0,2,1,79.4,0.965,59,46,13,77.7,1,1,4.0,38.4,4,0
ORG04721,D,Dell Latitude,30,Female,Customer Support,Support Lead,3,Full-time,79,88.6,2,1,0,73.2,0.665,73,67,8,66.5,2,1,4.0,27.2,2,0
ORG02056,C,Dell Latitude,34,Male,Customer Support,Support Lead,4,Full-time,73,94.5,3,3,1,63.1,0.786,124,79,25,67.4,2,0,3.0,10.2,1,0
ORG05377,A,Dell Latitude,37,Female,Sales,Inside Sales Rep,3,Full-time,116,97.6,0,1,0,57.3,0.632,57,49,3,73.7,0,0,3.0,10.1,0,0
ORG05146,C,Acer TravelMate,24,Male,HR,Talent Acquisition,3,Contract,10,97.6,2,0,0,90.7,0.647,34,31,3,69.9,0,0,3.0,5.2,1,0
ORG04433,D,Dell Latitude,25,Male,HR,HR Executive,1,Full-time,96,93.1,0,1,0,69.7,0.487,26,16,2,56.5,0,1,3.0,16.6,2,1
ORG03645,D,HP ProBook,30,Male,Engineering,Data Analyst,3,Full-time,55,98.7,2,1,0,94.2,0.868,52,50,5,90.5,0,0,5.0,16.9,0,0
ORG04144,A,Lenovo ThinkPad,30,Male,Sales,Sales Executive,1,Full-time,92,98.2,0,1,0,45.8,0.468,57,43,8,56.8,2,4,3.0,17.8,0,0
ORG02879,D,Dell Latitude,33,Male,Customer Support,Support Lead,4,Full-time,113,98.7,2,2,0,85.9,0.744,111,104,15,87.5,0,0,5.0,20.3,1,0
ORG04203,A,HP ProBook,43,Female,Engineering,Software Engineer,4,Full-time,120,91.4,0,0,0,91.5,0.913,28,27,3,99.0,0,0,5.0,12.5,2,0
ORG05176,B,Lenovo ThinkPad,31,Male,Engineering,DevOps Engineer,4,Contract,2,100.0,2,0,1,67.3,0.773,52,45,5,63.8,0,1,3.0,28.1,0,0
ORG02287,A,Acer TravelMate,30,Male,Marketing,Marketing Executive,2,Full-time,34,99.9,1,1,0,68.6,0.839,29,25,1,70.3,2,1,4.0,9.7,2,0
ORG02262,A,HP ProBook,25,Male,IT,IT Support,1,Full-time,24,92.1,4,0,1,77.3,0.845,21,16,1,72.5,1,0,5.0,6.7,1,0
ORG05241,C,Lenovo ThinkPad,32,Male,Engineering,QA Analyst,3,Full-time,87,93.2,3,0,1,61.7,0.901,33,25,4,68.6,1,0,4.0,20.1,1,0
ORG02297,C,Dell Latitude,28,Male,Finance,Finance Analyst,2,Contract,11,98.1,1,0,0,65.6,0.569,64,47,4,64.8,2,2,3.0,9.5,1,0
ORG01754,B,Dell Latitude,28,Male,HR,HR Executive,2,Full-time,91,86.3,2,5,0,71.4,0.664,27,17,4,65.2,1,0,3.0,5.3,1,1
ORG05198,C,Lenovo ThinkPad,26,Male,Sales,Sales Executive,3,Full-time,7,91.6,3,2,2,85.2,0.834,60,51,8,78.6,0,1,5.0,16.9,1,1
ORG01969,C,HP ProBook,37,Male,Customer Support,Support Lead,4,Full-time,113,92.6,2,1,0,53.7,0.643,131,110,14,56.1,1,3,3.0,23.4,0,0
ORG05475,C,Dell Latitude,34,Female,Operations,Ops Associate,3,Full-time,116,96.1,3,1,0,70.1,1.0,95,80,11,77.3,2,2,4.0,26.6,6,0
ORG03118,A,Dell Latitude,32,Male,Operations,Ops Lead,3,Full-time,81,91.0,1,2,0,76.2,0.866,88,72,13,77.1,0,0,4.0,13.6,1,0
ORG02394,A,HP ProBook,29,Female,Engineering,Data Analyst,3,Full-time,87,94.7,1,1,2,78.1,0.761,41,29,5,76.1,2,0,3.0,12.2,0,0
ORG00524,D,HP ProBook,25,Female,Operations,Ops Associate,1,Full-time,14,94.6,0,4,1,72.9,0.594,103,78,8,64.6,3,0,3.0,24.1,1,0
ORG03901,C,Dell Latitude,27,Male,Engineering,Data Analyst,2,Contract,3,85.8,3,2,1,51.2,0.7,28,20,4,65.6,4,2,2.0,4.9,0,1
ORG05883,A,Lenovo ThinkPad,23,Male,Finance,Accounts Executive,1,Full-time,24,90.7,4,2,0,68.4,0.696,30,26,3,70.9,3,1,3.0,7.3,0,0
ORG04700,C,MacBook Pro,26,Male,Finance,Accounts Executive,1,Full-time,115,91.6,4,1,0,57.1,0.56,66,46,10,46.1,2,4,2.0,13.8,2,1
ORG05564,B,HP ProBook,28,Female,Engineering,DevOps Engineer,3,Full-time,45,93.7,2,1,0,69.8,0.717,57,43,4,79.8,0,0,3.0,14.3,1,0
ORG03123,C,HP ProBook,33,Female,Sales,Account Manager,2,Full-time,112,92.1,2,2,1,87.2,0.701,52,42,6,62.7,0,1,4.0,14.0,0,0
ORG04157,C,Acer TravelMate,25,Female,Marketing,Content Specialist,1,Full-time,97,95.3,2,0,2,79.3,0.734,31,26,1,81.1,5,0,4.0,7.0,0,0
ORG01970,C,Lenovo ThinkPad,33,Female,Customer Support,Support Lead,4,Full-time,61,99.8,0,0,0,91.3,1.0,79,77,4,99.0,0,0,5.0,32.5,1,0
ORG00672,C,MacBook Pro,32,Female,Operations,Ops Lead,4,Contract,2,95.1,0,0,0,54.8,0.532,109,82,14,63.8,2,0,2.0,19.9,1,0
ORG04189,C,HP ProBook,29,Male,Engineering,Data Analyst,2,Full-time,73,99.6,2,1,0,61.6,0.574,52,40,3,63.9,3,2,4.0,19.5,0,0
ORG00667,C,HP ProBook,35,Male,HR,HR Executive,3,Full-time,73,93.5,1,4,1,86.8,0.844,47,34,6,82.1,0,0,3.0,20.7,0,0
ORG05461,A,Dell Latitude,29,Male,Operations,Ops Lead,2,Contract,1,88.4,1,3,0,37.1,0.354,95,59,16,50.9,0,0,1.0,9.5,1,0
ORG01888,B,Acer TravelMate,27,Male,Engineering,Software Engineer,3,Full-time,71,99.6,1,4,1,52.7,0.559,29,22,2,51.0,5,0,3.0,19.6,0,0
ORG03267,C,Lenovo ThinkPad,28,Female,Engineering,DevOps Engineer,4,Full-time,51,95.3,3,0,0,60.2,0.591,30,24,1,73.2,3,0,4.0,9.9,0,0
ORG00281,B,Dell Latitude,33,Female,Engineering,QA Analyst,3,Full-time,92,98.3,1,0,0,68.3,0.6,41,34,4,75.4,0,0,3.0,32.9,3,1
ORG01720,D,Dell Latitude,29,Male,HR,HR Executive,3,Contract,12,96.9,0,0,0,64.1,0.551,30,21,2,58.4,3,0,3.0,10.7,1,0
ORG02948,A,HP ProBook,38,Male,Finance,Finance Analyst,4,Full-time,64,93.6,1,2,0,87.7,0.751,41,35,4,89.0,2,0,4.0,15.5,0,0
ORG04456,B,Acer TravelMate,36,Female,Sales,Account Manager,4,Full-time,96,95.5,1,1,1,63.9,0.656,87,65,11,50.1,4,3,2.0,10.2,0,0
ORG00900,A,Dell Latitude,31,Male,Customer Support,Support Associate,3,Full-time,92,91.5,1,0,0,47.9,0.635,92,75,8,66.1,3,1,3.0,17.8,2,1
ORG06118,C,Dell Latitude,34,Male,Engineering,Data Scientist,5,Full-time,101,96.3,2,3,0,82.6,0.884,56,49,7,79.6,1,0,4.0,42.1,0,0
ORG00761,B,MacBook Pro,28,Female,Finance,Accounts Executive,1,Full-time,102,94.1,2,2,1,25.0,0.408,32,17,4,37.3,3,3,1.0,6.3,1,1
ORG01907,B,MacBook Pro,35,Male,Customer Support,Support Associate,2,Full-time,73,94.7,2,1,0,66.7,0.727,117,102,16,73.0,2,0,4.0,6.4,0,0
ORG04043,A,Dell Latitude,24,Male,Engineering,Data Analyst,2,Full-time,66,95.5,1,1,1,47.0,0.773,31,22,1,66.6,2,0,3.0,25.4,2,0
ORG03824,D,Dell Latitude,29,Female,Engineering,QA Analyst,2,Contract,17,94.9,0,0,0,54.3,0.715,19,14,2,73.7,0,0,4.0,5.5,0,0
ORG04139,C,Lenovo ThinkPad,29,Female,Finance,Finance Analyst,2,Full-time,57,95.1,1,3,2,75.3,0.767,44,34,5,76.9,2,0,3.0,14.3,0,0
ORG03819,C,HP ProBook,26,Male,Operations,Process Analyst,2,Full-time,93,92.6,0,2,0,76.5,0.49,96,60,15,49.9,3,1,2.0,16.7,1,0
ORG04301,D,HP ProBook,31,Male,Customer Support,Support Associate,2,Full-time,95,93.3,2,0,1,76.7,0.861,128,104,19,78.5,1,1,5.0,10.2,1,0
ORG02594,C,Dell Latitude,33,Male,Engineering,QA Analyst,4,Full-time,93,88.1,3,2,2,79.9,0.947,38,33,4,90.9,0,0,5.0,20.2,1,0
ORG04165,B,Lenovo ThinkPad,29,Female,Operations,Process Analyst,2,Full-time,90,90.8,0,3,1,60.7,0.572,99,74,17,63.3,1,1,2.0,22.3,2,0
ORG03032,B,MacBook Pro,33,Female,Engineering,DevOps Engineer,4,Full-time,60,92.8,1,3,3,69.2,0.812,51,38,6,81.7,2,0,4.0,17.4,0,0
ORG03580,B,MacBook Pro,27,Female,Engineering,QA Analyst,2,Full-time,60,96.3,2,3,0,59.4,0.542,40,32,4,71.9,2,0,3.0,29.5,2,0
ORG02833,D,Dell Latitude,29,Female,Customer Support,Support Associate,1,Full-time,66,97.6,0,2,0,68.1,0.477,94,75,9,71.6,0,1,3.0,16.0,4,0
ORG05450,D,HP ProBook,24,Male,Customer Support,Support Associate,1,Full-time,63,93.4,4,1,0,63.7,0.792,133,112,24,66.1,1,0,2.0,14.0,2,1
ORG03473,B,Dell Latitude,22,Male,Customer Support,Support Lead,2,Contract,4,94.1,0,1,0,81.9,0.761,123,110,15,71.4,1,2,3.0,10.7,1,0
ORG00138,D,Lenovo ThinkPad,27,Male,Customer Support,Support Associate,1,Contract,5,94.8,1,0,1,37.2,0.45,69,46,7,58.5,3,1,1.0,44.4,1,1
ORG04893,A,Dell Latitude,24,Male,Customer Support,Support Associate,2,Full-time,98,100.0,0,0,0,58.8,0.506,101,91,9,75.1,1,1,4.0,34.0,1,0
ORG02181,C,Lenovo ThinkPad,34,Female,Finance,Accounts Executive,3,Full-time,74,92.7,3,4,0,58.1,0.876,68,53,9,42.4,3,1,3.0,37.7,3,1
ORG02129,C,HP ProBook,27,Female,Engineering,Software Engineer,2,Contract,13,93.5,2,4,0,84.2,0.711,21,15,2,77.0,0,0,3.0,14.8,4,0
ORG03178,D,HP ProBook,30,Male,Sales,Inside Sales Rep,2,Full-time,97,98.2,0,0,0,68.6,0.7,62,54,0,81.8,0,0,5.0,8.1,1,0
ORG04855,A,HP ProBook,30,Female,Engineering,QA Analyst,2,Full-time,93,89.1,0,4,2,73.4,0.741,19,15,2,72.6,2,0,3.0,21.5,0,0
ORG04638,D,HP ProBook,26,Female,Operations,Ops Associate,2,Contract,3,93.3,1,3,0,58.8,0.712,85,66,8,69.7,0,1,3.0,17.0,1,0
ORG05116,B,HP ProBook,39,Female,Marketing,Performance Marketer,4,Full-time,75,93.4,4,1,1,77.3,0.68,72,50,12,56.5,5,2,4.0,24.2,3,0
ORG06135,B,Dell Latitude,30,Female,Sales,Account Manager,2,Full-time,46,90.0,1,2,0,34.6,0.495,45,33,4,49.5,1,1,2.0,6.4,1,1
ORG04262,A,Lenovo ThinkPad,29,Female,Marketing,Performance Marketer,3,Full-time,63,89.6,3,2,0,57.9,0.554,37,25,5,60.0,2,0,2.0,26.2,1,0
ORG04345,C,MacBook Pro,27,Male,Finance,Finance Analyst,2,Full-time,64,95.7,1,0,0,56.0,0.392,25,18,2,50.0,1,0,3.0,13.5,0,0
ORG01332,B,HP ProBook,30,Female,Customer Support,Support Lead,3,Full-time,37,93.2,2,1,1,63.1,0.525,107,81,17,75.9,4,2,2.0,15.3,2,0
ORG02018,A,Dell Latitude,26,Male,Engineering,Data Scientist,3,Full-time,26,100.0,0,1,0,61.0,,42,37,3,61.6,0,0,4.0,27.3,3,1
ORG04543,D,Acer TravelMate,29,Male,IT,IT Support,2,Full-time,95,93.7,3,0,0,81.1,0.631,49,40,9,64.6,2,0,3.0,8.0,0,0
ORG02483,C,Dell Latitude,36,Female,Engineering,Software Engineer,4,Contract,14,91.2,2,1,2,65.1,0.486,59,48,8,71.9,0,0,2.0,21.2,2,0
ORG01359,B,Dell Latitude,23,Female,Operations,Process Analyst,2,Full-time,19,94.3,4,2,3,35.8,0.402,67,43,8,57.0,0,1,1.0,20.6,1,1
ORG01330,B,Dell Latitude,35,Female,Engineering,QA Analyst,4,Full-time,11,94.5,2,0,1,80.7,0.704,50,35,7,64.8,1,0,4.0,23.5,1,1
ORG06220,C,HP ProBook,25,Male,Customer Support,Support Associate,2,Contract,12,95.5,1,1,0,78.3,0.764,63,54,6,85.0,0,1,4.0,1.8,0,0
ORG02151,A,HP ProBook,26,Female,Operations,Ops Lead,2,Full-time,59,90.7,0,3,0,63.5,0.777,59,41,8,67.9,1,1,3.0,23.3,1,0
ORG04531,D,Dell Latitude,38,Male,Finance,Finance Analyst,4,Full-time,112,99.9,0,0,0,53.1,0.77,64,58,3,66.3,3,2,4.0,18.8,2,0
ORG02123,D,Acer TravelMate,22,Female,Sales,Inside Sales Rep,1,Full-time,86,100.0,1,1,0,64.3,0.621,33,29,1,64.4,1,1,4.0,8.1,1,0
ORG04674,A,Lenovo ThinkPad,29,Male,Sales,Sales Executive,2,Full-time,60,93.2,0,2,0,65.3,0.753,78,59,10,70.0,3,0,4.0,23.9,2,0
ORG03982,C,Acer TravelMate,25,Male,Customer Support,Support Associate,1,Full-time,70,92.8,1,2,0,88.9,0.903,83,73,9,83.2,2,1,5.0,18.3,1,0
ORG01253,C,HP ProBook,39,Male,Engineering,Software Engineer,5,Full-time,38,94.4,1,1,0,77.4,0.779,49,37,3,98.7,0,0,4.0,34.6,0,0
ORG03279,A,Dell Latitude,33,Male,Sales,Account Manager,3,Full-time,78,98.1,1,1,0,66.5,0.539,58,46,5,72.9,0,0,1.0,10.4,1,0
ORG03375,C,Dell Latitude,31,Male,Customer Support,Support Lead,4,Full-time,89,85.0,2,6,0,76.7,0.775,92,80,18,70.3,0,3,3.0,23.3,0,0
ORG02815,D,Dell Latitude,35,Female,Engineering,Software Engineer,5,Full-time,80,96.4,1,0,0,95.8,1.0,49,47,4,77.5,3,0,5.0,17.8,2,0
ORG04720,C,Dell Latitude,36,Female,Engineering,QA Analyst,3,Full-time,93,97.3,2,1,0,68.5,0.416,37,28,3,49.6,1,0,2.0,20.0,1,0
ORG01849,A,Dell Latitude,26,Female,Customer Support,Support Associate,3,Full-time,22,91.2,4,2,0,85.6,0.71,126,103,17,81.2,0,3,4.0,22.7,2,0
ORG04859,D,Dell Latitude,27,Male,Engineering,Software Engineer,4,Full-time,26,97.3,3,1,0,77.3,0.689,56,46,5,83.7,3,0,3.0,16.3,0,0
ORG03038,C,MacBook Pro,31,Male,Engineering,Software Engineer,3,Full-time,62,100.0,1,0,0,83.1,0.875,33,32,0,99.0,0,0,4.0,19.1,1,0
ORG00389,D,HP ProBook,32,Male,Engineering,QA Analyst,4,Full-time,77,97.4,0,0,0,75.0,0.904,31,27,1,62.9,2,0,5.0,17.1,1,0
ORG00236,C,Acer TravelMate,31,Male,HR,Talent Acquisition,3,Full-time,42,96.3,0,3,0,81.5,0.798,58,54,4,76.0,0,0,3.0,20.0,2,0
ORG01078,A,HP ProBook,33,Male,Customer Support,Support Associate,3,Full-time,117,94.7,2,3,0,71.2,0.719,128,105,15,74.3,2,1,4.0,9.6,1,0
ORG01985,C,HP ProBook,27,Female,Operations,Process Analyst,3,Full-time,87,,5,0,0,73.9,0.726,66,51,9,65.5,3,0,4.0,15.8,1,0
ORG04364,B,HP ProBook,34,Male,IT,System Admin,4,Contract,9,91.6,2,1,0,79.6,0.958,49,42,6,75.7,2,0,5.0,26.7,1,0
ORG03963,C,Lenovo ThinkPad,34,Female,Operations,Process Analyst,4,Full-time,80,95.3,3,1,1,90.5,0.822,87,75,10,75.5,0,0,5.0,17.9,1,1
ORG00771,A,Dell Latitude,33,Female,Sales,Sales Executive,3,Full-time,83,91.2,4,2,1,78.1,0.776,54,37,7,76.5,2,2,3.0,9.8,0,0
ORG02166,C,HP ProBook,36,Male,Sales,Account Manager,4,Full-time,59,95.9,2,3,0,70.0,0.9,53,42,7,61.1,0,1,4.0,22.7,0,0
ORG04534,B,Dell Latitude,26,Female,Customer Support,Support Lead,3,Full-time,70,97.2,2,0,0,59.6,0.626,101,76,8,70.6,3,6,4.0,23.1,3,0
ORG00674,A,Lenovo ThinkPad,30,Female,Finance,Finance Analyst,2,Full-time,112,94.3,4,2,1,56.1,0.679,29,22,2,71.1,1,0,4.0,,2,0
ORG00250,B,Lenovo ThinkPad,27,Female,Customer Support,Support Lead,2,Contract,6,95.5,1,0,1,49.5,0.673,116,80,16,63.5,3,2,3.0,7.7,1,1
ORG01575,B,Dell Latitude,29,Female,Engineering,Data Analyst,2,Full-time,68,92.3,1,2,1,64.5,0.663,43,28,5,56.6,3,0,3.0,11.7,0,0
ORG03420,A,Dell Latitude,37,Male,HR,Talent Acquisition,4,Full-time,118,93.2,2,3,0,78.4,0.678,51,42,3,83.6,0,0,4.0,29.3,2,0
ORG02082,C,Lenovo ThinkPad,30,Female,Engineering,Data Scientist,3,Full-time,19,93.4,4,3,0,58.8,0.778,30,21,3,65.8,3,1,2.0,50.9,2,0
ORG01824,A,Dell Latitude,35,Male,Operations,Process Analyst,4,Full-time,112,93.1,2,3,0,74.5,0.598,113,81,24,69.5,1,1,2.0,34.3,0,1
ORG05840,A,Lenovo ThinkPad,31,Male,Engineering,QA Analyst,3,Full-time,49,91.0,2,0,1,70.9,0.831,32,25,3,73.8,1,0,5.0,37.1,3,0
ORG06037,C,Lenovo ThinkPad,33,Male,Marketing,Marketing Executive,3,Full-time,103,94.8,0,0,0,64.1,0.672,71,61,4,61.5,0,1,3.0,21.7,2,0
ORG04545,B,MacBook Pro,21,Female,Sales,Inside Sales Rep,1,Full-time,49,92.3,1,1,0,63.2,0.484,31,20,3,48.0,5,2,3.0,30.7,2,0
ORG00717,B,Lenovo ThinkPad,31,Female,Operations,Ops Lead,3,Full-time,10,91.7,4,2,2,73.5,0.744,98,68,14,69.9,4,2,4.0,23.1,1,0
ORG05624,A,HP ProBook,26,Female,Operations,Ops Lead,3,Contract,7,92.2,0,3,0,50.6,0.397,71,55,9,56.8,1,1,1.0,4.3,1,1
ORG05890,C,HP ProBook,28,Male,Engineering,Data Scientist,3,Contract,5,100.0,0,1,0,70.4,0.789,24,18,1,65.8,3,0,4.0,12.3,0,0
ORG02049,D,Lenovo ThinkPad,35,Female,Engineering,Data Scientist,4,Full-time,38,93.8,3,2,1,56.2,0.71,64,49,10,67.2,1,2,4.0,13.3,3,0
ORG05265,B,Dell Latitude,35,Male,Sales,Sales Executive,3,Full-time,115,100.0,0,0,0,98.0,0.834,84,82,5,88.3,1,0,5.0,27.2,0,0
ORG04179,B,HP ProBook,21,Male,Operations,Process Analyst,2,Full-time,113,94.6,1,0,0,69.6,0.754,91,68,10,70.4,3,0,3.0,9.7,0,0
ORG04810,D,Lenovo ThinkPad,32,Male,Operations,Ops Associate,3,Full-time,97,94.9,2,0,0,75.3,0.849,90,73,6,83.5,0,0,4.0,21.6,0,0
ORG02725,C,Acer TravelMate,35,Female,Engineering,Data Analyst,4,Full-time,51,96.0,1,0,0,64.6,0.762,42,36,1,75.7,1,0,5.0,18.0,2,1
ORG05703,B,Dell Latitude,24,Female,Engineering,Data Analyst,3,Full-time,4,90.4,1,5,0,82.8,0.875,39,32,6,80.0,0,0,4.0,14.9,2,0
ORG01461,A,Dell Latitude,26,Male,Finance,Accounts Executive,3,Contract,16,97.5,0,0,0,59.1,0.473,57,47,0,50.2,1,0,3.0,24.6,0,0
ORG01669,A,Lenovo ThinkPad,32,Male,Engineering,Software Engineer,3,Full-time,102,99.3,0,1,0,65.6,0.645,30,23,1,50.8,2,4,5.0,12.3,0,0
ORG02757,B,Dell Latitude,26,Female,Marketing,Marketing Executive,1,Full-time,73,95.6,0,0,0,65.6,0.712,33,28,1,66.3,0,0,4.0,27.3,1,0
ORG02001,D,Lenovo ThinkPad,30,Female,HR,Talent Acquisition,4,Full-time,27,99.0,2,0,0,83.3,0.744,53,40,4,79.6,3,0,4.0,30.5,4,0
ORG04572,B,Acer TravelMate,26,Male,Marketing,Content Specialist,2,Contract,8,96.5,1,1,0,72.8,0.866,51,49,3,79.3,2,0,5.0,33.4,0,0
ORG04614,A,Lenovo ThinkPad,33,Male,Customer Support,Support Lead,3,Contract,16,94.0,0,1,1,63.5,0.619,133,109,16,83.7,1,0,3.0,19.7,0,0
ORG00405,C,Dell Latitude,31,Female,IT,System Admin,3,Full-time,35,86.7,5,2,2,62.5,0.651,66,49,10,74.6,2,0,4.0,16.8,4,0
ORG00385,D,Dell Latitude,34,Male,Sales,Sales Executive,3,Full-time,74,94.1,0,0,1,77.0,0.721,43,33,5,73.4,2,0,3.0,28.8,0,0
ORG05665,D,Lenovo ThinkPad,35,Female,Engineering,Data Scientist,5,Full-time,101,98.6,0,1,0,84.3,1.0,63,51,1,71.3,1,0,5.0,13.1,1,0
ORG02153,B,HP ProBook,24,Female,Finance,Accounts Executive,2,Contract,7,97.6,0,0,0,91.4,1.0,67,54,6,80.9,0,0,5.0,36.7,4,0
ORG01634,B,Dell Latitude,26,Female,Operations,Process Analyst,2,Full-time,35,,5,2,0,42.4,0.61,89,67,11,67.5,0,0,1.0,23.9,1,1
ORG05784,D,Acer TravelMate,29,Male,Marketing,Content Specialist,2,Full-time,84,100.0,1,1,0,76.9,0.729,39,34,2,81.7,0,0,3.0,28.3,2,0
ORG04785,D,HP ProBook,28,Male,IT,IT Support,2,Full-time,81,98.0,1,0,0,74.7,0.767,38,33,3,82.5,0,0,4.0,15.1,0,0
ORG03926,C,Dell Latitude,28,Male,Operations,Ops Associate,2,Full-time,52,93.3,3,3,1,67.9,0.836,81,66,16,70.7,2,2,3.0,14.6,2,0
ORG05337,B,HP ProBook,29,Male,Operations,Process Analyst,2,Full-time,93,93.9,0,3,1,52.1,0.35,74,50,9,61.7,7,2,2.0,11.4,0,1
ORG04159,A,Dell Latitude,28,Male,Customer Support,Support Lead,3,Full-time,33,85.2,2,4,0,65.4,0.666,130,92,23,71.0,1,2,2.0,11.6,2,0
ORG04949,B,Acer TravelMate,29,Male,Operations,Ops Lead,3,Full-time,39,94.4,0,1,0,67.8,0.672,77,61,8,83.4,1,0,4.0,29.8,1,0
ORG05359,D,Acer TravelMate,24,Female,Sales,Inside Sales Rep,1,Full-time,36,97.0,2,1,1,33.1,0.445,59,38,3,55.7,2,2,1.0,14.1,0,1
ORG00224,B,Dell Latitude,34,Male,IT,System Admin,4,Full-time,98,95.4,0,1,0,73.8,0.749,49,45,2,70.9,1,1,4.0,27.2,2,0
ORG02194,C,Dell Latitude,29,Male,Engineering,Data Scientist,3,Full-time,65,90.6,2,0,1,91.5,0.964,58,51,6,91.4,0,0,5.0,40.4,4,0
ORG03137,C,HP ProBook,25,Female,HR,HR Executive,2,Full-time,63,94.6,2,2,0,76.2,0.73,58,48,4,69.8,3,1,4.0,25.9,0,1
ORG04470,B,Dell Latitude,22,Female,Sales,Sales Executive,1,Full-time,34,89.4,1,1,1,55.1,0.709,57,45,8,58.9,2,2,3.0,12.3,0,0
ORG01825,D,HP ProBook,30,Male,Finance,Finance Analyst,2,Contract,3,93.3,3,1,0,65.0,0.584,40,33,4,73.0,2,1,2.0,7.9,1,0
ORG05799,C,Acer TravelMate,31,Male,Operations,Process Analyst,3,Full-time,109,97.8,1,0,0,71.6,0.749,81,67,3,82.3,1,0,4.0,13.7,0,0
ORG05125,C,HP ProBook,29,Female,Customer Support,Support Lead,3,Full-time,63,92.5,4,1,1,60.6,0.35,71,56,8,69.2,0,1,3.0,29.4,1,0
ORG04973,C,Lenovo ThinkPad,23,Male,Sales,Inside Sales Rep,1,Full-time,35,96.9,0,0,0,45.9,0.58,37,36,0,66.6,2,0,3.0,51.0,1,0
ORG00798,A,HP ProBook,36,Male,Engineering,Data Scientist,5,Full-time,11,91.3,5,2,1,64.5,0.642,64,48,9,71.7,2,2,3.0,15.6,2,0
ORG02872,B,Lenovo ThinkPad,31,Female,Customer Support,Support Lead,4,Full-time,47,96.8,0,0,0,69.2,0.722,115,94,12,83.6,2,1,3.0,8.1,0,0
ORG00010,C,Dell Latitude,31,Male,Customer Support,Support Associate,3,Full-time,44,97.6,0,1,0,61.2,0.694,129,111,8,76.8,3,2,3.0,24.3,1,0
ORG01945,B,Dell Latitude,32,Female,HR,Talent Acquisition,4,Full-time,93,95.9,0,1,0,56.9,0.625,62,59,3,61.1,4,0,4.0,16.3,1,0
ORG01839,A,Dell Latitude,22,Male,Finance,Finance Analyst,2,Full-time,8,87.7,5,1,0,62.7,0.65,47,36,8,69.1,0,0,2.0,12.0,0,0
ORG04805,A,Lenovo ThinkPad,24,Female,HR,HR Executive,1,Full-time,4,90.4,1,3,0,46.1,0.534,36,22,5,61.0,1,0,1.0,17.1,0,0
ORG00256,D,Dell Latitude,27,Female,Finance,Finance Analyst,3,Contract,17,93.6,0,1,0,68.0,0.78,75,47,13,71.8,0,1,2.0,7.9,0,0
ORG04486,B,Acer TravelMate,25,Male,Sales,Inside Sales Rep,1,Full-time,73,90.7,3,0,0,88.9,0.602,44,31,5,76.0,2,2,3.0,6.1,2,0
ORG05685,C,Dell Latitude,27,Female,Customer Support,Support Lead,3,Full-time,31,96.9,0,2,0,91.3,0.825,66,60,1,83.6,0,0,5.0,16.5,2,0
ORG01582,A,Lenovo ThinkPad,33,Male,Sales,Sales Executive,3,Full-time,107,95.8,3,0,0,69.4,0.823,56,46,7,80.7,1,1,3.0,19.8,0,0
ORG02957,C,Acer TravelMate,36,Male,Engineering,Data Scientist,5,Full-time,110,98.4,3,2,0,84.5,0.839,18,17,1,94.4,0,0,5.0,15.3,0,0
ORG00925,A,Lenovo ThinkPad,24,Male,Engineering,QA Analyst,2,Full-time,34,98.8,1,0,0,75.6,0.563,48,44,3,74.1,2,0,4.0,8.8,0,0
ORG05586,D,Lenovo ThinkPad,28,Male,IT,IT Support,2,Full-time,74,100.0,1,0,0,75.7,0.999,66,64,3,81.6,0,0,5.0,9.0,3,0
ORG02509,D,Lenovo ThinkPad,25,Male,Customer Support,Support Associate,1,Full-time,10,93.9,2,2,0,74.5,0.739,86,67,11,70.8,1,2,4.0,31.4,3,0
ORG05025,B,Dell Latitude,32,Male,Operations,Process Analyst,2,Full-time,102,94.0,1,0,0,70.2,0.752,74,59,9,62.9,3,2,4.0,17.5,2,0
ORG05321,D,HP ProBook,34,Male,Engineering,Data Analyst,4,Full-time,27,96.0,0,4,0,76.3,0.737,54,42,5,80.7,1,0,3.0,12.0,1,0
ORG03776,D,Lenovo ThinkPad,39,Other,Customer Support,Support Lead,4,Full-time,118,94.3,1,4,0,62.6,0.641,140,98,20,49.4,2,2,3.0,36.0,0,1
ORG04836,C,Dell Latitude,27,Male,HR,HR Executive,3,Full-time,23,93.0,3,0,1,59.9,0.655,70,52,8,66.4,1,1,2.0,8.0,0,0
ORG04137,B,Dell Latitude,27,Female,Customer Support,Support Lead,2,Full-time,43,100.0,0,1,1,53.7,0.879,90,74,9,70.2,3,0,3.0,18.0,2,0
ORG04965,C,HP ProBook,32,Male,Sales,Inside Sales Rep,2,Full-time,105,90.8,1,4,1,56.7,0.64,79,64,8,62.7,2,2,3.0,20.3,0,0
ORG02780,D,Dell Latitude,38,Male,Engineering,DevOps Engineer,5,Contract,5,92.2,0,3,1,41.8,0.54,44,32,7,57.8,1,0,1.0,22.7,0,0
ORG00540,B,Lenovo ThinkPad,33,Female,HR,Talent Acquisition,4,Contract,7,92.7,0,3,0,50.3,0.835,33,24,2,68.2,2,0,3.0,22.4,1,1
ORG02746,D,HP ProBook,38,Other,Finance,Accounts Executive,2,Full-time,106,93.3,4,4,4,72.8,0.731,37,28,4,76.8,3,0,3.0,16.0,0,0
ORG05672,C,Dell Latitude,24,Female,Marketing,Marketing Executive,2,Contract,15,99.1,0,4,0,53.1,0.544,55,43,5,57.9,3,0,3.0,7.8,0,1
ORG05763,A,Lenovo ThinkPad,27,Female,Finance,Finance Analyst,2,Full-time,94,96.6,2,2,0,50.2,0.505,44,33,2,80.7,0,0,3.0,9.0,0,0
ORG05468,D,Lenovo ThinkPad,21,Male,Engineering,Data Analyst,2,Full-time,8,96.3,0,1,1,75.7,0.756,23,20,1,76.2,3,0,5.0,10.0,1,0
ORG01146,A,Acer TravelMate,42,Female,Sales,Account Manager,4,Full-time,75,97.8,1,2,0,45.6,0.485,59,45,3,44.5,3,0,2.0,13.0,0,0
ORG05128,A,Acer TravelMate,36,Male,Engineering,Software Engineer,5,Full-time,82,97.3,0,1,0,72.5,0.771,71,59,6,73.4,1,1,4.0,24.2,1,0
ORG04469,B,Acer TravelMate,29,Male,IT,IT Support,2,Full-time,119,92.4,0,2,0,88.8,0.717,44,40,4,67.5,1,0,4.0,22.8,0,0
ORG00668,B,Dell Latitude,25,Female,IT,System Admin,2,Full-time,87,93.7,1,4,1,51.7,0.538,44,32,5,57.5,4,3,3.0,28.8,1,1
ORG03020,C,Lenovo ThinkPad,22,Male,Sales,Inside Sales Rep,1,Full-time,28,91.6,1,0,2,64.3,0.486,60,43,10,68.0,4,1,2.0,12.4,2,0
ORG00358,C,Lenovo ThinkPad,26,Male,Finance,Accounts Executive,1,Full-time,68,91.6,0,3,0,40.3,0.46,63,38,8,39.4,1,1,2.0,10.4,2,1
ORG05064,D,Dell Latitude,38,Male,Engineering,DevOps Engineer,5,Full-time,92,92.4,0,1,0,79.5,1.0,45,43,2,99.0,0,0,4.0,27.4,1,0
ORG02832,A,Dell Latitude,31,Female,Customer Support,Support Lead,2,Full-time,32,90.5,3,1,3,55.3,0.763,94,58,19,81.2,1,3,2.0,8.9,0,1
ORG02784,A,Lenovo ThinkPad,28,Female,Sales,Inside Sales Rep,1,Full-time,64,100.0,2,1,0,63.4,0.794,61,49,4,77.8,0,0,4.0,6.2,0,0
ORG01354,A,HP ProBook,28,Male,Sales,Account Manager,2,Full-time,118,91.9,1,3,0,41.1,0.639,59,40,7,47.8,4,3,1.0,17.3,3,1
ORG05132,D,Dell Latitude,29,Female,Engineering,QA Analyst,3,Full-time,97,93.0,2,3,1,75.5,0.654,35,29,4,83.0,1,0,4.0,20.0,2,0
ORG00471,A,Dell Latitude,26,Female,Customer Support,Support Associate,3,Full-time,76,90.2,2,1,0,50.3,0.732,115,68,20,64.1,1,2,2.0,7.9,0,1
ORG02704,D,Lenovo ThinkPad,38,Male,HR,Talent Acquisition,4,Full-time,25,93.1,1,1,0,59.5,0.534,37,25,3,73.3,2,0,3.0,13.7,2,1
ORG03331,A,Dell Latitude,24,Male,IT,IT Support,1,Full-time,55,99.0,0,1,0,73.4,0.678,30,26,2,65.1,0,0,3.0,23.3,0,0
ORG03638,A,Dell Latitude,27,Male,Engineering,Data Scientist,3,Full-time,55,95.3,3,1,0,68.4,0.83,53,40,4,77.0,1,0,4.0,14.1,2,0
ORG01397,B,MacBook Pro,33,Female,Customer Support,Support Lead,4,Contract,3,96.2,0,0,0,70.5,0.705,82,71,4,65.7,1,1,3.0,11.9,2,0
ORG03585,C,HP ProBook,21,Male,Marketing,Marketing Executive,2,Full-time,13,100.0,0,0,0,79.3,0.702,23,21,0,74.9,2,0,5.0,13.6,0,0
ORG05659,B,HP ProBook,28,Female,Engineering,Data Analyst,2,Full-time,77,91.1,1,2,1,60.1,,54,34,6,58.3,2,0,3.0,9.4,0,0
ORG05263,B,Dell Latitude,35,Female,Engineering,Data Analyst,4,Full-time,94,97.3,0,2,0,71.8,0.745,49,45,0,79.6,0,0,5.0,20.1,4,0
ORG03377,A,Dell Latitude,24,Female,Engineering,Software Engineer,3,Full-time,53,91.3,4,0,1,58.8,0.546,52,39,3,53.2,2,1,3.0,8.7,0,0
ORG01257,B,Dell Latitude,26,Female,Finance,Finance Analyst,2,Full-time,23,91.8,0,1,0,63.0,0.556,67,52,6,75.8,0,0,3.0,37.9,2,1
ORG03513,C,Dell Latitude,29,Female,IT,IT Support,1,Full-time,72,98.3,1,2,0,85.9,0.828,35,31,2,63.3,5,1,,18.0,1,0
ORG01251,D,Dell Latitude,26,Female,Engineering,Software Engineer,2,Full-time,108,99.4,0,0,0,59.6,0.578,31,25,0,64.5,1,0,3.0,16.5,0,0
ORG05349,B,Dell Latitude,34,Male,Operations,Process Analyst,3,Full-time,72,92.5,1,4,0,90.8,0.858,85,71,9,92.1,1,0,3.0,44.7,0,0
ORG06064,D,Lenovo ThinkPad,24,Female,Customer Support,Support Lead,2,Full-time,78,92.6,3,4,1,79.0,0.862,126,102,20,88.2,0,0,4.0,28.8,2,0
ORG04299,A,HP ProBook,36,Male,Customer Support,Support Lead,3,Full-time,93,,1,0,0,68.8,0.755,120,115,0,74.1,1,0,5.0,36.6,0,0
ORG03285,B,Lenovo ThinkPad,29,Female,Engineering,Data Analyst,3,Full-time,40,95.7,3,0,0,88.4,0.725,40,35,4,80.6,2,0,4.0,55.3,3,1
ORG02934,B,Dell Latitude,34,Male,Marketing,Marketing Executive,2,Full-time,87,96.7,2,0,0,90.6,0.767,45,39,6,70.8,2,0,4.0,9.7,1,0
ORG04176,B,Dell Latitude,26,Female,Customer Support,Support Lead,3,Full-time,94,97.4,0,0,1,63.9,0.781,116,86,8,63.3,2,1,4.0,11.4,0,0
ORG05269,B,Acer TravelMate,29,Female,Marketing,Performance Marketer,3,Full-time,86,93.1,1,1,1,60.5,0.716,32,25,5,58.6,2,0,3.0,11.7,4,1
ORG04911,B,HP ProBook,36,Female,Engineering,QA Analyst,4,Full-time,97,90.9,2,3,1,72.3,0.901,56,45,7,81.1,2,0,4.0,19.3,1,0
ORG01853,D,HP ProBook,21,Male,Customer Support,Support Associate,1,Contract,15,97.4,0,2,0,66.7,0.692,109,90,12,62.7,3,1,3.0,10.7,1,0
ORG05903,B,HP ProBook,33,Male,Engineering,Data Analyst,3,Full-time,104,93.0,2,0,0,65.7,0.615,28,24,3,80.0,3,2,4.0,7.8,3,0
ORG06146,C,HP ProBook,34,Female,Operations,Ops Associate,3,Contract,1,97.1,1,1,0,29.1,0.324,98,66,7,44.0,1,1,2.0,11.3,1,1
ORG02106,D,Lenovo ThinkPad,33,Male,Finance,Accounts Executive,3,Full-time,31,97.8,0,0,1,79.9,0.829,38,35,1,90.8,1,0,4.0,11.2,1,0
ORG00134,D,Dell Latitude,32,Male,Sales,Inside Sales Rep,2,Full-time,49,94.0,1,1,0,76.7,0.578,49,36,6,57.9,2,1,2.0,16.4,0,0
ORG05237,D,HP ProBook,36,Female,Engineering,DevOps Engineer,3,Full-time,111,100.0,1,2,0,87.7,0.941,43,42,1,85.6,1,0,5.0,34.5,1,0
ORG05030,D,HP ProBook,25,Female,Engineering,Data Analyst,2,Contract,11,92.2,0,2,0,54.5,0.62,43,34,2,61.4,2,2,4.0,12.2,3,0
ORG00929,A,Dell Latitude,30,Male,Operations,Ops Lead,3,Full-time,45,96.3,1,0,0,76.5,0.835,76,64,7,67.9,2,0,3.0,25.6,1,0
ORG00824,A,HP ProBook,27,Male,Operations,Process Analyst,2,Full-time,88,96.3,2,0,0,59.5,0.446,78,65,6,56.6,2,0,1.0,8.1,1,0
ORG05732,C,Dell Latitude,27,Male,Marketing,Content Specialist,2,Full-time,9,90.3,1,5,1,64.0,0.485,45,33,7,47.1,2,3,3.0,17.4,5,0
ORG01532,B,Dell Latitude,27,Male,Engineering,QA Analyst,2,Full-time,30,94.6,5,2,3,61.0,0.715,34,24,4,63.9,3,1,2.0,22.1,2,1
ORG01215,A,Lenovo ThinkPad,33,Male,Sales,Sales Executive,3,Contract,1,91.4,1,1,0,98.0,1.0,60,58,7,99.0,0,0,5.0,11.1,2,0
ORG00505,B,Dell Latitude,21,Male,Customer Support,Support Associate,1,Full-time,114,99.1,1,1,1,56.6,0.587,65,47,3,64.9,1,2,3.0,25.1,0,0
ORG04286,C,HP ProBook,33,Male,Engineering,Data Analyst,4,Full-time,7,95.1,1,1,0,73.6,0.915,60,41,7,66.3,2,1,4.0,13.8,0,0
ORG01997,D,HP ProBook,32,Male,Sales,Inside Sales Rep,2,Full-time,83,94.9,0,4,0,47.2,0.728,63,41,8,71.9,2,2,3.0,21.1,0,1
ORG03073,A,MacBook Pro,23,Male,HR,HR Executive,1,Full-time,41,90.2,2,2,1,66.4,0.774,19,13,2,74.4,0,0,3.0,9.8,0,1
ORG01959,D,Dell Latitude,29,Male,HR,HR Executive,2,Full-time,120,96.8,1,1,0,72.1,0.842,57,46,4,72.4,2,1,3.0,14.1,2,0
ORG01385,C,Lenovo ThinkPad,35,Male,IT,System Admin,4,Full-time,68,93.6,2,2,1,74.3,0.582,28,23,3,67.6,1,1,3.0,15.6,1,1
ORG00895,B,Lenovo ThinkPad,31,Female,Finance,Accounts Executive,2,Full-time,17,91.8,3,2,0,68.2,0.626,44,33,4,64.0,0,0,4.0,36.1,2,0
ORG04925,A,Dell Latitude,29,Male,Customer Support,Support Associate,2,Full-time,108,100.0,1,0,0,77.6,0.823,61,54,4,86.2,0,0,4.0,21.9,1,0
ORG00456,B,Lenovo ThinkPad,27,Male,Engineering,Data Scientist,3,Contract,11,95.5,2,0,0,96.0,0.886,36,30,2,76.1,0,0,5.0,19.0,1,0
ORG06189,B,MacBook Pro,36,Male,Operations,Ops Lead,4,Full-time,23,91.0,5,3,0,80.0,0.777,113,90,18,78.4,0,1,4.0,23.1,1,0
ORG03710,D,Lenovo ThinkPad,31,Female,Finance,Finance Analyst,3,Full-time,88,96.0,1,0,0,52.3,0.858,41,36,1,70.1,1,0,5.0,21.2,2,0
ORG05823,D,Dell Latitude,33,Other,Finance,Finance Analyst,4,Full-time,3,94.6,0,1,0,60.6,0.59,75,61,2,78.9,0,0,4.0,20.1,3,0
ORG04850,B,Acer TravelMate,25,Female,Finance,Finance Analyst,2,Full-time,8,96.8,1,1,0,69.5,0.732,51,41,4,59.0,3,1,4.0,5.0,0,0
ORG04749,B,Lenovo ThinkPad,21,Male,Marketing,Performance Marketer,2,Full-time,43,99.6,1,1,1,75.5,0.717,28,25,0,67.0,3,0,4.0,7.1,2,0
ORG04269,D,Lenovo ThinkPad,32,Female,Finance,Finance Analyst,4,Contract,11,89.2,5,2,0,98.0,0.954,43,34,6,93.9,0,0,4.0,40.4,2,0
ORG03523,A,MacBook Pro,24,Male,Engineering,Data Analyst,2,Contract,2,89.9,9,3,0,43.0,0.528,38,23,8,55.7,0,5,2.0,6.7,0,1
ORG04135,D,HP ProBook,27,Male,Customer Support,Support Associate,2,Full-time,64,97.8,0,3,0,77.8,0.618,69,57,7,69.2,1,2,4.0,54.3,1,0
ORG03603,C,HP ProBook,31,Female,Customer Support,Support Associate,3,Full-time,50,98.5,1,1,0,64.2,0.818,81,63,10,81.5,1,0,3.0,26.0,2,0
ORG00714,D,Acer TravelMate,32,Female,Marketing,Marketing Executive,3,Contract,17,95.1,0,2,0,57.9,0.915,51,39,7,69.0,3,0,4.0,18.9,0,0
ORG04187,D,Dell Latitude,31,Male,Engineering,Data Scientist,5,Full-time,33,89.9,0,1,0,65.4,0.827,46,35,5,58.6,3,3,3.0,17.9,5,0
ORG02215,A,Lenovo ThinkPad,29,Female,Marketing,Content Specialist,3,Full-time,29,92.6,1,0,1,77.7,0.905,35,34,3,87.2,1,0,5.0,16.4,2,0
ORG05302,A,Lenovo ThinkPad,32,Male,Operations,Process Analyst,3,Full-time,120,96.1,4,1,1,61.1,0.663,72,54,10,56.1,1,1,2.0,17.0,2,1
ORG02924,D,Dell Latitude,26,Female,Operations,Ops Lead,2,Full-time,28,94.9,0,2,0,69.9,0.679,74,55,10,75.6,2,0,3.0,27.9,1,0
ORG01811,C,HP ProBook,21,Male,Sales,Account Manager,2,Full-time,14,98.0,2,2,0,75.7,0.859,47,41,1,77.2,0,0,5.0,27.4,2,0
ORG03487,A,Lenovo ThinkPad,35,Male,Operations,Ops Lead,3,Full-time,40,92.8,3,0,1,72.1,0.66,93,74,12,70.6,1,3,2.0,18.6,0,1
ORG03142,D,Lenovo ThinkPad,28,Male,Engineering,Data Analyst,2,Full-time,51,96.1,1,0,0,40.1,0.501,18,12,0,38.2,8,2,3.0,11.6,0,1
ORG01828,B,Acer TravelMate,30,Female,Customer Support,Support Lead,3,Full-time,35,100.0,0,0,0,74.2,0.628,80,68,3,70.1,2,0,5.0,7.2,1,0
ORG01156,D,Lenovo ThinkPad,27,Male,Engineering,Data Analyst,2,Full-time,85,96.3,1,3,0,80.8,0.874,30,29,2,78.5,1,0,4.0,22.2,1,0
ORG01325,D,Lenovo ThinkPad,24,Male,Sales,Inside Sales Rep,2,Full-time,29,96.3,1,4,1,56.0,0.715,47,35,2,64.8,1,2,2.0,17.3,0,0
ORG04313,D,Dell Latitude,27,Male,Sales,Account Manager,2,Full-time,49,97.6,1,1,0,73.8,0.7,45,40,3,86.8,0,0,4.0,10.5,2,0
ORG00511,A,Dell Latitude,36,Male,Engineering,Data Analyst,2,Full-time,42,95.1,1,1,0,69.6,0.687,20,18,1,65.1,1,1,4.0,33.9,1,0
ORG01681,A,HP ProBook,30,Female,Finance,Accounts Executive,3,Full-time,21,95.9,2,2,1,72.9,0.798,31,27,2,67.5,2,0,3.0,33.8,3,0
ORG00500,D,Dell Latitude,34,Male,Customer Support,Support Lead,3,Contract,9,93.4,1,5,0,76.2,,122,104,14,81.5,1,1,4.0,8.0,2,0
ORG05722,D,HP ProBook,33,Male,Engineering,Software Engineer,3,Full-time,110,99.9,1,0,0,65.9,0.812,48,36,5,65.0,3,1,4.0,23.4,0,0
ORG01857,A,HP ProBook,30,Male,Sales,Account Manager,4,Full-time,116,93.8,3,1,1,70.5,0.658,41,31,4,72.1,2,1,3.0,23.5,1,1
ORG01389,B,HP ProBook,32,Female,Marketing,Content Specialist,2,Full-time,21,93.4,1,1,0,74.4,0.832,69,50,7,69.9,4,1,3.0,35.9,1,0
ORG05616,D,Dell Latitude,31,Female,Sales,Account Manager,4,Full-time,39,97.8,1,0,1,54.3,0.725,64,49,6,78.4,3,1,3.0,28.9,1,0
ORG03720,D,Dell Latitude,35,Male,Customer Support,Support Lead,4,Full-time,114,93.5,1,1,0,98.0,1.0,86,84,8,96.6,0,1,5.0,15.5,0,0
ORG02387,B,Lenovo ThinkPad,26,Male,IT,System Admin,2,Full-time,21,90.7,1,2,0,64.7,0.895,68,58,10,77.9,3,4,4.0,4.4,0,0
ORG05542,C,Lenovo ThinkPad,25,Female,Customer Support,Support Associate,2,Contract,13,99.9,0,0,0,44.7,0.602,106,91,6,57.3,5,1,4.0,18.8,0,0
ORG03237,B,Lenovo ThinkPad,39,Male,IT,System Admin,4,Full-time,42,93.8,1,2,2,65.5,0.745,67,53,13,86.8,0,1,3.0,10.6,2,1
ORG01541,C,Acer TravelMate,27,Female,HR,Talent Acquisition,2,Full-time,66,84.5,5,2,1,45.1,0.683,63,41,12,70.9,2,1,3.0,24.8,0,1
ORG01218,D,MacBook Pro,31,Male,Operations,Ops Associate,2,Full-time,62,90.7,2,1,0,86.8,0.682,95,73,16,95.0,0,0,3.0,44.0,0,0
ORG02682,C,HP ProBook,32,Male,HR,HR Executive,3,Full-time,89,92.2,1,0,0,65.3,0.714,30,24,2,64.8,1,1,3.0,16.5,1,0
ORG02994,A,HP ProBook,32,Male,Customer Support,Support Lead,3,Full-time,99,96.0,2,2,1,74.5,0.818,90,82,7,73.9,1,0,5.0,9.7,2,0
ORG05513,A,MacBook Pro,30,Male,Customer Support,Support Associate,3,Full-time,114,90.3,2,2,0,61.6,0.562,114,62,29,47.7,1,2,2.0,23.1,1,1
ORG01192,A,Acer TravelMate,21,Female,Sales,Sales Executive,1,Full-time,110,94.2,1,1,0,55.5,0.578,78,59,8,57.2,2,0,3.0,10.2,1,0
ORG05294,A,Acer TravelMate,24,Male,Operations,Ops Associate,2,Full-time,42,100.0,0,1,0,64.2,0.567,46,43,1,60.4,2,2,3.0,7.7,2,0
ORG01543,C,Lenovo ThinkPad,28,Male,Sales,Inside Sales Rep,2,Full-time,113,99.7,2,2,1,46.8,0.492,58,40,5,60.8,4,1,1.0,10.6,1,0
ORG03302,B,Dell Latitude,33,Male,Sales,Account Manager,2,Full-time,53,93.7,1,1,0,61.9,0.783,38,30,2,74.4,0,1,4.0,15.0,0,0
ORG03325,D,HP ProBook,27,Female,Operations,Process Analyst,2,Full-time,18,95.3,2,2,2,66.0,0.546,84,67,4,57.0,1,0,4.0,27.3,0,0
ORG02540,A,Lenovo ThinkPad,40,Male,Customer Support,Support Lead,4,Full-time,65,97.3,1,1,0,55.8,0.588,137,117,13,87.6,2,0,4.0,23.3,2,0
ORG00954,B,Dell Latitude,31,Male,Engineering,Data Scientist,5,Contract,12,,0,3,1,62.4,0.418,53,38,7,70.1,2,1,3.0,33.3,0,0
ORG04847,D,MacBook Pro,31,Female,Engineering,Software Engineer,4,Full-time,24,95.4,2,0,1,73.4,0.48,42,35,4,64.6,4,1,2.0,30.5,1,0
ORG04331,A,Dell Latitude,31,Male,Engineering,DevOps Engineer,3,Contract,11,96.1,1,2,1,76.6,0.708,58,47,6,67.1,0,2,3.0,36.9,4,1
ORG00733,C,MacBook Pro,28,Male,Engineering,Data Scientist,3,Contract,7,92.1,3,1,0,94.7,0.964,35,29,6,85.2,1,0,4.0,6.5,1,0
ORG00647,D,HP ProBook,32,Male,Engineering,QA Analyst,2,Full-time,118,93.6,1,2,0,47.4,0.713,30,22,5,62.9,4,2,1.0,26.8,1,0
ORG01157,B,Dell Latitude,27,Male,Engineering,Data Analyst,2,Full-time,10,93.3,1,2,1,66.6,0.728,22,18,1,86.2,0,0,4.0,7.1,0,0
ORG05847,D,Lenovo ThinkPad,41,Female,IT,System Admin,3,Full-time,120,96.6,2,0,0,74.2,0.799,36,30,3,74.5,1,2,4.0,16.3,0,0
ORG03295,B,HP ProBook,25,Female,Customer Support,Support Associate,1,Contract,17,90.6,4,2,1,83.4,0.703,121,96,23,70.0,2,1,4.0,0.2,0,0
ORG02983,D,Dell Latitude,36,Female,Engineering,DevOps Engineer,3,Full-time,91,94.1,4,1,1,63.2,0.745,42,31,3,80.3,1,0,3.0,28.2,1,0
ORG05306,D,Dell Latitude,32,Male,Operations,Process Analyst,3,Full-time,20,94.8,2,1,0,49.6,0.576,86,74,8,67.3,1,0,3.0,18.1,2,0
ORG05162,D,Lenovo ThinkPad,26,Male,Marketing,Performance Marketer,2,Contract,11,91.3,4,0,3,50.7,0.783,65,43,10,68.6,2,0,3.0,12.8,3,0
ORG02157,B,Dell Latitude,34,Male,Engineering,Data Analyst,4,Full-time,86,89.5,4,1,0,64.4,0.451,52,36,7,75.8,0,0,3.0,20.2,1,0
ORG01063,C,MacBook Pro,24,Male,Sales,Sales Executive,2,Full-time,41,97.8,0,2,1,73.0,0.611,70,52,10,65.8,1,1,3.0,25.3,1,0
ORG02617,C,Dell Latitude,26,Female,Engineering,Software Engineer,2,Full-time,71,99.5,0,1,0,55.7,0.609,28,22,0,62.6,1,0,2.0,27.2,1,0
ORG01168,D,Lenovo ThinkPad,32,Male,Customer Support,Support Associate,2,Full-time,76,93.9,1,0,0,89.2,0.788,91,75,14,84.5,0,0,4.0,8.5,1,0
ORG03223,D,HP ProBook,27,Male,Finance,Accounts Executive,2,Full-time,81,85.2,3,4,0,68.5,0.699,30,20,6,90.3,0,0,3.0,25.9,0,0
ORG03637,B,Dell Latitude,32,Male,HR,Talent Acquisition,4,Full-time,26,90.0,4,1,1,89.7,0.923,61,59,9,81.0,0,0,5.0,23.4,0,0
ORG05589,A,HP ProBook,33,Female,Customer Support,Support Associate,3,Full-time,71,99.9,1,1,0,83.6,0.856,85,73,5,79.6,1,0,5.0,19.0,1,0
ORG02939,C,Dell Latitude,29,Female,Sales,Account Manager,2,Full-time,100,93.6,3,6,1,69.3,0.64,64,47,5,70.5,1,1,3.0,11.7,2,0
ORG04492,A,Dell Latitude,36,Female,HR,Talent Acquisition,3,Full-time,26,96.0,0,1,0,57.0,0.728,57,41,5,62.1,0,1,5.0,15.0,1,0
ORG03141,B,MacBook Pro,31,Male,Sales,Inside Sales Rep,3,Full-time,35,95.8,0,0,0,74.4,0.871,64,54,8,77.4,0,1,3.0,8.2,1,0
ORG04981,A,Acer TravelMate,21,Male,Marketing,Marketing Executive,2,Full-time,46,96.5,2,1,1,68.3,0.598,58,48,6,62.6,2,1,2.0,4.2,1,0
ORG00144,A,HP ProBook,23,Female,Operations,Process Analyst,2,Full-time,67,95.3,0,0,0,60.4,0.785,60,41,8,76.0,0,3,3.0,10.7,1,0
ORG01853,D,HP ProBook,21,Male,Customer Support,Support Associate,1,Contract,15,97.4,0,2,0,66.7,0.692,109,90,12,62.7,3,1,3.0,10.7,1,0
ORG03578,C,HP ProBook,26,Male,Sales,Inside Sales Rep,1,Full-time,100,94.9,0,0,0,34.7,0.264,71,48,6,44.6,2,1,1.0,36.1,2,0
ORG04947,B,HP ProBook,26,Male,Operations,Ops Associate,1,Full-time,3,94.7,0,1,0,84.6,0.686,44,41,3,82.6,0,0,3.0,9.0,0,0
ORG02783,D,Acer TravelMate,32,Male,Operations,Ops Lead,4,Full-time,35,97.9,3,0,0,81.5,0.711,108,90,13,84.7,2,0,4.0,39.0,1,0
ORG00718,B,HP ProBook,31,Female,Engineering,Data Analyst,2,Full-time,69,100.0,0,0,0,73.8,0.573,48,34,2,70.8,0,0,3.0,19.0,2,0
ORG01820,D,Lenovo ThinkPad,30,Female,Operations,Ops Lead,3,Full-time,33,96.2,1,2,0,59.5,0.71,111,91,12,64.3,1,0,5.0,9.0,0,0
ORG02503,D,Lenovo ThinkPad,27,Female,IT,IT Support,3,Full-time,19,95.5,1,0,0,66.8,0.731,58,50,2,67.4,2,0,3.0,19.3,3,0
ORG04361,D,Acer TravelMate,28,Female,Sales,Sales Executive,2,Full-time,15,89.4,4,2,0,35.1,0.654,42,24,7,43.6,3,1,2.0,15.9,1,1
ORG04172,B,HP ProBook,29,Male,Finance,Finance Analyst,2,Full-time,53,94.4,1,0,0,73.2,0.587,43,39,2,67.5,2,0,3.0,13.7,2,0
ORG00396,A,MacBook Pro,27,Male,Customer Support,Support Associate,2,Full-time,20,98.5,0,1,0,57.4,0.422,128,95,13,63.2,1,3,3.0,25.4,2,0
ORG06101,D,HP ProBook,32,Female,Customer Support,Support Lead,3,Full-time,74,90.7,1,2,0,64.1,0.797,72,52,12,73.4,2,1,3.0,5.5,0,0
ORG04493,C,Lenovo ThinkPad,29,Male,IT,System Admin,2,Full-time,55,90.8,1,2,0,75.2,0.791,59,49,4,85.9,1,0,4.0,13.9,1,0
ORG01366,D,Dell Latitude,29,Female,Customer Support,Support Associate,3,Full-time,79,96.8,1,2,0,81.6,0.75,105,90,12,81.2,2,3,4.0,10.5,1,0
ORG05749,B,Lenovo ThinkPad,21,Male,IT,IT Support,2,Full-time,98,98.4,0,1,0,72.9,0.775,44,34,2,70.7,0,0,3.0,31.6,2,0
ORG00596,A,Lenovo ThinkPad,33,Male,Sales,Account Manager,3,Full-time,97,97.2,0,2,1,52.8,0.636,82,72,6,65.5,2,0,3.0,20.3,0,0
ORG03953,B,HP ProBook,30,Male,IT,System Admin,2,Full-time,93,91.1,2,0,0,74.6,0.877,62,53,5,82.0,1,0,4.0,10.2,1,0
ORG05393,D,Dell Latitude,24,Other,IT,System Admin,2,Full-time,64,88.1,4,3,0,55.6,0.558,33,22,5,63.6,5,2,2.0,44.9,2,1
ORG04969,B,Lenovo ThinkPad,38,Male,Engineering,Data Scientist,5,Full-time,85,94.4,2,0,0,91.8,0.983,43,40,3,92.0,0,0,5.0,20.5,2,0
ORG02915,A,Acer TravelMate,29,Male,Customer Support,Support Lead,4,Full-time,18,96.4,5,3,1,87.0,0.948,91,89,7,81.7,3,0,5.0,14.3,0,0
ORG02327,A,MacBook Pro,32,Female,Engineering,Data Scientist,3,Full-time,39,93.0,1,4,0,75.7,0.875,42,37,4,78.1,2,0,4.0,10.9,0,0
ORG05645,D,Dell Latitude,34,Male,Operations,Ops Lead,3,Full-time,33,95.5,0,1,1,86.6,0.829,71,55,6,70.4,0,0,4.0,15.9,0,0
ORG03767,D,Dell Latitude,35,Female,Customer Support,Support Lead,3,Full-time,44,93.8,0,3,0,98.0,0.923,141,119,17,78.7,1,1,4.0,18.5,1,0
ORG03441,D,Dell Latitude,27,Male,Sales,Inside Sales Rep,3,Full-time,45,99.0,1,2,0,85.0,0.92,45,40,2,86.9,0,0,5.0,12.0,0,0
ORG03852,B,HP ProBook,24,Male,Sales,Inside Sales Rep,1,Full-time,57,89.8,4,3,1,57.6,0.745,55,43,7,61.8,1,0,2.0,16.5,0,0
ORG04133,B,Dell Latitude,37,Male,Customer Support,Support Associate,3,Full-time,68,92.3,1,3,1,49.0,0.498,87,70,14,57.2,2,2,2.0,26.4,1,0
ORG05789,B,HP ProBook,23,Female,HR,HR Executive,1,Full-time,81,93.5,2,1,0,67.3,0.721,22,19,1,61.5,1,2,4.0,18.4,1,0
ORG02144,A,Lenovo ThinkPad,28,Female,HR,HR Executive,2,Contract,13,89.5,6,3,0,98.0,0.722,36,29,5,81.2,1,0,4.0,24.9,2,0
ORG05820,D,HP ProBook,22,Female,Customer Support,Support Associate,1,Contract,13,94.3,2,4,0,47.4,0.606,112,69,19,54.9,1,0,2.0,8.0,1,1
ORG05074,D,Dell Latitude,37,Male,Customer Support,Support Associate,3,Full-time,43,91.5,2,1,0,50.8,0.616,137,78,18,54.2,2,0,3.0,11.5,0,1
ORG01572,C,HP ProBook,35,Male,Operations,Ops Lead,4,Full-time,28,98.0,0,0,0,65.1,0.697,65,52,2,65.7,0,0,2.0,21.7,1,0
ORG04080,A,Dell Latitude,24,Male,Customer Support,Support Associate,1,Full-time,38,92.3,2,2,1,52.4,0.513,138,90,20,49.5,2,3,3.0,11.4,0,1
ORG01123,B,Lenovo ThinkPad,32,Male,HR,HR Executive,3,Full-time,46,99.5,0,1,0,70.8,0.722,47,37,0,77.6,0,0,4.0,,0,0
ORG02787,B,Lenovo ThinkPad,30,Female,Operations,Ops Lead,3,Contract,15,95.1,1,2,1,58.9,0.636,62,44,8,53.5,1,2,3.0,11.8,2,0
ORG02968,A,Dell Latitude,35,Male,Sales,Account Manager,2,Full-time,87,96.6,1,1,0,69.7,0.634,58,43,5,67.9,1,1,3.0,13.6,1,0
ORG02505,A,Lenovo ThinkPad,26,Male,Sales,Sales Executive,1,Full-time,114,90.8,3,3,1,54.6,0.465,34,21,4,61.2,6,0,1.0,8.9,1,1
ORG03466,D,Lenovo ThinkPad,29,Female,Finance,Accounts Executive,3,Full-time,37,100.0,0,4,0,37.0,0.558,33,26,1,59.4,1,1,3.0,22.0,0,1
ORG00676,D,HP ProBook,27,Male,Sales,Inside Sales Rep,3,Full-time,45,96.5,3,0,0,54.1,0.726,42,38,3,53.7,2,4,4.0,15.6,1,0
ORG02809,C,Lenovo ThinkPad,30,Male,Engineering,Data Scientist,3,Full-time,53,98.3,1,1,0,85.4,0.749,37,33,3,72.1,4,1,4.0,34.7,1,0
ORG03349,D,Lenovo ThinkPad,25,Female,Finance,Accounts Executive,1,Full-time,89,97.3,1,1,0,67.4,0.702,29,24,2,64.0,2,1,4.0,13.5,1,0
ORG00729,D,HP ProBook,30,Female,Customer Support,Support Lead,2,Full-time,93,89.8,3,2,2,64.2,0.639,135,97,23,61.0,2,0,2.0,34.5,6,1
ORG00413,C,HP ProBook,29,Female,Engineering,Software Engineer,4,Full-time,48,91.0,3,0,0,67.4,1.0,40,36,5,82.9,0,0,5.0,28.0,3,0
ORG03147,A,Acer TravelMate,28,Female,Finance,Accounts Executive,2,Full-time,62,94.9,0,4,0,67.8,0.654,40,33,3,51.0,6,0,3.0,26.4,2,0
ORG01517,A,Dell Latitude,32,Female,Engineering,DevOps Engineer,3,Full-time,12,95.8,0,0,0,57.4,0.596,27,21,3,61.2,4,0,4.0,9.2,1,0
ORG05746,D,Acer TravelMate,32,Female,Engineering,QA Analyst,3,Full-time,41,93.4,2,3,1,87.4,0.788,33,26,4,94.7,0,0,4.0,9.8,0,0
ORG00826,A,Dell Latitude,26,Female,Engineering,Data Scientist,3,Full-time,44,98.7,0,1,0,47.7,0.65,31,25,2,50.7,2,0,3.0,8.7,1,1
ORG03268,A,HP ProBook,27,Other,Finance,Finance Analyst,2,Full-time,81,97.0,2,2,0,45.0,0.605,62,43,6,68.2,1,0,3.0,22.0,0,1
ORG03975,A,HP ProBook,33,Male,Engineering,Data Analyst,3,Full-time,85,94.6,3,2,0,62.1,0.541,44,29,5,55.2,4,0,3.0,33.2,3,0
ORG00617,A,Dell Latitude,26,Male,Finance,Finance Analyst,3,Full-time,5,90.9,4,2,4,62.6,0.825,60,47,10,77.6,2,0,3.0,10.3,0,0
ORG00115,B,Dell Latitude,29,Male,Engineering,DevOps Engineer,3,Full-time,43,91.8,1,2,0,57.0,0.724,42,34,3,84.5,1,0,4.0,14.9,1,0
ORG00418,B,HP ProBook,31,Male,Finance,Accounts Executive,2,Full-time,97,97.2,0,0,0,61.4,0.69,50,47,1,72.3,0,0,4.0,6.8,1,0
ORG03070,A,Lenovo ThinkPad,35,Male,Customer Support,Support Lead,3,Full-time,57,91.6,3,1,1,64.3,0.923,94,62,18,62.2,2,0,4.0,13.1,1,0
ORG01626,D,Dell Latitude,22,Female,Finance,Finance Analyst,2,Full-time,26,97.8,1,1,0,74.6,0.731,45,35,3,84.6,1,0,4.0,22.8,0,0
ORG02065,A,Acer TravelMate,28,Female,Customer Support,Support Associate,1,Full-time,107,96.1,1,1,1,65.8,0.573,104,80,12,72.1,1,1,3.0,8.4,1,0
ORG04186,C,Dell Latitude,28,Male,HR,HR Executive,3,Full-time,55,91.1,1,5,2,50.6,0.586,47,34,5,59.7,2,0,,37.7,2,0
ORG02897,D,Dell Latitude,33,Female,IT,System Admin,3,Full-time,95,97.5,3,2,1,82.2,0.758,22,19,2,82.5,0,0,3.0,24.7,1,0
ORG06201,C,HP ProBook,28,Male,Customer Support,Support Associate,1,Full-time,84,93.5,4,2,0,63.8,0.709,80,56,9,69.3,3,0,4.0,1.4,0,0
ORG02083,D,Dell Latitude,29,Male,Operations,Ops Associate,1,Full-time,111,92.6,0,2,1,53.8,0.475,63,39,8,56.2,2,2,1.0,6.6,1,0
ORG00754,B,Lenovo ThinkPad,28,Female,Customer Support,Support Associate,3,Contract,14,94.6,0,5,1,70.4,0.549,72,58,8,58.8,1,1,2.0,10.7,1,0
ORG02547,A,Acer TravelMate,30,Male,IT,System Admin,3,Full-time,9,97.7,0,0,0,91.6,0.867,72,65,3,80.9,1,0,4.0,15.5,1,0
ORG03970,A,Dell Latitude,37,Male,Engineering,Software Engineer,3,Full-time,50,91.9,0,3,2,66.8,0.727,34,27,3,,2,0,3.0,21.7,1,1
ORG03374,B,Lenovo ThinkPad,31,Male,Engineering,Data Analyst,4,Full-time,49,97.4,1,1,2,95.8,0.728,46,42,2,80.8,2,0,4.0,19.8,1,0
ORG05727,B,Dell Latitude,21,Female,Operations,Ops Associate,1,Full-time,4,85.7,4,1,1,41.7,0.302,77,41,14,49.2,2,1,1.0,9.3,0,1
ORG04108,D,MacBook Pro,32,Female,Finance,Finance Analyst,4,Full-time,37,98.1,1,2,2,80.6,0.794,55,49,4,79.7,2,0,4.0,30.3,5,0
ORG02445,B,HP ProBook,27,Male,Customer Support,Support Lead,3,Contract,10,91.0,2,4,0,38.5,0.319,124,80,17,38.2,4,2,1.0,29.2,4,1
ORG04381,A,Lenovo ThinkPad,25,Female,Customer Support,Support Associate,2,Full-time,18,100.0,3,2,0,36.2,0.529,80,56,4,57.0,2,2,2.0,5.5,0,1
ORG01067,A,Dell Latitude,24,Female,Sales,Inside Sales Rep,1,Full-time,25,100.0,0,0,0,63.5,0.865,48,44,0,74.6,2,0,5.0,19.4,4,0
ORG03914,C,Acer TravelMate,26,Male,Sales,Account Manager,2,Full-time,41,96.1,4,1,0,63.5,0.819,70,59,7,76.3,0,1,4.0,6.2,1,0
ORG05288,B,HP ProBook,30,Male,Customer Support,Support Associate,3,Full-time,69,95.9,0,1,0,58.5,0.458,140,113,10,56.8,5,0,3.0,9.1,1,1
ORG05537,A,Dell Latitude,25,Male,Sales,Inside Sales Rep,1,Full-time,87,89.2,3,3,1,64.7,0.448,71,56,7,80.4,2,0,4.0,14.1,0,0
ORG05388,C,HP ProBook,37,Male,Engineering,DevOps Engineer,4,Full-time,112,94.4,0,2,0,54.7,0.506,43,33,5,46.1,1,5,2.0,13.1,2,1
ORG05733,D,HP ProBook,24,Male,Operations,Ops Lead,2,Contract,4,93.1,3,5,0,69.6,0.707,100,80,11,60.6,4,2,2.0,21.4,0,0
ORG03499,B,HP ProBook,38,Female,Sales,Account Manager,4,Full-time,56,92.1,2,3,1,82.7,0.86,42,35,5,85.2,1,1,5.0,14.2,1,0
ORG02739,B,Dell Latitude,32,Male,Finance,Accounts Executive,3,Full-time,22,94.2,1,3,0,82.7,0.804,47,39,5,72.8,1,0,3.0,33.6,2,0
ORG05053,B,Lenovo ThinkPad,24,Male,Customer Support,Support Associate,1,Contract,4,92.9,1,0,0,61.1,0.876,132,110,15,64.1,3,0,4.0,2.7,0,0
ORG04001,A,Dell Latitude,25,Female,Finance,Accounts Executive,1,Full-time,51,97.0,0,0,0,64.9,0.75,20,18,1,80.7,1,1,4.0,12.2,1,0
ORG01569,D,HP ProBook,31,Female,Customer Support,Support Lead,4,Full-time,96,98.0,1,0,0,87.1,0.637,101,95,5,76.9,2,1,4.0,14.1,0,0
ORG02428,D,Lenovo ThinkPad,31,Female,Operations,Ops Lead,2,Full-time,73,99.3,0,0,0,62.4,0.909,101,88,2,63.7,0,1,5.0,27.0,2,0
ORG03747,B,HP ProBook,33,Male,Sales,Sales Executive,3,Full-time,112,97.1,0,1,0,56.3,0.631,80,68,7,72.9,0,0,4.0,11.4,1,0
ORG05851,C,Acer TravelMate,31,Male,IT,IT Support,3,Full-time,46,95.1,1,0,0,55.5,0.475,73,56,6,58.1,1,0,3.0,37.6,1,0
ORG01688,D,Dell Latitude,32,Male,Customer Support,Support Associate,2,Full-time,116,94.3,1,1,0,86.4,0.684,98,84,17,70.9,0,2,4.0,7.3,0,0
ORG00852,A,Dell Latitude,41,Female,Engineering,Data Scientist,4,Full-time,84,95.7,2,4,2,81.9,0.821,29,21,2,65.3,1,0,4.0,16.0,7,0
ORG03547,D,Dell Latitude,29,Female,Customer Support,Support Associate,3,Full-time,29,94.5,1,0,0,83.7,0.767,91,84,7,84.0,1,0,5.0,31.2,1,0
ORG00896,D,Lenovo ThinkPad,26,Female,Marketing,Content Specialist,1,Full-time,99,100.0,0,0,0,82.2,0.396,59,41,4,74.3,1,0,2.0,11.7,3,0
ORG04593,D,MacBook Pro,34,Male,Finance,Accounts Executive,3,Full-time,60,94.5,1,0,0,76.8,0.789,21,19,2,72.3,4,0,3.0,10.1,0,0
ORG00336,D,Dell Latitude,21,Male,Operations,Ops Associate,1,Full-time,17,97.5,0,1,0,80.5,0.875,100,96,7,81.1,2,1,4.0,2.8,0,0
ORG02840,D,Dell Latitude,38,Female,Engineering,QA Analyst,4,Full-time,73,91.6,0,1,0,67.8,0.692,37,31,3,71.2,2,0,4.0,22.3,1,0
ORG03088,A,MacBook Pro,27,Female,Customer Support,Support Associate,2,Full-time,111,93.9,1,1,1,67.2,0.665,85,58,16,78.4,0,0,3.0,9.6,3,0
ORG04612,A,Acer TravelMate,25,Female,Sales,Account Manager,2,Full-time,43,93.9,2,3,0,72.3,0.851,63,46,9,70.3,1,1,3.0,10.7,1,0
ORG01349,D,HP ProBook,27,Female,Customer Support,Support Associate,2,Full-time,27,96.3,1,2,0,52.2,0.768,99,73,11,67.7,4,1,4.0,36.8,0,1
ORG01016,D,HP ProBook,35,Male,Engineering,QA Analyst,4,Full-time,57,95.7,3,1,1,27.3,0.561,44,32,3,30.0,7,0,2.0,44.2,2,1
ORG02817,A,Lenovo ThinkPad,31,Female,Sales,Inside Sales Rep,2,Full-time,52,96.0,0,2,0,72.8,0.648,40,31,4,62.0,0,0,3.0,11.3,1,0
ORG01632,C,Dell Latitude,30,Male,Marketing,Performance Marketer,3,Contract,8,99.6,0,0,0,66.9,0.651,27,22,0,78.1,0,0,4.0,30.2,1,0
ORG02490,A,HP ProBook,29,Female,Operations,Ops Associate,1,Full-time,7,97.6,0,1,0,70.4,0.773,55,50,3,77.1,3,1,5.0,19.1,2,0
ORG03731,B,HP ProBook,32,Female,Marketing,Performance Marketer,2,Full-time,89,97.0,1,2,0,58.0,0.58,49,37,5,58.7,2,1,3.0,26.5,2,0
ORG03252,A,HP ProBook,22,Male,Customer Support,Support Associate,1,Full-time,90,93.2,1,1,0,67.1,0.726,102,88,14,67.3,2,1,3.0,5.1,3,0
ORG05845,A,HP ProBook,27,Male,Customer Support,Support Associate,1,Full-time,83,99.5,1,2,0,63.3,0.503,102,84,8,59.1,5,0,2.0,5.2,0,1
ORG02071,B,Lenovo ThinkPad,29,Female,HR,HR Executive,1,Full-time,42,96.4,1,1,0,44.9,0.666,38,31,3,66.8,1,1,3.0,9.8,2,1
ORG04453,C,HP ProBook,25,Male,Operations,Ops Associate,2,Full-time,70,97.4,1,0,1,58.9,0.626,52,37,7,82.2,1,0,3.0,10.5,2,0
ORG06164,A,MacBook Pro,22,Male,Operations,Ops Associate,1,Full-time,39,93.1,2,0,0,62.1,0.617,95,70,13,50.9,1,1,3.0,28.2,2,1
ORG05409,B,Lenovo ThinkPad,25,Male,Sales,Inside Sales Rep,1,Full-time,74,93.3,3,1,1,61.7,0.667,71,57,8,60.4,0,3,3.0,14.1,0,0
ORG01636,B,Dell Latitude,37,Male,Customer Support,Support Associate,3,Full-time,58,98.8,0,1,0,98.0,0.9,66,64,2,96.4,0,0,5.0,8.5,1,0
ORG04647,B,Acer TravelMate,34,Female,Marketing,Marketing Executive,3,Full-time,66,96.5,1,1,0,64.9,0.62,33,25,2,66.8,4,1,3.0,38.4,3,0
ORG02480,B,Dell Latitude,27,Male,IT,System Admin,2,Contract,4,94.4,1,3,1,79.8,0.721,25,20,2,69.5,2,0,4.0,19.3,0,0
ORG02266,C,Lenovo ThinkPad,31,Male,Engineering,QA Analyst,2,Full-time,85,100.0,0,0,2,64.0,0.643,50,47,0,71.4,2,0,5.0,4.6,0,0
ORG02960,C,Dell Latitude,34,Male,Marketing,Performance Marketer,4,Full-time,27,98.4,0,0,0,59.9,0.678,48,43,0,80.2,1,0,5.0,,1,0
ORG05324,D,Acer TravelMate,33,Female,Engineering,DevOps Engineer,4,Full-time,56,95.2,5,0,0,69.1,0.697,34,27,1,63.3,1,0,4.0,13.4,1,0
ORG05967,A,Lenovo ThinkPad,30,Female,Finance,Finance Analyst,2,Full-time,53,96.1,2,1,1,78.6,0.747,28,25,2,69.2,3,0,4.0,8.8,1,0
ORG03060,D,HP ProBook,23,Female,Sales,Inside Sales Rep,1,Full-time,112,99.0,0,0,0,54.4,0.531,38,26,2,61.4,3,0,3.0,7.0,0,0
ORG05054,C,Dell Latitude,39,Female,Engineering,Data Scientist,5,Full-time,103,94.6,2,4,0,78.0,0.705,60,51,6,79.4,2,0,3.0,17.0,1,0
ORG02142,D,Lenovo ThinkPad,29,Female,Customer Support,Support Associate,2,Full-time,111,100.0,0,1,0,66.1,0.636,80,65,9,79.0,1,0,3.0,35.4,1,0
ORG05105,A,Acer TravelMate,27,Female,HR,HR Executive,3,Full-time,38,91.7,2,3,2,74.1,0.625,51,42,7,79.8,2,0,4.0,11.2,0,1
ORG03119,A,Dell Latitude,27,Female,Sales,Sales Executive,3,Full-time,92,100.0,0,0,0,,0.742,82,67,4,64.5,2,1,3.0,13.5,0,0
ORG05189,B,MacBook Pro,21,Male,Marketing,Content Specialist,1,Contract,13,93.6,2,3,2,48.3,0.505,36,28,3,69.4,1,0,2.0,0.8,0,1
ORG05959,B,Lenovo ThinkPad,25,Female,Operations,Process Analyst,3,Full-time,20,98.6,0,1,0,51.1,0.751,65,56,1,68.6,1,0,4.0,23.0,2,0
ORG04046,B,Acer TravelMate,29,Male,Sales,Inside Sales Rep,2,Full-time,17,90.2,4,3,2,67.4,0.669,48,32,6,75.4,2,1,3.0,29.6,4,0
ORG03357,C,Lenovo ThinkPad,29,Male,Operations,Process Analyst,3,Full-time,86,97.0,0,0,0,76.1,0.925,79,69,4,70.0,1,0,4.0,17.9,4,0
ORG02745,C,Dell Latitude,28,Male,Sales,Sales Executive,2,Full-time,8,94.7,2,3,0,61.0,0.823,57,40,6,65.9,1,0,3.0,29.2,0,1
ORG05093,A,HP ProBook,24,Female,Sales,Sales Executive,1,Full-time,14,91.7,0,5,0,77.9,0.711,72,55,10,86.4,0,0,2.0,25.9,2,0
ORG03507,A,HP ProBook,25,Male,Customer Support,Support Associate,1,Full-time,40,88.1,2,2,2,49.0,0.696,112,74,19,66.6,1,0,2.0,24.5,2,1
ORG01680,D,HP ProBook,31,Female,Customer Support,Support Lead,4,Full-time,103,97.4,0,1,0,41.2,0.458,133,90,19,58.2,2,2,2.0,34.4,4,0
ORG04250,B,HP ProBook,23,Male,HR,Talent Acquisition,2,Full-time,47,93.7,0,1,0,63.1,0.613,52,39,8,78.1,1,0,2.0,41.4,1,0
ORG03148,A,Dell Latitude,31,Female,Finance,Finance Analyst,3,Full-time,59,99.9,0,0,0,75.5,0.713,62,57,2,76.1,1,0,4.0,13.7,1,0
ORG02295,D,Dell Latitude,21,Female,Sales,Inside Sales Rep,1,Full-time,34,92.8,1,2,0,76.1,0.512,51,37,8,57.0,1,4,3.0,26.9,3,0
ORG00581,B,Lenovo ThinkPad,31,Female,Customer Support,Support Associate,3,Contract,9,94.9,1,1,0,49.2,0.396,130,115,15,69.2,1,1,2.0,3.7,0,1
ORG01471,D,HP ProBook,28,Male,Marketing,Content Specialist,3,Contract,12,97.5,0,0,0,55.9,0.458,55,45,1,54.9,1,1,2.0,7.5,1,0
ORG04800,A,Dell Latitude,35,Male,Finance,Finance Analyst,4,Full-time,58,93.4,0,3,0,94.3,0.81,43,36,5,84.9,0,0,4.0,31.6,3,0
ORG04071,A,HP ProBook,38,Female,Sales,Account Manager,4,Full-time,112,89.7,2,0,1,57.3,0.78,52,35,6,63.2,3,1,3.0,12.0,2,0
ORG05309,A,HP ProBook,24,Female,Engineering,Data Analyst,2,Full-time,65,92.7,3,2,1,45.2,0.398,41,26,5,58.0,1,0,2.0,18.5,0,1
ORG03344,C,Dell Latitude,24,Male,Engineering,Data Analyst,3,Full-time,60,99.5,0,0,0,76.7,0.848,52,50,1,74.6,2,0,4.0,8.8,0,0
ORG04993,B,Dell Latitude,25,Male,Finance,Accounts Executive,2,Full-time,112,91.9,2,1,2,39.8,0.667,55,39,8,58.8,0,1,2.0,22.1,0,0
ORG04584,C,HP ProBook,21,Male,IT,IT Support,1,Contract,2,92.6,4,1,1,65.1,0.696,54,36,9,56.6,4,2,3.0,29.1,0,0
ORG03673,A,HP ProBook,22,Female,Sales,Inside Sales Rep,1,Full-time,105,92.6,1,1,1,87.8,0.869,52,43,4,74.3,2,4,4.0,25.5,1,0
ORG00560,D,HP ProBook,26,Male,Customer Support,Support Associate,3,Contract,15,100.0,1,0,0,69.5,0.771,125,109,13,74.6,1,1,4.0,14.1,1,0
ORG05238,A,Lenovo ThinkPad,32,Male,Engineering,Software Engineer,2,Full-time,57,95.7,1,3,0,73.7,0.71,22,19,2,74.5,0,0,4.0,16.8,1,0
ORG05216,B,HP ProBook,24,Male,Customer Support,Support Lead,2,Contract,13,91.4,2,2,0,62.6,0.792,100,71,13,53.7,3,2,4.0,13.8,0,1
ORG02850,B,Lenovo ThinkPad,26,Female,Sales,Sales Executive,1,Full-time,115,97.1,3,2,0,78.0,0.754,70,60,5,63.4,0,3,3.0,12.6,2,0
ORG00513,A,Acer TravelMate,37,Male,Engineering,Data Scientist,4,Full-time,113,96.8,0,0,0,73.7,0.843,46,45,1,82.6,3,0,5.0,23.2,2,0
ORG04730,A,MacBook Pro,31,Male,Customer Support,Support Lead,2,Full-time,102,100.0,0,0,0,73.4,0.618,98,91,8,63.2,3,2,4.0,15.7,1,0
ORG01082,A,HP ProBook,27,Male,Marketing,Performance Marketer,2,Full-time,26,90.8,4,1,0,56.6,0.782,57,44,7,68.5,2,1,3.0,18.7,2,0
ORG01665,D,Dell Latitude,34,Female,Marketing,Performance Marketer,2,Full-time,55,92.3,3,1,1,66.7,0.879,46,37,7,80.9,2,1,4.0,7.6,0,0
ORG01013,B,Lenovo ThinkPad,24,Male,Customer Support,Support Associate,1,Full-time,40,90.3,6,2,0,44.3,0.465,122,77,27,60.7,0,1,1.0,23.5,1,1
ORG01932,D,Dell Latitude,27,Male,Operations,Ops Lead,2,Full-time,61,92.2,2,5,1,55.4,0.423,86,59,10,39.2,3,3,2.0,6.9,1,1
ORG01151,D,Dell Latitude,27,Male,Engineering,Software Engineer,3,Full-time,102,96.1,1,1,1,59.9,0.559,34,30,1,73.1,0,0,3.0,11.1,0,0
ORG02839,B,MacBook Pro,34,Male,Sales,Account Manager,3,Full-time,55,92.9,2,1,1,85.1,0.861,64,59,6,92.4,0,1,5.0,13.3,2,0
ORG00117,C,Lenovo ThinkPad,26,Female,Finance,Accounts Executive,2,Full-time,114,97.9,5,0,1,65.1,0.76,29,26,1,67.7,1,0,3.0,17.1,2,0
ORG00741,D,Acer TravelMate,36,Male,Engineering,QA Analyst,4,Full-time,42,100.0,0,0,0,68.0,0.609,42,37,0,65.7,1,0,4.0,21.6,1,0
ORG06062,A,Dell Latitude,25,Male,Customer Support,Support Associate,1,Contract,14,98.4,0,0,0,33.2,0.488,123,96,5,49.3,2,2,3.0,17.0,0,0
ORG05178,A,Dell Latitude,29,Female,Engineering,Data Analyst,4,Full-time,44,92.2,0,1,0,67.0,0.726,47,38,6,72.4,0,1,3.0,27.2,2,0
ORG03676,A,Dell Latitude,28,Male,Marketing,Marketing Executive,2,Full-time,29,93.2,2,1,3,56.9,0.527,45,30,6,57.2,1,2,3.0,10.9,1,0
ORG00831,B,Lenovo ThinkPad,29,Male,Operations,Process Analyst,4,Full-time,103,93.7,1,3,0,59.5,0.737,111,95,10,82.6,0,1,4.0,31.4,1,1
ORG00120,C,HP ProBook,31,Female,Operations,Process Analyst,3,Full-time,60,93.1,0,2,1,61.8,0.672,78,63,9,64.4,2,1,3.0,10.3,0,0
ORG04753,A,Dell Latitude,29,Female,Sales,Inside Sales Rep,2,Full-time,23,98.8,0,1,0,53.3,0.663,44,36,1,65.0,3,0,4.0,39.6,2,0
ORG06027,C,Lenovo ThinkPad,25,Male,Engineering,DevOps Engineer,3,Full-time,14,88.6,1,4,1,57.0,0.666,55,39,9,75.6,0,0,3.0,13.5,0,0
ORG05977,D,Lenovo ThinkPad,31,Male,Finance,Accounts Executive,2,Full-time,102,100.0,0,0,0,83.6,0.887,65,63,0,90.4,2,0,5.0,13.5,1,0
ORG06240,A,Lenovo ThinkPad,32,Female,Operations,Ops Associate,2,Contract,10,90.3,4,2,1,75.0,0.99,63,55,8,76.1,4,0,5.0,14.5,0,0
ORG00636,A,HP ProBook,27,Male,Engineering,Data Analyst,3,Full-time,57,88.2,1,3,0,60.1,0.513,51,34,8,76.4,2,1,2.0,15.9,2,0
ORG04466,B,HP ProBook,29,Male,Engineering,QA Analyst,3,Full-time,80,96.5,3,4,0,53.3,0.515,31,21,2,37.7,4,1,3.0,21.3,2,0
ORG04365,C,MacBook Pro,35,Female,Finance,Accounts Executive,3,Full-time,28,91.2,2,1,0,73.1,0.587,40,33,4,74.0,1,1,3.0,35.8,0,0
ORG04143,A,Dell Latitude,29,Female,Engineering,Software Engineer,3,Full-time,73,90.1,1,0,0,83.9,0.746,58,48,8,93.7,1,0,4.0,18.5,2,0
ORG00992,A,Lenovo ThinkPad,26,Female,Finance,Accounts Executive,2,Full-time,62,93.9,0,2,0,71.1,0.685,21,17,2,65.9,3,0,3.0,5.1,0,0
ORG00877,A,Acer TravelMate,36,Female,Sales,Account Manager,4,Full-time,111,100.0,0,0,0,71.6,0.739,46,39,1,71.1,3,2,4.0,15.5,1,0
ORG04870,C,HP ProBook,23,Female,Operations,Ops Associate,1,Full-time,110,96.9,6,0,1,62.8,0.817,52,39,8,50.8,1,1,3.0,13.2,1,0
ORG05316,C,Lenovo ThinkPad,22,Female,Sales,Sales Executive,1,Full-time,41,99.6,2,0,1,64.6,0.737,40,34,3,71.6,0,1,3.0,15.6,1,0
ORG05223,B,Dell Latitude,26,Male,Engineering,Data Analyst,3,Full-time,8,97.7,2,2,0,92.3,1.0,55,48,5,87.6,0,0,5.0,13.5,1,0
ORG00005,C,Dell Latitude,31,Female,Engineering,QA Analyst,4,Full-time,31,96.3,0,1,0,86.3,0.943,48,45,4,98.9,0,0,5.0,22.2,1,0
ORG03052,B,Acer TravelMate,38,Female,Engineering,Data Analyst,4,Full-time,46,92.3,1,1,0,93.0,0.989,46,41,5,80.8,3,0,5.0,20.4,2,0
ORG05692,C,HP ProBook,32,Male,Engineering,Data Analyst,4,Full-time,26,94.0,2,0,1,53.4,0.638,21,18,1,64.0,2,0,4.0,19.6,2,0
ORG03125,C,Dell Latitude,32,Female,Engineering,DevOps Engineer,4,Full-time,79,97.1,0,1,0,70.8,0.659,53,42,5,74.9,2,0,4.0,30.8,1,0
ORG02661,C,MacBook Pro,28,Female,HR,HR Executive,1,Full-time,92,100.0,0,0,1,54.2,0.525,45,33,1,44.9,4,1,2.0,16.3,1,0
ORG02492,C,Lenovo ThinkPad,28,Female,Customer Support,Support Lead,2,Full-time,18,96.6,2,1,0,65.2,0.948,95,76,9,75.9,0,1,5.0,12.5,1,0
ORG05174,A,HP ProBook,31,Female,Engineering,Data Scientist,3,Contract,4,91.6,1,2,1,84.9,0.874,27,23,2,71.9,0,1,5.0,5.7,0,0
ORG03855,B,Dell Latitude,36,Male,Operations,Ops Lead,4,Full-time,35,99.3,2,1,0,69.7,0.604,113,88,14,67.8,3,1,4.0,15.7,3,0
ORG04934,A,Dell Latitude,28,Male,Sales,Sales Executive,3,Full-time,20,97.5,0,1,0,66.9,0.586,76,64,5,75.7,0,1,4.0,9.4,0,0
ORG04778,B,Lenovo ThinkPad,34,Other,Engineering,QA Analyst,4,Full-time,97,92.9,3,3,0,98.0,1.0,42,40,5,99.0,0,0,5.0,15.0,1,0
ORG01716,A,Lenovo ThinkPad,21,Female,Finance,Finance Analyst,2,Contract,13,97.4,1,1,1,69.2,0.705,23,17,2,65.5,3,0,4.0,2.6,0,1
ORG01149,B,HP ProBook,28,Male,Customer Support,Support Lead,2,Full-time,35,99.0,0,0,0,57.8,0.641,113,104,9,61.4,4,1,3.0,24.7,2,0
ORG03262,B,Dell Latitude,36,Male,Operations,Ops Associate,3,Full-time,72,100.0,0,1,0,73.9,0.745,60,53,1,60.3,3,1,4.0,7.9,0,0
ORG00575,D,HP ProBook,22,Male,HR,HR Executive,3,Contract,7,99.3,1,0,1,77.7,0.6,61,48,2,76.4,1,0,3.0,6.4,2,0
ORG03770,B,HP ProBook,25,Male,Operations,Process Analyst,2,Full-time,34,90.6,3,1,1,25.0,0.319,62,37,11,45.3,7,3,1.0,13.8,1,1
ORG03737,A,HP ProBook,25,Female,Sales,Sales Executive,1,Full-time,104,93.2,1,3,1,43.1,0.419,49,39,4,52.9,3,0,2.0,12.4,1,1
ORG04147,A,HP ProBook,22,Male,Engineering,Data Analyst,2,Full-time,35,97.5,0,1,0,67.9,0.704,45,34,3,70.5,2,0,4.0,9.3,1,0
ORG00854,A,Dell Latitude,29,Male,Marketing,Content Specialist,2,Full-time,117,93.2,3,2,1,86.5,0.904,20,14,3,74.7,1,1,3.0,14.3,0,0
ORG01983,C,HP ProBook,23,Male,HR,HR Executive,1,Full-time,48,93.9,2,3,1,48.4,0.591,34,26,5,67.9,2,0,2.0,28.5,2,0
ORG02775,B,MacBook Pro,37,Female,Finance,Accounts Executive,3,Full-time,17,95.2,1,1,0,58.4,0.642,70,59,4,57.0,1,2,4.0,12.6,0,0
ORG04930,A,HP ProBook,21,Female,Sales,Account Manager,2,Contract,8,99.4,2,1,0,25.0,0.356,59,38,6,47.6,2,3,1.0,5.7,3,1
ORG05212,A,MacBook Pro,23,Female,Sales,Account Manager,2,Contract,5,90.3,4,2,0,67.1,0.714,42,27,8,73.8,1,0,4.0,17.7,2,1
ORG01167,D,HP ProBook,30,Female,HR,HR Executive,3,Full-time,78,95.1,2,3,0,65.0,0.667,32,26,2,71.0,3,1,3.0,29.8,4,0
ORG00972,A,Dell Latitude,40,Female,Engineering,Software Engineer,5,Full-time,66,95.9,2,1,0,98.0,1.0,72,66,5,95.3,0,0,5.0,19.0,0,0
ORG02702,D,Dell Latitude,37,Male,Customer Support,Support Associate,3,Full-time,65,96.1,4,2,0,86.4,0.845,133,117,16,89.7,0,1,4.0,9.2,1,0
ORG04496,B,MacBook Pro,25,Male,Sales,Sales Executive,2,Full-time,75,95.2,2,1,0,71.9,0.696,42,32,3,61.4,1,1,3.0,35.9,3,0
ORG03848,C,HP ProBook,27,Female,Finance,Finance Analyst,4,Full-time,33,93.4,2,1,0,70.5,0.591,56,43,6,69.2,3,0,3.0,18.0,1,0
ORG02369,B,Dell Latitude,21,Male,Sales,Sales Executive,2,Full-time,6,100.0,1,0,0,65.1,0.606,57,45,4,77.9,1,1,4.0,12.8,3,0
ORG04116,B,MacBook Pro,23,Female,Sales,Sales Executive,2,Full-time,9,93.9,3,2,1,64.4,0.521,58,43,7,77.9,3,1,2.0,16.5,0,1
ORG04781,A,Lenovo ThinkPad,25,Male,Sales,Sales Executive,2,Full-time,48,94.6,2,0,0,81.7,0.661,68,56,8,68.5,2,5,4.0,8.5,1,0
ORG04132,D,Lenovo ThinkPad,27,Male,Operations,Ops Associate,3,Full-time,62,93.1,0,3,2,98.0,0.766,73,61,5,83.8,0,0,4.0,39.6,2,0
ORG02951,B,Acer TravelMate,42,Female,Engineering,Data Scientist,5,Full-time,103,94.9,3,0,0,83.4,0.898,22,19,2,87.5,0,0,4.0,39.5,1,0
ORG05626,B,HP ProBook,35,Male,Operations,Process Analyst,4,Full-time,66,93.5,1,1,1,72.8,0.908,64,49,6,79.2,1,0,5.0,10.5,1,0
ORG00525,B,HP ProBook,30,Female,Engineering,Software Engineer,2,Full-time,48,93.3,1,2,1,44.9,0.667,30,21,3,55.6,1,1,3.0,11.3,1,1
ORG02456,C,HP ProBook,26,Male,Customer Support,Support Associate,2,Full-time,24,93.0,1,2,0,62.7,0.868,66,55,6,83.8,1,2,4.0,8.5,0,0
ORG05017,B,Dell Latitude,22,Male,Customer Support,Support Associate,1,Full-time,25,92.8,2,2,2,71.2,0.582,129,98,23,66.2,0,2,2.0,32.8,0,1
ORG01842,A,HP ProBook,28,Male,Operations,Ops Lead,2,Full-time,23,96.1,0,1,0,57.9,0.678,82,62,11,54.8,8,2,4.0,55.5,3,0
ORG00538,D,Acer TravelMate,39,Female,Engineering,QA Analyst,4,Full-time,93,97.0,2,2,0,91.1,0.923,57,51,4,80.7,0,0,5.0,14.4,1,0
ORG02807,B,Lenovo ThinkPad,31,Male,Sales,Account Manager,3,Full-time,59,96.5,0,0,1,81.4,0.801,72,59,4,58.9,2,1,4.0,12.4,0,0
ORG05802,C,Lenovo ThinkPad,25,Female,Operations,Ops Lead,2,Full-time,29,93.3,1,3,1,69.1,0.778,91,74,14,77.9,1,0,3.0,12.0,2,0
ORG05597,D,HP ProBook,24,Male,Marketing,Content Specialist,1,Full-time,69,99.3,2,1,0,73.8,0.791,20,17,1,61.7,3,1,4.0,7.5,1,0
ORG04342,C,HP ProBook,29,Male,Engineering,Data Scientist,3,Full-time,66,95.8,1,1,0,65.9,0.737,34,27,2,72.5,2,1,3.0,29.9,1,0
ORG03176,D,HP ProBook,41,Female,Engineering,Data Analyst,4,Full-time,62,92.8,4,4,0,83.3,0.693,48,42,3,69.9,1,0,4.0,11.0,2,0
ORG00785,C,Lenovo ThinkPad,27,Male,IT,System Admin,3,Full-time,78,90.9,1,5,1,49.9,0.43,37,30,5,76.3,4,1,1.0,22.8,1,0
ORG04058,B,Dell Latitude,29,Female,IT,System Admin,2,Full-time,94,100.0,0,0,0,89.1,0.781,58,56,2,75.8,2,0,5.0,23.0,0,0
ORG01410,D,Dell Latitude,37,Female,Finance,Finance Analyst,4,Full-time,68,91.4,1,1,0,74.0,0.834,78,60,11,62.9,5,0,3.0,15.7,0,0
ORG02538,D,Dell Latitude,24,Female,Sales,Account Manager,2,Contract,6,98.8,0,0,0,52.1,0.58,54,40,3,57.2,2,3,2.0,15.3,1,0
ORG00155,A,HP ProBook,28,Female,Engineering,Software Engineer,2,Full-time,42,100.0,0,0,0,68.3,0.601,31,24,1,58.0,1,0,3.0,6.2,0,1
ORG03010,D,HP ProBook,22,Male,Finance,Accounts Executive,1,Contract,15,92.5,1,0,0,72.1,1.0,20,15,1,74.4,0,0,4.0,0.0,0,0
ORG01687,B,Lenovo ThinkPad,40,Female,Customer Support,Support Lead,4,Full-time,92,92.3,2,1,1,67.2,0.633,133,82,24,58.0,0,2,2.0,31.7,0,1
ORG02902,C,HP ProBook,27,Male,Marketing,Marketing Executive,2,Full-time,79,86.9,4,5,0,64.4,0.457,45,29,8,67.5,2,0,1.0,19.1,1,1
ORG03081,D,HP ProBook,28,Male,Sales,Sales Executive,3,Contract,1,85.6,3,4,1,30.4,0.755,56,30,10,45.5,8,5,2.0,14.1,2,1
ORG04722,B,Lenovo ThinkPad,21,Male,Customer Support,Support Lead,2,Full-time,88,91.6,1,2,0,59.5,0.607,127,110,16,67.6,2,5,2.0,19.6,1,1
ORG03864,A,HP ProBook,27,Male,Sales,Inside Sales Rep,1,Full-time,106,94.2,3,1,0,75.9,0.764,47,41,3,87.6,0,1,5.0,19.6,0,0
ORG02734,D,Lenovo ThinkPad,28,Male,Sales,Inside Sales Rep,1,Contract,10,93.6,3,2,1,70.6,0.632,70,51,10,64.2,4,1,3.0,1.5,1,1
ORG01896,B,Lenovo ThinkPad,27,Female,Engineering,Software Engineer,2,Full-time,34,93.9,2,3,1,81.3,0.75,31,23,3,81.9,1,0,2.0,23.3,0,0
ORG05443,A,Dell Latitude,28,Male,HR,Talent Acquisition,2,Full-time,110,99.6,0,1,0,80.0,0.584,47,37,6,80.5,0,0,4.0,17.4,0,0
ORG00570,A,Dell Latitude,27,Male,Customer Support,Support Associate,2,Contract,16,100.0,0,0,0,98.0,0.723,105,102,1,77.2,1,1,4.0,16.9,0,0
ORG05855,B,MacBook Pro,30,Female,Engineering,QA Analyst,2,Contract,17,89.6,3,1,0,41.3,0.555,54,38,8,74.0,0,3,2.0,24.6,1,1
ORG01817,C,Lenovo ThinkPad,31,Female,Finance,Finance Analyst,3,Full-time,55,91.9,1,1,1,48.9,0.388,49,31,5,50.0,3,0,1.0,20.1,1,1
ORG02066,B,Lenovo ThinkPad,31,Male,Marketing,Marketing Executive,2,Full-time,57,93.9,2,5,0,54.0,0.635,59,38,5,56.0,3,2,2.0,17.1,1,1
ORG00128,C,Lenovo ThinkPad,30,Male,Engineering,Data Analyst,3,Full-time,37,93.4,1,0,0,56.8,0.643,30,20,2,47.2,4,3,3.0,13.6,0,1
ORG03395,B,Acer TravelMate,31,Male,Finance,Accounts Executive,3,Full-time,71,98.2,1,0,0,44.4,0.7,57,45,3,78.2,2,0,3.0,14.0,3,1
ORG03328,B,Dell Latitude,23,Female,HR,Talent Acquisition,2,Full-time,35,97.1,0,0,0,71.4,0.581,20,16,2,72.4,1,0,3.0,9.9,2,0
ORG04762,B,MacBook Pro,32,Female,Customer Support,Support Lead,2,Full-time,74,92.6,0,4,0,67.1,0.798,71,53,14,86.0,2,0,3.0,35.7,1,0
ORG02976,D,Lenovo ThinkPad,33,Male,HR,HR Executive,2,Full-time,102,94.3,0,2,0,71.7,0.632,32,24,2,55.1,5,0,2.0,6.5,1,0
ORG00981,A,Dell Latitude,35,Male,IT,System Admin,4,Full-time,97,90.1,0,3,1,44.2,0.253,50,28,6,49.0,2,0,1.0,16.7,0,1
ORG02301,D,Dell Latitude,39,Female,IT,System Admin,4,Full-time,99,92.5,0,0,0,61.5,0.769,47,33,4,60.9,4,1,3.0,12.4,1,1
ORG00191,B,Lenovo ThinkPad,26,Female,Marketing,Content Specialist,3,Full-time,67,92.9,1,3,0,73.6,0.914,32,27,2,79.2,2,0,3.0,13.4,1,0
ORG01140,C,Lenovo ThinkPad,34,Male,Operations,Process Analyst,4,Full-time,54,97.3,0,3,0,59.7,0.522,73,58,5,63.7,2,1,4.0,10.2,3,0
ORG05089,C,MacBook Pro,32,Female,Marketing,Performance Marketer,3,Full-time,60,91.9,0,6,0,43.7,0.504,51,36,6,57.9,4,1,2.0,14.4,2,1
ORG00700,A,Lenovo ThinkPad,31,Female,Sales,Account Manager,4,Full-time,51,95.6,1,2,0,79.5,0.888,63,54,8,85.4,1,0,5.0,19.5,1,0
ORG06028,D,MacBook Pro,33,Female,Engineering,Data Scientist,3,Full-time,58,94.0,1,0,0,67.6,0.655,21,16,1,69.9,2,1,3.0,11.9,2,0
ORG00607,A,Dell Latitude,21,Male,Marketing,Content Specialist,1,Contract,10,95.9,3,1,0,73.3,0.715,32,26,3,74.7,2,1,3.0,10.2,0,1
ORG04277,B,Lenovo ThinkPad,21,Female,Customer Support,Support Associate,1,Contract,16,87.6,4,5,1,66.3,0.739,66,53,11,57.6,1,3,4.0,11.0,0,0
ORG00302,C,Lenovo ThinkPad,37,Female,Engineering,Data Analyst,4,Full-time,99,96.5,0,3,0,67.6,0.583,28,25,1,77.7,3,0,3.0,28.2,1,0
ORG03421,D,Lenovo ThinkPad,27,Male,Marketing,Content Specialist,1,Full-time,86,99.9,0,0,0,73.1,0.73,32,28,0,78.3,0,0,4.0,13.1,0,0
ORG06077,A,Dell Latitude,25,Female,Operations,Ops Lead,2,Full-time,23,94.2,0,2,0,67.9,0.912,83,74,7,70.9,0,0,4.0,5.4,1,0
ORG01061,B,Lenovo ThinkPad,26,Male,IT,IT Support,1,Full-time,13,100.0,1,0,0,73.8,0.616,18,15,0,59.0,2,1,4.0,24.3,1,0
ORG06130,D,Lenovo ThinkPad,32,Male,Engineering,Data Analyst,4,Full-time,21,94.2,5,1,1,78.3,0.754,48,37,7,71.6,0,0,3.0,9.5,0,0
ORG02566,C,Dell Latitude,26,Male,Sales,Account Manager,2,Full-time,97,99.2,1,1,1,68.8,0.635,67,60,5,70.3,1,1,3.0,12.4,0,0
ORG05354,A,Lenovo ThinkPad,28,Male,Operations,Ops Lead,2,Full-time,44,100.0,1,0,2,80.7,0.95,46,39,4,85.0,1,0,4.0,5.7,0,0
ORG01070,B,Dell Latitude,31,Male,Customer Support,Support Lead,3,Full-time,3,98.0,2,0,0,79.8,0.75,139,111,14,73.2,1,1,4.0,27.0,2,0
ORG02525,B,Acer TravelMate,26,Male,Marketing,Performance Marketer,2,Full-time,63,94.7,0,2,0,60.3,0.59,35,28,2,74.9,0,1,,25.3,2,0
ORG02206,A,Lenovo ThinkPad,27,Male,Operations,Process Analyst,3,Contract,1,92.3,3,3,0,72.2,0.998,100,87,17,88.9,0,0,5.0,10.8,3,0
ORG01244,C,Dell Latitude,35,Male,Engineering,DevOps Engineer,5,Full-time,5,88.8,0,4,1,75.7,0.866,72,57,12,85.2,2,0,5.0,42.5,3,0
ORG00017,A,Dell Latitude,27,Female,Customer Support,Support Associate,3,Contract,11,91.2,1,4,0,57.2,0.737,102,69,17,65.8,0,0,4.0,20.9,0,1
ORG03121,B,MacBook Pro,35,Male,Engineering,DevOps Engineer,5,Contract,7,93.1,1,3,0,71.3,0.814,49,38,9,75.0,3,0,4.0,29.8,2,1
ORG05093,A,HP ProBook,24,Female,Sales,Sales Executive,1,Full-time,14,91.7,0,5,0,77.9,0.711,72,55,10,86.4,0,0,2.0,25.9,2,0
ORG04643,B,Dell Latitude,31,Female,Customer Support,Support Associate,2,Full-time,72,98.1,1,0,1,73.8,0.803,73,59,6,86.1,0,0,5.0,7.7,0,0
ORG04755,B,Acer TravelMate,31,Male,Marketing,Performance Marketer,3,Full-time,57,91.3,4,2,0,91.7,0.821,59,48,7,88.5,0,1,4.0,22.5,3,0
ORG00816,A,HP ProBook,26,Female,Marketing,Marketing Executive,2,Full-time,26,95.0,1,1,1,68.1,0.756,48,32,1,67.7,1,0,4.0,5.0,0,1
ORG03068,C,Dell Latitude,31,Male,Engineering,DevOps Engineer,5,Full-time,6,100.0,0,0,0,74.7,0.664,63,57,5,84.2,2,0,4.0,27.6,1,0
ORG06033,B,HP ProBook,36,Male,Engineering,Software Engineer,5,Full-time,63,95.7,2,3,0,64.4,0.591,28,22,2,69.0,3,0,3.0,18.2,1,0
ORG05601,B,HP ProBook,29,Female,Customer Support,Support Lead,2,Full-time,72,94.3,1,0,0,68.7,0.653,78,69,6,68.1,2,2,3.0,32.0,1,0
ORG00960,A,HP ProBook,28,Male,Customer Support,Support Associate,2,Full-time,57,92.3,0,2,0,68.8,0.512,83,60,14,59.7,1,2,3.0,26.9,3,1
ORG04894,A,HP ProBook,24,Female,Sales,Inside Sales Rep,1,Contract,13,90.6,3,4,0,63.8,0.634,73,54,11,66.2,1,2,2.0,13.6,0,1
ORG00226,B,Lenovo ThinkPad,29,Male,Marketing,Content Specialist,3,Full-time,45,93.1,0,3,0,68.4,0.546,52,42,4,60.5,2,0,2.0,13.2,1,0
ORG03355,A,Lenovo ThinkPad,30,Female,Customer Support,Support Lead,2,Full-time,95,93.8,4,1,0,93.6,0.885,108,93,17,86.2,0,0,5.0,30.1,3,0
ORG05896,D,Dell Latitude,27,Female,Finance,Accounts Executive,1,Full-time,107,97.7,1,0,1,47.1,0.636,61,53,5,62.4,2,0,3.0,10.5,1,0
ORG02486,D,Lenovo ThinkPad,28,Female,Sales,Account Manager,3,Full-time,20,92.7,2,1,1,,0.772,78,71,6,67.5,2,3,4.0,15.7,0,1
ORG00563,A,Dell Latitude,31,Female,HR,HR Executive,2,Full-time,96,93.9,4,1,0,98.0,1.0,59,54,9,86.6,0,0,5.0,23.4,1,0
ORG03437,C,Dell Latitude,36,Female,Sales,Account Manager,4,Full-time,51,100.0,0,2,0,65.1,0.756,62,54,2,74.2,4,3,4.0,15.8,1,0
ORG01694,D,Lenovo ThinkPad,26,Female,Finance,Accounts Executive,2,Full-time,11,93.5,0,0,0,55.8,0.756,31,21,3,76.4,1,1,3.0,12.2,1,1
ORG01046,C,HP ProBook,25,Male,Sales,Inside Sales Rep,1,Full-time,117,100.0,1,1,0,91.6,1.0,41,39,4,97.9,0,0,5.0,10.8,0,0
ORG03447,D,Dell Latitude,29,Female,Operations,Process Analyst,4,Full-time,4,,5,1,0,64.5,0.697,86,54,16,59.9,2,3,2.0,15.8,1,0
ORG04566,C,MacBook Pro,26,Female,Operations,Process Analyst,3,Full-time,38,90.5,6,1,0,50.0,0.6,89,56,11,51.2,1,2,2.0,13.9,2,0
ORG00955,A,MacBook Pro,26,Male,IT,IT Support,2,Full-time,63,100.0,1,0,0,69.7,0.791,38,34,2,72.0,3,2,4.0,11.6,2,0
ORG03886,A,Dell Latitude,30,Male,Engineering,QA Analyst,4,Full-time,62,97.0,0,1,0,55.1,0.574,52,42,2,56.5,1,0,3.0,19.1,2,0
ORG02736,A,Lenovo ThinkPad,27,Male,Customer Support,Support Associate,1,Full-time,81,94.1,1,1,0,61.2,0.596,97,76,10,54.6,5,2,3.0,11.9,0,0
ORG06193,D,Dell Latitude,27,Female,Engineering,QA Analyst,3,Full-time,76,92.7,0,1,0,83.6,1.0,27,20,3,82.6,0,0,5.0,18.9,0,0
ORG04736,D,Lenovo ThinkPad,21,Female,Finance,Accounts Executive,1,Full-time,5,90.5,3,1,2,57.1,0.492,26,18,2,58.0,1,2,2.0,4.7,0,0
ORG06080,A,Acer TravelMate,28,Male,HR,Talent Acquisition,3,Full-time,20,95.4,1,2,0,68.1,0.844,50,35,6,78.3,0,0,3.0,11.3,0,0
ORG01219,A,Lenovo ThinkPad,26,Male,Operations,Ops Lead,2,Contract,3,92.3,1,1,1,67.5,0.771,76,67,7,76.7,2,0,3.0,25.6,3,0
ORG05255,C,Dell Latitude,33,Male,Finance,Accounts Executive,3,Full-time,97,95.9,3,1,0,33.4,0.444,33,17,3,53.8,0,2,2.0,11.6,1,1
ORG05512,C,HP ProBook,28,Male,Customer Support,Support Lead,4,Full-time,90,93.7,0,0,0,68.0,0.893,88,75,8,62.6,3,3,4.0,10.5,2,0
ORG01528,D,Lenovo ThinkPad,33,Male,Customer Support,Support Lead,4,Full-time,83,94.9,2,4,0,90.9,0.967,99,92,9,83.8,0,1,4.0,16.7,2,0
ORG03988,C,Acer TravelMate,30,Female,Customer Support,Support Lead,4,Full-time,11,97.6,1,0,0,69.2,0.725,115,96,7,72.3,1,1,5.0,22.7,4,0
ORG06231,C,HP ProBook,28,Female,Marketing,Marketing Executive,2,Full-time,76,92.9,1,0,0,69.8,0.78,40,31,2,80.0,1,0,4.0,12.0,0,0
ORG01301,C,Lenovo ThinkPad,32,Female,Engineering,Software Engineer,2,Full-time,69,91.1,4,0,1,67.9,0.585,40,31,4,69.0,2,0,3.0,12.1,0,0
ORG06177,D,HP ProBook,28,Female,Finance,Accounts Executive,2,Full-time,5,91.7,3,5,0,66.5,0.672,42,35,7,62.5,4,0,2.0,17.4,1,0
ORG05700,C,Acer TravelMate,31,Male,Engineering,QA Analyst,2,Full-time,4,99.4,1,1,1,61.2,0.609,31,24,2,65.8,3,0,3.0,9.8,0,0
ORG00161,D,MacBook Pro,34,Male,Engineering,DevOps Engineer,5,Full-time,22,95.2,0,2,0,87.2,1.0,48,43,4,86.0,2,0,5.0,19.3,3,0
ORG04068,D,HP ProBook,24,Male,Operations,Process Analyst,3,Full-time,35,91.6,2,5,2,58.9,0.764,69,37,15,56.3,4,2,3.0,13.1,0,1
ORG05801,D,Dell Latitude,31,Male,Customer Support,Support Lead,2,Full-time,119,95.3,2,0,0,71.9,0.862,102,94,10,98.6,0,0,5.0,25.6,0,0
ORG00957,B,Dell Latitude,26,Female,Finance,Accounts Executive,1,Full-time,52,94.8,1,1,0,55.1,0.616,50,33,2,53.0,3,1,2.0,17.9,1,1
ORG03792,A,Acer TravelMate,30,Female,Sales,Account Manager,4,Full-time,37,98.4,0,1,0,80.4,0.707,44,40,0,61.7,4,1,4.0,29.4,2,0
ORG03235,D,Dell Latitude,38,Male,Engineering,Software Engineer,4,Full-time,113,97.4,1,0,0,73.4,0.878,32,25,1,58.9,1,0,5.0,26.6,1,0
ORG02870,C,Lenovo ThinkPad,21,Male,Engineering,QA Analyst,3,Full-time,3,91.3,4,1,0,55.4,0.527,50,28,8,42.9,2,0,1.0,10.7,1,0
ORG03778,B,Lenovo ThinkPad,26,Female,Engineering,Data Scientist,3,Contract,4,89.8,2,2,0,32.8,0.431,23,13,4,52.7,0,0,1.0,22.4,1,1
ORG04434,B,Dell Latitude,27,Female,Sales,Inside Sales Rep,2,Full-time,97,95.4,0,2,1,61.5,0.584,70,52,8,68.1,4,3,2.0,10.7,1,0
ORG04974,A,Acer TravelMate,21,Male,Marketing,Content Specialist,1,Full-time,91,95.3,1,1,0,49.1,0.529,18,15,0,60.4,2,0,3.0,11.8,2,0
ORG02962,A,Dell Latitude,27,Male,IT,IT Support,2,Full-time,72,95.5,1,1,0,84.0,0.881,33,28,3,94.6,0,0,4.0,13.1,0,0
ORG05981,C,MacBook Pro,29,Female,Customer Support,Support Lead,2,Full-time,40,96.0,2,1,0,80.6,0.822,84,72,10,79.8,0,2,3.0,21.5,0,0
ORG02201,C,Lenovo ThinkPad,28,Male,Engineering,Data Analyst,4,Full-time,49,96.4,0,1,0,77.9,0.892,41,36,1,72.2,1,0,4.0,32.8,1,0
ORG00099,B,Lenovo ThinkPad,35,Male,Engineering,Software Engineer,4,Full-time,5,93.5,2,7,0,66.8,0.687,53,40,5,56.8,5,1,4.0,18.6,0,1
ORG06139,C,Dell Latitude,33,Male,Engineering,DevOps Engineer,3,Full-time,84,90.8,3,2,0,73.7,0.521,29,21,2,62.4,2,0,3.0,15.0,1,0
ORG02558,A,HP ProBook,27,Male,Sales,Account Manager,3,Full-time,16,91.5,0,1,0,58.8,0.627,76,62,10,62.5,0,0,3.0,17.8,2,1
ORG03184,A,MacBook Pro,27,Male,Engineering,Data Scientist,4,Full-time,5,94.2,3,1,0,59.4,0.641,32,22,2,54.7,6,0,3.0,26.0,0,1
ORG00254,A,HP ProBook,29,Male,Sales,Account Manager,2,Full-time,88,98.8,1,0,0,85.0,0.988,68,61,0,71.1,1,0,5.0,14.8,0,0
ORG03924,B,HP ProBook,25,Male,Marketing,Content Specialist,1,Full-time,51,100.0,3,1,0,80.5,0.704,32,24,2,76.1,0,0,4.0,16.5,0,0
ORG04200,B,HP ProBook,30,Female,Engineering,Data Scientist,4,Full-time,29,92.7,2,0,0,78.7,0.547,48,38,4,62.1,2,1,3.0,13.7,1,0
ORG01446,D,MacBook Pro,25,Male,Operations,Ops Lead,3,Contract,3,97.4,0,3,1,74.0,0.796,60,45,7,72.1,1,0,3.0,5.8,0,0
ORG05540,C,Dell Latitude,23,Female,Engineering,Data Analyst,3,Contract,12,93.7,3,2,0,70.3,0.815,23,20,0,85.5,0,0,5.0,6.9,0,0
ORG01649,D,Dell Latitude,29,Female,Marketing,Performance Marketer,2,Full-time,70,94.0,0,1,0,38.3,0.52,66,48,5,52.2,3,2,2.0,22.4,2,0
ORG04683,A,Lenovo ThinkPad,35,Female,Finance,Finance Analyst,3,Full-time,50,98.2,0,0,0,85.3,0.829,61,57,5,76.5,1,0,5.0,7.7,0,0
ORG04724,D,HP ProBook,22,Male,Operations,Ops Associate,1,Full-time,3,92.5,1,1,0,59.2,0.566,75,50,7,66.4,2,0,2.0,2.6,1,1
ORG03992,B,HP ProBook,25,Female,Customer Support,Support Associate,3,Contract,16,97.0,1,0,0,57.4,0.568,84,65,8,63.3,2,2,4.0,23.2,0,0
ORG01697,B,HP ProBook,24,Male,Engineering,Data Analyst,2,Full-time,57,99.1,2,1,1,47.8,0.876,48,36,3,62.2,2,0,4.0,26.2,0,0
ORG03192,C,Dell Latitude,22,Male,Engineering,Software Engineer,3,Contract,10,88.7,2,2,1,93.6,0.884,32,27,5,87.3,3,0,4.0,9.8,1,0
ORG04500,D,Dell Latitude,28,Male,Finance,Accounts Executive,3,Full-time,56,93.6,2,0,0,73.1,0.895,25,22,3,82.9,1,0,4.0,15.9,0,0
ORG01155,A,HP ProBook,30,Female,Customer Support,Support Lead,4,Full-time,45,94.2,4,5,0,55.2,0.7,119,80,17,77.1,1,1,3.0,24.4,3,1
ORG02256,B,HP ProBook,26,Female,Customer Support,Support Lead,2,Full-time,25,99.1,0,1,0,56.1,0.777,131,113,11,68.4,2,1,4.0,15.9,1,0
ORG01683,B,Acer TravelMate,35,Male,Finance,Finance Analyst,4,Contract,17,96.9,0,3,1,79.7,0.807,38,34,4,87.0,0,0,4.0,25.1,1,0
ORG03171,C,Dell Latitude,24,Male,IT,System Admin,2,Full-time,24,93.1,0,0,2,72.2,0.773,57,45,9,59.7,3,0,3.0,10.5,0,0
ORG02057,D,Lenovo ThinkPad,30,Female,IT,IT Support,3,Full-time,56,88.9,3,2,0,65.5,0.864,45,32,8,62.1,1,0,3.0,15.6,1,0
ORG04091,B,Dell Latitude,33,Male,Engineering,Data Scientist,4,Full-time,103,97.4,0,0,0,49.6,0.545,43,32,1,62.9,0,0,2.0,21.7,2,0
ORG06159,D,Dell Latitude,28,Male,Engineering,Data Analyst,2,Full-time,80,91.0,4,4,3,67.0,0.466,18,11,1,48.9,2,1,2.0,62.4,1,1
ORG03109,D,HP ProBook,28,Female,Engineering,DevOps Engineer,3,Contract,8,94.9,2,1,0,31.9,0.454,50,24,7,42.9,1,0,1.0,10.9,1,1
ORG04549,D,Dell Latitude,29,Male,Finance,Accounts Executive,2,Full-time,45,91.8,1,1,1,59.8,0.674,30,20,2,50.4,1,1,3.0,8.1,0,0
ORG03724,B,Lenovo ThinkPad,30,Male,Customer Support,Support Associate,2,Full-time,101,100.0,1,0,0,60.8,0.601,105,91,5,75.8,2,0,2.0,39.9,3,0
ORG05424,C,Dell Latitude,33,Male,Engineering,QA Analyst,4,Full-time,54,97.6,0,0,0,58.1,0.687,59,52,3,62.4,3,2,3.0,30.3,0,0
ORG02050,B,Lenovo ThinkPad,28,Male,Sales,Account Manager,2,Full-time,21,90.2,3,3,0,57.5,0.775,50,33,7,57.2,0,0,2.0,11.3,3,1
ORG04977,A,Acer TravelMate,30,Male,Customer Support,Support Associate,2,Full-time,83,99.2,0,1,0,55.8,0.631,125,97,12,69.1,2,0,2.0,6.8,0,1
ORG03644,B,Lenovo ThinkPad,30,Male,Engineering,Software Engineer,3,Full-time,9,96.5,0,0,1,92.0,0.984,56,54,5,82.5,0,0,4.0,7.3,5,0
ORG06226,B,HP ProBook,31,Female,Engineering,Software Engineer,4,Full-time,68,91.5,3,2,1,42.6,0.684,48,31,5,59.2,4,0,2.0,23.6,2,0
ORG00624,A,Lenovo ThinkPad,26,Female,Customer Support,Support Associate,2,Full-time,34,93.9,2,1,1,55.5,0.801,99,66,17,76.3,0,0,2.0,17.8,2,0
ORG05884,A,MacBook Pro,31,Male,IT,IT Support,3,Full-time,25,96.0,1,0,1,83.6,0.832,54,48,7,88.9,1,0,4.0,35.6,2,0
ORG00263,B,HP ProBook,30,Female,Sales,Sales Executive,3,Full-time,116,89.8,0,1,0,60.4,0.752,75,54,8,66.5,0,0,3.0,17.0,1,1
ORG05731,A,Lenovo ThinkPad,26,Female,Sales,Inside Sales Rep,1,Full-time,96,93.1,2,0,2,47.2,0.576,65,50,5,79.8,1,1,3.0,17.8,1,1
ORG03370,A,Dell Latitude,24,Male,Customer Support,Support Lead,3,Full-time,64,95.7,0,2,0,79.6,0.759,100,77,12,74.1,2,0,4.0,10.6,2,0
ORG04062,D,Dell Latitude,32,Male,Finance,Finance Analyst,4,Contract,9,97.0,1,2,0,72.3,0.577,25,21,2,66.5,3,0,3.0,30.3,3,1
ORG05535,D,HP ProBook,32,Female,HR,Talent Acquisition,3,Full-time,105,100.0,0,0,0,82.7,0.736,59,50,1,69.6,2,0,4.0,32.3,3,0
ORG01803,C,Lenovo ThinkPad,26,Female,Engineering,Software Engineer,2,Full-time,29,97.3,5,2,2,68.5,0.829,31,26,3,83.3,0,0,4.0,18.8,1,0
ORG04737,A,HP ProBook,39,Male,Operations,Ops Lead,4,Full-time,92,89.3,2,3,1,60.0,0.56,88,59,18,74.9,2,0,1.0,45.3,1,0
ORG00425,C,Dell Latitude,31,Female,Operations,Process Analyst,3,Contract,12,90.8,1,1,1,51.5,0.642,113,66,25,64.5,0,2,3.0,14.4,0,1
ORG02386,B,Dell Latitude,39,Male,Finance,Accounts Executive,3,Full-time,102,93.7,3,1,1,65.3,0.76,67,51,4,58.3,3,1,1.0,14.9,0,0
ORG05760,B,Dell Latitude,32,Female,Engineering,DevOps Engineer,4,Full-time,69,91.1,1,0,3,78.6,0.665,41,23,6,59.5,4,1,3.0,27.7,1,0
ORG01960,A,HP ProBook,21,Male,Operations,Ops Associate,1,Full-time,116,98.8,0,2,0,25.0,0.268,67,48,3,36.4,3,1,1.0,10.1,1,1
ORG02977,D,Acer TravelMate,23,Male,Operations,Process Analyst,2,Full-time,8,98.3,1,3,0,61.3,0.48,82,60,6,66.6,2,0,2.0,17.6,2,0
ORG00489,C,HP ProBook,26,Female,Operations,Ops Associate,1,Full-time,85,100.0,0,0,0,68.1,0.784,86,78,7,67.5,4,0,4.0,18.5,0,0
ORG01844,B,Lenovo ThinkPad,29,Male,IT,IT Support,1,Full-time,43,91.9,3,2,0,64.6,0.812,32,20,3,71.3,2,0,3.0,14.0,0,0
ORG01735,B,Lenovo ThinkPad,29,Male,Marketing,Content Specialist,1,Full-time,114,90.7,1,2,0,81.3,0.713,20,15,2,76.2,2,1,4.0,11.4,0,0
ORG02912,D,Dell Latitude,27,Male,Engineering,QA Analyst,2,Full-time,7,92.6,1,1,0,71.5,0.77,32,25,3,84.4,1,0,4.0,9.8,0,0
ORG03220,A,Dell Latitude,28,Male,Sales,Inside Sales Rep,2,Full-time,90,94.3,1,3,1,34.9,0.563,59,41,5,56.2,1,0,,31.9,3,1
ORG00147,D,HP ProBook,28,Male,Sales,Inside Sales Rep,2,Full-time,37,93.6,3,2,0,68.9,0.765,66,48,11,72.3,4,1,4.0,6.3,0,0
ORG05631,A,Lenovo ThinkPad,32,Male,Customer Support,Support Associate,3,Full-time,97,91.4,2,3,3,75.8,0.792,128,106,18,73.5,3,1,2.0,24.0,3,0
ORG01987,D,Dell Latitude,33,Female,Sales,Account Manager,4,Full-time,58,98.4,0,1,1,81.0,0.792,80,73,7,84.4,0,0,4.0,14.5,0,0
ORG01370,D,Dell Latitude,42,Female,Sales,Account Manager,4,Full-time,118,100.0,0,0,0,95.9,0.849,81,75,7,93.4,1,0,5.0,16.1,0,0
ORG06052,B,Dell Latitude,27,Male,Customer Support,Support Lead,3,Full-time,36,100.0,1,0,0,61.5,0.617,65,56,5,69.5,2,0,3.0,9.0,2,0
ORG02812,B,HP ProBook,31,Female,Marketing,Marketing Executive,3,Full-time,11,93.4,1,0,0,71.3,0.778,39,32,2,89.2,0,0,5.0,14.1,0,0
ORG00660,B,HP ProBook,33,Male,Sales,Inside Sales Rep,2,Full-time,117,91.9,3,4,0,61.3,0.627,66,45,8,68.0,1,2,2.0,21.0,0,1
ORG01795,D,Lenovo ThinkPad,30,Male,Marketing,Performance Marketer,2,Full-time,111,91.2,1,0,1,71.3,0.521,34,28,4,61.8,4,1,4.0,13.9,1,0
ORG02512,D,MacBook Pro,28,Male,Customer Support,Support Lead,3,Contract,14,99.1,1,3,0,79.8,0.661,119,106,11,65.1,1,0,4.0,23.6,1,0
ORG03398,C,HP ProBook,24,Male,Engineering,Software Engineer,2,Full-time,96,89.8,2,3,1,76.2,0.93,32,26,3,88.5,0,0,3.0,31.3,1,0
ORG04283,C,MacBook Pro,26,Female,Operations,Ops Associate,2,Full-time,6,94.4,2,1,0,60.5,0.581,86,58,13,59.8,1,0,3.0,6.0,0,0
ORG01148,D,Lenovo ThinkPad,22,Male,HR,HR Executive,1,Contract,1,93.7,2,2,0,67.5,0.756,51,35,7,71.3,1,0,4.0,5.3,1,0
ORG03273,A,Dell Latitude,32,Male,Operations,Ops Associate,3,Full-time,103,100.0,0,0,0,81.5,0.815,101,92,2,75.3,0,0,4.0,9.9,0,0
ORG00609,B,Dell Latitude,26,Male,Finance,Accounts Executive,1,Full-time,54,94.9,4,1,0,79.3,0.717,52,41,5,70.1,4,1,3.0,21.0,2,0
ORG03583,D,HP ProBook,27,Male,Customer Support,Support Lead,3,Full-time,35,100.0,0,0,0,94.8,0.732,67,58,3,84.9,1,0,5.0,18.8,2,0
ORG01931,B,HP ProBook,31,Male,Operations,Process Analyst,4,Full-time,38,89.2,5,7,4,92.4,0.985,59,47,8,78.9,2,0,4.0,8.7,2,0
ORG00198,C,Dell Latitude,25,Female,Marketing,Marketing Executive,2,Full-time,31,94.4,1,0,1,87.4,0.824,60,50,7,80.0,3,1,5.0,9.5,0,0
ORG02932,C,Dell Latitude,30,Male,Engineering,QA Analyst,3,Contract,12,100.0,0,1,0,78.0,0.676,41,37,2,61.7,2,1,,24.3,3,0
ORG02328,B,MacBook Pro,27,Female,Engineering,QA Analyst,2,Contract,2,86.9,2,1,0,82.9,0.779,51,45,10,79.8,1,1,3.0,28.6,0,0
ORG04390,C,Lenovo ThinkPad,24,Female,Operations,Process Analyst,3,Full-time,8,93.4,1,3,0,68.2,0.726,92,68,13,65.2,1,0,3.0,41.7,3,0
ORG00767,A,Acer TravelMate,33,Male,Engineering,Data Analyst,2,Full-time,106,88.9,1,2,0,41.9,0.725,20,12,2,55.8,3,0,3.0,19.7,0,0
ORG04497,C,MacBook Pro,37,Female,Customer Support,Support Associate,3,Full-time,112,97.9,0,0,0,54.4,0.633,144,118,9,66.8,0,1,4.0,12.2,2,0
ORG04219,C,Acer TravelMate,28,Female,IT,IT Support,3,Full-time,90,99.0,1,1,0,73.1,0.625,69,58,4,68.3,1,0,3.0,15.9,0,0
ORG03256,A,Dell Latitude,28,Female,HR,HR Executive,3,Full-time,83,94.9,2,2,0,74.7,0.718,53,38,6,81.3,1,0,4.0,13.4,0,0
ORG00203,D,HP ProBook,27,Male,Customer Support,Support Lead,2,Full-time,25,93.4,4,1,1,79.6,0.999,64,53,8,79.7,2,1,5.0,17.9,3,0
ORG03511,A,HP ProBook,33,Male,IT,IT Support,3,Full-time,100,99.7,0,1,0,74.6,0.692,25,20,2,74.0,1,0,4.0,27.1,0,0
ORG04932,B,Dell Latitude,35,Male,Operations,Ops Lead,3,Full-time,84,97.8,0,0,0,42.6,0.344,78,60,7,50.8,1,1,2.0,9.0,0,1
ORG05536,B,Dell Latitude,33,Male,Finance,Accounts Executive,3,Full-time,41,92.1,4,2,0,98.0,0.862,31,25,3,86.3,2,0,5.0,45.6,0,0
ORG01734,A,Lenovo ThinkPad,28,Female,Sales,Account Manager,2,Full-time,97,96.9,1,1,0,67.3,0.827,40,31,4,79.0,3,0,3.0,15.7,0,0
ORG05792,C,MacBook Pro,33,Male,Operations,Process Analyst,4,Full-time,10,89.1,3,3,0,56.8,0.551,98,70,14,57.0,5,2,1.0,24.0,0,1
ORG02778,C,HP ProBook,29,Female,Customer Support,Support Associate,3,Full-time,3,92.6,2,1,2,70.3,0.803,64,52,7,61.6,1,2,4.0,38.4,1,0
ORG01708,D,HP ProBook,33,Female,Customer Support,Support Lead,3,Contract,12,91.8,0,1,1,57.2,0.445,81,66,16,64.8,1,1,3.0,12.0,0,0
ORG05173,D,Dell Latitude,28,Male,HR,HR Executive,2,Full-time,75,93.0,0,1,0,70.1,0.581,35,26,4,,1,0,5.0,12.8,1,0
ORG05250,D,Dell Latitude,34,Female,HR,HR Executive,3,Full-time,70,100.0,0,0,0,51.3,0.652,43,40,0,70.7,1,1,4.0,11.0,0,0
ORG05758,A,HP ProBook,34,Female,Customer Support,Support Lead,4,Full-time,29,96.5,2,2,0,59.4,0.668,91,65,6,59.4,1,0,3.0,8.4,0,0
ORG03475,A,HP ProBook,31,Female,Customer Support,Support Lead,2,Full-time,111,90.5,2,1,1,76.8,0.822,135,112,17,85.0,1,0,4.0,16.0,2,0
ORG05856,D,Dell Latitude,27,Female,HR,HR Executive,2,Full-time,67,98.5,0,0,0,78.6,0.645,59,57,2,,1,0,5.0,17.0,2,0
ORG00855,A,Acer TravelMate,38,Female,Engineering,DevOps Engineer,4,Full-time,102,93.3,4,0,0,82.4,0.899,33,30,3,87.0,1,0,5.0,28.6,1,0
ORG05686,D,HP ProBook,36,Female,Engineering,Data Analyst,4,Full-time,71,98.1,0,1,0,91.1,0.841,45,44,1,93.7,0,0,5.0,10.3,0,0
ORG04738,A,Dell Latitude,27,Female,Engineering,Software Engineer,2,Full-time,26,97.7,2,1,1,83.4,0.717,29,23,4,59.3,5,1,2.0,18.3,0,0
ORG04098,C,MacBook Pro,29,Female,Operations,Ops Lead,4,Full-time,16,95.4,2,1,1,68.7,0.877,74,62,9,96.0,1,0,5.0,14.0,1,0
ORG02161,D,Acer TravelMate,33,Female,Customer Support,Support Associate,2,Full-time,108,95.2,0,3,2,66.8,0.787,62,49,6,64.7,1,0,4.0,7.1,0,0
ORG00699,C,Dell Latitude,35,Female,Operations,Ops Associate,3,Full-time,112,93.7,4,4,1,75.8,0.657,72,61,9,75.9,1,0,4.0,11.1,0,0
ORG02089,D,HP ProBook,30,Female,Finance,Finance Analyst,3,Full-time,116,98.0,0,1,0,72.1,0.622,50,42,3,72.3,1,1,4.0,20.5,3,0
ORG03000,D,Dell Latitude,33,Male,Engineering,QA Analyst,4,Full-time,38,89.8,2,4,1,53.4,0.572,49,33,4,74.9,2,1,2.0,16.3,1,1
ORG03697,A,HP ProBook,31,Male,Sales,Account Manager,2,Full-time,16,91.5,0,6,0,46.3,0.685,41,29,3,69.7,1,2,3.0,26.1,1,0
ORG01637,C,HP ProBook,29,Male,Customer Support,Support Lead,2,Full-time,48,90.3,1,3,2,64.9,0.7,70,62,8,74.1,1,2,4.0,6.9,0,0
ORG03458,B,Lenovo ThinkPad,29,Male,Marketing,Marketing Executive,3,Full-time,63,91.0,3,2,1,66.4,0.706,29,21,2,83.4,2,0,4.0,15.8,2,0
ORG03582,C,MacBook Pro,24,Female,Finance,Accounts Executive,2,Full-time,14,93.2,2,1,1,83.5,0.891,59,50,8,86.6,2,0,4.0,16.9,3,0
ORG01292,A,Dell Latitude,32,Female,Operations,Process Analyst,3,Full-time,22,92.2,3,0,0,63.6,0.676,51,34,6,69.1,2,3,3.0,32.8,2,0
ORG04660,A,HP ProBook,35,Male,Engineering,Data Scientist,5,Contract,3,95.5,0,1,0,83.7,1.0,49,41,6,84.8,2,0,3.0,19.9,1,0
ORG05617,A,HP ProBook,21,Male,Customer Support,Support Associate,1,Full-time,11,92.9,2,2,1,54.1,0.677,59,43,4,62.0,1,0,3.0,11.5,0,0
ORG01854,C,Lenovo ThinkPad,28,Male,Finance,Accounts Executive,1,Full-time,78,98.0,0,3,0,59.9,0.587,30,25,2,72.2,1,0,4.0,3.5,1,0
ORG05233,D,MacBook Pro,29,Female,Customer Support,Support Associate,3,Full-time,19,99.3,2,1,0,82.1,0.812,66,58,8,88.1,1,0,5.0,18.7,0,0
ORG03764,C,Lenovo ThinkPad,31,Female,Sales,Account Manager,4,Full-time,19,90.1,6,2,1,69.9,0.66,60,41,11,67.4,2,0,2.0,9.9,1,0
ORG03305,D,Lenovo ThinkPad,28,Female,Finance,Finance Analyst,2,Full-time,108,,2,0,0,66.4,0.739,61,51,6,81.3,4,2,5.0,8.4,0,0
ORG06208,D,Acer TravelMate,30,Male,Sales,Sales Executive,2,Full-time,48,98.6,2,0,1,69.1,0.632,71,53,6,64.7,3,1,3.0,16.6,2,0
ORG05728,D,Lenovo ThinkPad,25,Male,Sales,Inside Sales Rep,3,Full-time,13,98.6,1,1,0,62.5,0.615,78,63,3,59.7,1,0,3.0,15.2,0,0
ORG03744,C,Acer TravelMate,22,Male,Customer Support,Support Associate,2,Full-time,21,92.8,2,3,0,56.7,0.661,62,48,7,73.9,2,1,3.0,5.1,0,0
ORG03446,B,Lenovo ThinkPad,29,Female,Sales,Inside Sales Rep,1,Full-time,86,95.7,0,0,0,57.0,0.713,30,25,1,72.3,2,1,3.0,6.4,0,0
ORG01999,B,HP ProBook,30,Female,HR,HR Executive,1,Full-time,75,95.5,2,1,1,74.3,0.684,59,48,3,65.3,1,0,4.0,14.8,2,0
ORG00664,D,HP ProBook,31,Female,Engineering,QA Analyst,4,Full-time,15,92.2,0,3,0,86.2,0.811,32,27,4,90.0,0,0,5.0,8.6,0,0
ORG04780,D,HP ProBook,41,Female,Operations,Process Analyst,4,Full-time,60,89.9,6,1,0,66.7,0.748,121,92,21,65.8,1,0,4.0,28.3,2,0
ORG05354,A,Lenovo ThinkPad,28,Male,Operations,Ops Lead,2,Full-time,44,100.0,1,0,2,80.7,0.95,46,39,4,85.0,1,0,4.0,5.7,0,0
ORG03749,C,Lenovo ThinkPad,29,Male,Sales,Inside Sales Rep,3,Full-time,15,92.8,3,3,0,56.0,0.46,79,58,14,63.3,3,0,2.0,23.6,1,1
ORG04414,C,Acer TravelMate,31,Male,Engineering,QA Analyst,3,Full-time,107,100.0,1,1,0,82.2,0.76,36,35,1,80.3,1,1,5.0,17.0,0,0
ORG04745,B,Lenovo ThinkPad,36,Male,Engineering,Data Scientist,5,Full-time,78,90.6,0,1,0,74.6,0.655,68,47,8,72.6,2,0,4.0,45.0,2,0
ORG05531,A,MacBook Pro,31,Male,Sales,Inside Sales Rep,3,Full-time,60,94.9,1,2,1,39.4,0.344,74,49,8,54.8,2,0,2.0,7.8,1,1
ORG05576,A,HP ProBook,33,Female,Engineering,DevOps Engineer,3,Contract,9,95.4,0,0,0,58.3,0.646,21,19,1,59.6,0,1,3.0,36.4,1,0
ORG00710,B,Lenovo ThinkPad,30,Female,Customer Support,Support Lead,2,Contract,2,95.0,0,0,0,51.3,0.475,123,92,17,56.4,1,2,2.0,12.4,1,1
ORG01283,D,HP ProBook,37,Male,Customer Support,Support Lead,4,Full-time,91,100.0,0,1,0,83.2,1.0,77,75,3,86.4,0,0,5.0,28.4,2,0
ORG05865,D,Dell Latitude,33,Male,Operations,Ops Lead,3,Full-time,94,95.3,1,2,0,46.7,0.335,66,42,7,36.1,1,0,1.0,14.3,1,1
ORG05069,A,HP ProBook,23,Female,Sales,Sales Executive,1,Full-time,41,92.4,1,1,0,63.1,0.639,63,49,7,58.0,2,1,3.0,8.6,3,0
ORG02676,D,HP ProBook,35,Male,Customer Support,Support Associate,3,Full-time,87,97.0,0,1,1,85.7,0.722,110,103,5,99.0,0,0,5.0,7.9,0,0
ORG04030,D,Lenovo ThinkPad,27,Female,Marketing,Content Specialist,3,Full-time,59,88.0,5,5,0,52.7,0.622,31,15,6,45.4,8,0,3.0,19.5,0,1
ORG01307,A,HP ProBook,25,Male,Operations,Process Analyst,2,Full-time,50,93.8,0,3,0,72.7,0.868,83,76,7,99.0,0,0,5.0,8.1,1,0
ORG05497,D,Acer TravelMate,24,Female,IT,IT Support,2,Contract,5,94.6,3,0,1,83.4,0.641,43,35,3,84.7,0,0,2.0,8.8,0,0
ORG05505,D,MacBook Pro,21,Female,Marketing,Content Specialist,1,Full-time,4,90.4,0,1,0,80.3,0.634,56,39,6,79.7,1,1,3.0,6.7,2,0
ORG02238,D,HP ProBook,32,Male,Sales,Sales Executive,2,Full-time,117,92.3,1,3,1,44.8,0.536,35,26,4,75.4,5,0,3.0,22.4,0,1
ORG03303,A,Acer TravelMate,29,Female,Sales,Account Manager,3,Full-time,13,87.0,1,6,2,56.5,0.725,71,51,14,65.2,1,1,3.0,20.0,2,1
ORG05593,A,HP ProBook,27,Male,Operations,Ops Lead,3,Full-time,19,95.1,1,1,0,84.5,0.675,47,36,3,76.0,2,1,4.0,13.2,0,0
ORG02039,A,HP ProBook,26,Female,Operations,Ops Lead,2,Contract,8,93.1,2,0,0,65.0,0.777,107,85,16,78.4,2,2,3.0,39.9,0,0
ORG01530,D,Dell Latitude,28,Male,Sales,Inside Sales Rep,1,Full-time,105,100.0,0,0,0,68.2,0.665,50,39,3,67.4,2,2,4.0,8.1,1,0
ORG01664,C,Dell Latitude,37,Male,Engineering,Software Engineer,4,Full-time,68,100.0,0,0,0,57.4,0.483,62,54,0,59.3,2,0,3.0,11.8,1,0
ORG05451,D,Dell Latitude,31,Male,Engineering,Data Analyst,4,Full-time,97,92.8,0,1,0,63.2,0.606,51,36,6,74.1,1,0,2.0,15.0,1,0
ORG06233,D,HP ProBook,33,Male,HR,Talent Acquisition,3,Full-time,11,96.4,2,2,0,64.1,0.685,74,53,9,71.0,2,2,3.0,10.3,1,0
ORG05030,D,HP ProBook,25,Female,Engineering,Data Analyst,2,Contract,11,92.2,0,2,0,54.5,0.62,43,34,2,61.4,2,2,4.0,12.2,3,0
ORG03628,C,Lenovo ThinkPad,23,Female,Operations,Process Analyst,2,Full-time,50,90.1,5,2,0,85.7,0.587,66,51,12,65.8,1,3,3.0,25.2,0,0
ORG05740,A,HP ProBook,30,Female,Sales,Account Manager,2,Full-time,100,93.2,1,0,1,54.9,0.59,52,35,8,58.1,1,3,3.0,12.1,1,1
ORG05148,D,Lenovo ThinkPad,23,Female,Customer Support,Support Lead,2,Full-time,70,91.9,3,1,1,77.2,0.622,70,61,6,79.7,2,1,3.0,11.2,3,0
ORG04892,D,Dell Latitude,25,Female,Sales,Sales Executive,1,Full-time,103,95.1,1,0,0,57.4,0.72,46,32,4,48.8,3,0,3.0,18.8,0,1
ORG02694,A,Dell Latitude,29,Female,IT,IT Support,2,Full-time,21,97.2,2,3,0,69.7,0.934,56,42,4,78.0,1,0,4.0,25.5,0,0
ORG03061,D,Lenovo ThinkPad,24,Male,Operations,Ops Lead,2,Full-time,3,93.8,5,5,0,72.0,0.606,91,71,13,73.4,1,1,2.0,9.1,0,1
ORG01598,C,Dell Latitude,32,Male,Engineering,DevOps Engineer,4,Full-time,37,96.8,2,0,0,51.5,0.546,42,29,3,51.5,5,1,2.0,17.5,2,1
ORG02730,B,Lenovo ThinkPad,30,Female,Marketing,Content Specialist,2,Full-time,113,91.0,3,2,0,78.9,0.662,55,38,10,78.8,3,0,3.0,21.8,1,0
ORG02626,C,Acer TravelMate,21,Male,Customer Support,Support Associate,1,Full-time,27,92.9,0,0,0,65.8,0.676,129,117,17,67.9,1,0,4.0,8.9,1,0
ORG05916,D,Lenovo ThinkPad,24,Male,Operations,Ops Associate,3,Full-time,72,92.3,2,1,1,47.0,0.496,78,51,12,57.6,2,1,2.0,34.2,1,1
ORG03158,C,HP ProBook,36,Male,Engineering,DevOps Engineer,3,Full-time,107,93.9,0,2,0,64.5,0.894,44,38,5,74.1,2,2,4.0,21.6,0,0
ORG03315,C,HP ProBook,28,Female,Sales,Sales Executive,1,Full-time,116,93.9,1,2,0,70.4,0.927,52,37,7,89.0,2,0,4.0,7.9,3,0
ORG01723,C,Dell Latitude,21,Male,Finance,Accounts Executive,1,Contract,1,92.3,1,4,0,56.0,0.547,18,11,2,72.5,1,0,3.0,1.0,4,0
ORG05280,C,Dell Latitude,28,Female,Finance,Finance Analyst,4,Full-time,23,100.0,0,0,0,87.3,0.78,66,61,1,75.8,0,0,5.0,8.0,2,0
ORG01060,A,Acer TravelMate,35,Male,Finance,Finance Analyst,3,Full-time,29,95.6,1,1,0,61.0,0.695,58,44,7,64.3,2,2,2.0,19.9,5,1
ORG04637,C,Acer TravelMate,28,Female,Sales,Account Manager,2,Full-time,40,100.0,0,0,0,71.1,0.732,43,42,0,76.6,3,0,5.0,20.6,2,0
ORG03243,B,Lenovo ThinkPad,33,Female,Marketing,Content Specialist,3,Full-time,33,95.3,0,2,0,78.2,0.841,59,47,4,83.0,2,0,5.0,8.9,2,0
ORG01679,A,Lenovo ThinkPad,30,Male,Marketing,Marketing Executive,2,Full-time,113,90.2,3,3,2,36.3,0.364,38,18,8,47.6,3,1,1.0,26.1,2,1
ORG01758,A,HP ProBook,25,Male,IT,IT Support,1,Full-time,67,91.5,2,1,0,48.4,0.614,47,36,7,79.8,1,1,3.0,10.2,0,0
ORG06020,D,Dell Latitude,35,Male,IT,System Admin,4,Full-time,48,91.9,2,2,0,64.5,0.637,63,47,10,56.7,2,0,2.0,16.3,0,0
ORG04192,C,HP ProBook,31,Male,Finance,Accounts Executive,3,Full-time,84,89.2,1,0,0,84.9,0.753,57,46,5,68.6,0,0,3.0,7.9,0,0
ORG05117,D,HP ProBook,27,Female,Operations,Ops Associate,2,Full-time,61,89.3,5,2,1,42.1,0.563,95,54,20,57.1,0,0,1.0,16.7,1,1
ORG00564,B,Dell Latitude,23,Female,Operations,Ops Lead,2,Full-time,37,95.2,1,2,0,77.6,0.777,75,56,10,75.3,1,0,4.0,30.5,4,0
ORG02791,D,Lenovo ThinkPad,29,Female,HR,Talent Acquisition,2,Full-time,26,92.8,1,0,0,73.8,0.724,22,16,1,63.0,2,0,4.0,25.5,1,0
ORG00864,D,Dell Latitude,31,Female,Operations,Ops Associate,2,Full-time,11,94.9,0,1,1,50.7,0.46,75,51,6,46.5,5,1,1.0,14.6,2,1
ORG01485,A,Acer TravelMate,24,Male,Operations,Ops Lead,2,Contract,7,93.9,3,3,1,77.9,0.802,83,73,14,89.2,0,0,5.0,13.2,2,0
ORG05978,A,HP ProBook,23,Male,Sales,Inside Sales Rep,1,Full-time,83,95.4,1,2,1,74.0,0.663,47,40,3,85.9,1,1,4.0,15.2,0,0
ORG05135,B,Dell Latitude,29,Male,Marketing,Marketing Executive,1,Full-time,93,98.7,0,2,0,34.6,0.689,38,31,2,43.4,3,1,2.0,10.3,0,1
ORG00207,D,Dell Latitude,25,Male,Engineering,Software Engineer,2,Full-time,24,93.2,1,3,0,83.4,0.808,54,41,9,77.9,1,1,4.0,46.9,2,0
ORG04489,D,Lenovo ThinkPad,38,Female,Sales,Account Manager,4,Full-time,101,95.3,3,1,0,90.5,0.762,58,56,5,80.5,1,1,5.0,20.5,1,0
ORG00871,B,Lenovo ThinkPad,33,Female,Finance,Finance Analyst,3,Full-time,91,90.9,3,2,0,68.1,0.624,66,52,10,69.8,1,0,2.0,16.6,1,1
ORG04494,C,MacBook Pro,31,Female,Engineering,DevOps Engineer,3,Full-time,69,97.5,0,3,0,80.1,0.651,36,31,3,80.0,0,0,4.0,25.6,1,0
ORG00503,B,Dell Latitude,33,Male,Marketing,Performance Marketer,2,Full-time,92,94.2,2,1,2,59.2,0.72,51,45,6,83.0,1,0,3.0,7.8,0,0
ORG01029,A,MacBook Pro,30,Female,Finance,Finance Analyst,2,Full-time,17,90.5,1,3,0,69.7,0.648,22,18,1,73.2,2,1,3.0,21.4,0,0
ORG03841,C,Lenovo ThinkPad,32,Male,Operations,Process Analyst,4,Full-time,17,100.0,1,1,0,72.8,0.788,69,55,1,89.9,2,0,5.0,15.3,1,0
ORG02691,A,Dell Latitude,36,Male,IT,System Admin,3,Full-time,56,93.1,3,1,1,64.3,0.869,74,64,6,86.1,1,0,4.0,15.1,2,0
ORG05582,C,MacBook Pro,33,Male,Sales,Account Manager,4,Full-time,70,94.2,0,0,0,67.6,0.651,63,54,4,75.1,1,0,4.0,19.3,0,0
ORG05057,B,HP ProBook,34,Female,Customer Support,Support Associate,3,Full-time,49,92.5,3,2,4,80.5,0.931,100,77,15,64.8,3,0,2.0,17.0,0,0
ORG01571,C,HP ProBook,23,Female,Customer Support,Support Associate,1,Full-time,99,100.0,0,1,0,56.2,0.561,130,117,10,69.6,0,3,3.0,16.5,0,1
ORG02774,C,Dell Latitude,39,Male,Engineering,DevOps Engineer,5,Full-time,73,91.8,0,1,0,91.4,0.829,48,46,5,73.1,4,2,4.0,36.7,1,0
ORG05992,B,Dell Latitude,31,Female,Operations,Ops Associate,2,Full-time,116,95.4,1,2,0,68.4,0.642,61,42,8,61.7,2,1,3.0,12.5,1,0
ORG02732,D,HP ProBook,25,Male,Sales,Inside Sales Rep,1,Full-time,8,91.1,3,2,1,50.5,0.699,49,33,5,71.8,1,2,2.0,11.5,0,0
ORG00805,C,Lenovo ThinkPad,33,Male,Engineering,QA Analyst,2,Full-time,98,96.8,0,1,0,83.7,0.915,22,19,2,84.6,1,0,4.0,13.6,0,0
ORG05848,D,Dell Latitude,34,Male,Engineering,QA Analyst,4,Full-time,19,97.1,0,1,1,98.0,0.993,46,44,5,89.7,1,0,5.0,18.6,0,0
ORG03646,D,MacBook Pro,31,Male,Finance,Accounts Executive,2,Full-time,49,99.1,1,1,0,56.5,0.599,60,46,5,63.6,1,0,2.0,19.6,3,1
ORG02455,A,Acer TravelMate,26,Female,Operations,Ops Associate,2,Full-time,35,96.0,0,2,0,75.8,0.68,85,69,10,54.1,4,1,4.0,20.6,2,0
ORG04599,D,Lenovo ThinkPad,25,Female,Sales,Sales Executive,3,Full-time,15,93.3,1,2,0,62.3,0.588,42,32,5,55.3,3,1,2.0,8.2,1,1
ORG03105,B,Lenovo ThinkPad,33,Male,Operations,Process Analyst,4,Full-time,91,92.7,2,1,0,73.4,0.753,55,47,6,78.3,0,0,5.0,31.1,3,0
ORG04876,B,Acer TravelMate,31,Male,Customer Support,Support Lead,3,Full-time,46,95.2,1,4,2,61.3,0.745,67,52,6,71.4,0,0,3.0,9.3,1,0
ORG05960,B,MacBook Pro,28,Female,Sales,Sales Executive,1,Full-time,110,100.0,0,1,0,55.7,0.578,42,39,0,55.8,1,1,3.0,8.7,1,0
ORG00201,B,HP ProBook,31,Male,Finance,Accounts Executive,2,Full-time,105,95.5,0,2,0,73.5,0.671,33,28,3,69.6,3,0,3.0,14.7,1,0
ORG03100,C,HP ProBook,26,Male,Engineering,Software Engineer,2,Full-time,101,96.2,2,0,0,46.9,0.475,31,21,3,63.2,2,0,3.0,15.7,2,0
ORG06185,C,HP ProBook,35,Male,Engineering,DevOps Engineer,5,Full-time,40,89.7,1,1,1,76.2,0.748,47,36,6,73.6,1,0,3.0,19.3,2,0
ORG02279,B,MacBook Pro,35,Male,Marketing,Performance Marketer,4,Full-time,68,94.3,0,3,0,63.6,0.622,30,24,2,73.9,2,0,3.0,9.9,0,0
ORG03562,C,HP ProBook,27,Female,Customer Support,Support Associate,3,Full-time,8,97.7,1,0,0,68.4,0.569,128,111,3,61.1,8,2,4.0,15.2,1,0
ORG05893,A,Dell Latitude,27,Male,Customer Support,Support Associate,3,Contract,6,95.2,0,0,0,61.3,0.524,118,88,10,65.7,2,0,3.0,23.4,0,0
ORG04475,A,Acer TravelMate,32,Male,Customer Support,Support Associate,3,Full-time,32,91.4,1,3,0,58.2,0.811,105,97,10,71.5,2,1,4.0,12.2,1,0
ORG04515,D,MacBook Pro,29,Male,Engineering,Data Analyst,3,Full-time,87,92.6,0,0,1,60.6,0.864,26,17,3,61.9,2,1,4.0,20.5,0,0
ORG05795,B,Lenovo ThinkPad,27,Male,Finance,Accounts Executive,2,Full-time,25,100.0,0,1,0,52.6,0.637,42,34,2,58.2,6,0,3.0,15.6,1,0
ORG00392,A,HP ProBook,30,Male,Engineering,Software Engineer,5,Contract,8,94.5,0,3,0,78.4,0.926,59,47,7,59.3,2,1,5.0,16.5,2,0
ORG05619,C,HP ProBook,36,Female,Operations,Ops Lead,4,Full-time,113,89.2,2,0,1,65.3,0.597,113,96,13,74.3,0,0,2.0,24.9,2,0
ORG05259,C,Dell Latitude,23,Female,Customer Support,Support Associate,2,Full-time,47,94.6,1,1,0,77.0,0.777,97,89,7,63.4,2,1,5.0,8.2,1,0
ORG01496,C,MacBook Pro,25,Male,Operations,Ops Associate,1,Full-time,59,95.1,0,1,0,48.8,0.591,94,66,6,63.1,3,1,3.0,8.2,0,0
ORG02696,C,Dell Latitude,32,Male,Engineering,DevOps Engineer,4,Contract,15,93.3,0,2,0,63.6,0.89,20,15,2,68.0,4,0,3.0,27.1,0,0
ORG02028,C,Dell Latitude,28,Male,Sales,Account Manager,3,Contract,3,96.3,0,1,0,60.2,0.603,48,34,6,57.0,2,0,4.0,16.9,2,0
ORG05249,D,Lenovo ThinkPad,36,Male,Engineering,Data Analyst,4,Full-time,79,94.3,1,2,1,81.8,0.582,27,19,2,66.6,1,0,4.0,20.1,0,0
ORG05464,A,HP ProBook,32,Male,Finance,Finance Analyst,4,Full-time,56,89.2,2,0,1,72.4,0.665,42,31,7,68.9,0,0,3.0,18.8,2,0
ORG02569,C,Dell Latitude,34,Female,Operations,Ops Associate,2,Full-time,109,92.5,4,0,0,58.9,0.74,92,77,11,71.6,1,0,3.0,35.2,1,0
ORG00065,D,HP ProBook,29,Male,Operations,Ops Lead,3,Full-time,64,96.5,0,1,1,71.7,0.75,49,37,4,72.2,1,0,5.0,22.7,1,0
ORG03885,A,Lenovo ThinkPad,24,Female,IT,System Admin,2,Full-time,16,89.7,2,1,0,78.0,0.93,33,28,3,95.0,1,0,3.0,17.8,2,0
ORG02063,A,Dell Latitude,35,Male,Customer Support,Support Lead,3,Full-time,72,98.1,1,1,0,65.9,0.584,101,80,11,65.3,3,2,3.0,18.9,0,0
ORG05277,D,Dell Latitude,31,Male,Operations,Ops Lead,4,Contract,14,98.9,2,1,0,91.4,0.64,112,100,11,83.6,0,1,4.0,10.9,4,0
ORG00493,B,HP ProBook,28,Male,Operations,Process Analyst,2,Full-time,48,89.1,3,2,0,58.4,0.615,99,71,16,59.8,1,2,3.0,23.1,0,0
ORG00380,C,MacBook Pro,30,Male,Finance,Finance Analyst,3,Contract,16,92.3,0,3,0,79.0,0.678,36,29,2,67.3,2,1,3.0,38.5,2,0
ORG04860,C,MacBook Pro,21,Female,Sales,Inside Sales Rep,1,Full-time,12,95.8,0,0,0,83.7,0.592,41,35,0,80.3,1,0,4.0,18.9,1,0
ORG03994,B,Lenovo ThinkPad,31,Male,Sales,Inside Sales Rep,3,Full-time,65,90.1,4,4,2,77.0,0.682,80,59,14,71.0,2,1,3.0,16.2,3,1
ORG04888,A,Dell Latitude,33,Male,Operations,Process Analyst,3,Full-time,13,99.9,1,0,0,63.2,0.686,72,61,3,90.3,0,2,4.0,30.4,2,0
ORG01077,C,Acer TravelMate,26,Female,Customer Support,Support Associate,1,Full-time,82,92.1,2,1,2,68.7,0.725,130,102,24,70.6,3,1,4.0,6.3,1,0
ORG00879,A,Lenovo ThinkPad,23,Male,Operations,Ops Associate,1,Full-time,53,93.6,1,1,0,63.2,0.665,62,46,5,63.0,0,0,4.0,3.4,0,1
ORG00338,B,Acer TravelMate,21,Male,Finance,Accounts Executive,2,Full-time,55,97.4,1,2,1,75.5,0.636,26,21,2,77.6,0,0,3.0,16.8,1,0
ORG01017,C,Dell Latitude,28,Male,Operations,Process Analyst,3,Full-time,17,93.9,0,1,0,77.3,0.743,102,91,8,85.2,1,0,5.0,7.7,0,0
ORG01276,B,Dell Latitude,29,Female,Sales,Sales Executive,1,Full-time,107,95.7,1,3,0,73.3,0.894,58,48,6,65.9,2,1,3.0,17.6,1,0
ORG03799,B,HP ProBook,31,Male,Customer Support,Support Associate,3,Full-time,9,95.1,1,1,0,73.0,0.829,109,94,19,83.1,0,0,4.0,11.7,2,0
ORG04552,D,Lenovo ThinkPad,23,Female,Operations,Ops Lead,2,Full-time,38,95.1,4,1,1,50.0,0.575,58,40,9,54.1,2,0,2.0,16.9,3,1
ORG03343,B,Dell Latitude,34,Male,Engineering,Data Analyst,3,Full-time,91,89.6,2,0,0,73.6,0.595,22,14,3,81.5,1,0,1.0,18.3,1,0
ORG04912,B,HP ProBook,29,Female,Customer Support,Support Associate,3,Full-time,21,99.1,0,0,0,70.0,0.724,133,129,7,72.7,2,1,5.0,18.2,0,0
ORG00996,C,MacBook Pro,30,Male,Customer Support,Support Lead,3,Full-time,89,94.1,0,1,0,57.2,0.717,68,52,5,58.0,2,3,4.0,30.2,1,0
ORG01982,C,MacBook Pro,22,Male,Sales,Sales Executive,1,Contract,16,91.8,1,4,1,61.0,0.406,62,45,10,72.7,1,1,2.0,6.8,1,1
ORG04298,C,HP ProBook,33,Male,Operations,Ops Lead,3,Full-time,55,98.6,0,1,0,72.3,0.78,79,73,0,73.8,1,0,4.0,20.1,2,0
ORG00162,D,Lenovo ThinkPad,25,Male,Marketing,Marketing Executive,2,Contract,2,94.6,1,1,0,52.1,0.601,30,21,3,63.1,1,1,4.0,24.9,2,0
ORG05676,A,HP ProBook,21,Male,Marketing,Content Specialist,1,Full-time,27,94.1,2,3,0,41.4,0.504,59,43,4,61.8,2,0,2.0,23.2,2,0
ORG04799,D,HP ProBook,32,Female,HR,HR Executive,3,Full-time,42,91.4,1,3,3,62.1,1.0,69,50,9,66.2,5,1,4.0,30.7,1,0
ORG01501,B,HP ProBook,34,Female,Operations,Process Analyst,2,Full-time,112,92.0,1,2,1,44.1,0.649,74,57,10,54.0,3,2,2.0,17.3,2,1
ORG03844,D,Acer TravelMate,28,Male,Operations,Ops Lead,2,Full-time,62,94.1,3,1,1,68.2,0.834,91,72,9,68.1,4,0,3.0,12.5,2,1
ORG05226,D,Lenovo ThinkPad,28,Male,Customer Support,Support Associate,1,Full-time,118,94.4,0,1,0,59.9,0.536,63,50,7,60.7,3,3,3.0,12.8,1,0
ORG02614,D,HP ProBook,28,Male,Finance,Accounts Executive,1,Full-time,118,89.7,2,3,0,85.3,0.943,53,45,6,85.2,0,0,4.0,8.7,1,0
ORG03462,A,Dell Latitude,22,Female,Finance,Accounts Executive,1,Full-time,85,97.4,0,0,0,58.7,0.788,20,18,0,81.9,4,0,4.0,4.0,0,0
ORG01022,B,MacBook Pro,29,Female,Finance,Finance Analyst,3,Full-time,36,89.0,1,5,3,58.0,0.857,64,43,12,76.5,0,2,3.0,16.4,0,1
ORG03074,C,Lenovo ThinkPad,37,Female,Finance,Finance Analyst,4,Full-time,94,96.3,0,1,0,54.0,0.805,66,55,1,57.7,1,1,4.0,14.7,1,0
ORG03944,B,Acer TravelMate,33,Other,Operations,Process Analyst,4,Full-time,3,89.4,7,0,3,97.2,0.918,62,48,11,98.4,0,0,3.0,31.1,2,0
ORG01586,D,HP ProBook,31,Male,Marketing,Marketing Executive,3,Full-time,83,94.4,4,0,0,90.2,1.0,51,49,2,93.3,0,0,5.0,16.6,1,0
ORG01956,C,Lenovo ThinkPad,25,Female,IT,System Admin,2,Full-time,6,94.8,0,2,0,62.3,0.544,32,24,4,69.6,0,0,2.0,10.3,1,0
ORG03153,B,Dell Latitude,23,Male,Sales,Sales Executive,1,Contract,2,89.8,2,0,1,65.5,0.686,62,48,11,65.0,2,1,3.0,6.4,1,0
ORG00035,A,Lenovo ThinkPad,31,Male,Customer Support,Support Lead,4,Full-time,92,100.0,0,0,0,60.1,0.846,146,143,6,74.9,3,3,5.0,18.1,0,0
ORG04015,D,HP ProBook,32,Male,Operations,Process Analyst,4,Full-time,56,93.5,1,2,0,51.7,0.454,104,83,14,57.1,8,0,3.0,30.6,0,1
ORG00776,D,HP ProBook,27,Female,HR,Talent Acquisition,2,Full-time,42,91.3,3,1,0,75.9,0.639,63,55,8,65.8,1,0,3.0,21.1,0,1
ORG02557,B,HP ProBook,31,Male,Engineering,DevOps Engineer,5,Full-time,6,90.5,2,4,0,98.0,1.0,33,32,4,99.0,0,0,5.0,13.1,1,0
ORG01479,B,Dell Latitude,21,Male,Customer Support,Support Associate,1,Full-time,59,87.6,1,4,0,69.6,0.563,72,57,12,66.7,4,0,3.0,4.1,1,1
ORG05487,A,Dell Latitude,26,Male,Marketing,Content Specialist,1,Full-time,5,94.5,2,1,1,48.5,0.653,16,10,1,53.3,2,0,3.0,22.4,2,1
ORG06236,A,HP ProBook,25,Male,Engineering,Data Scientist,3,Full-time,16,94.6,1,8,0,88.3,0.616,23,19,3,66.8,2,0,3.0,19.4,2,0
ORG01364,A,Dell Latitude,26,Male,Engineering,Data Scientist,3,Contract,11,98.5,1,3,2,73.7,0.772,27,22,2,71.7,4,0,3.0,42.1,4,0
ORG02613,A,Lenovo ThinkPad,32,Male,Customer Support,Support Associate,3,Full-time,62,94.2,1,3,0,59.8,0.678,103,75,17,72.5,1,1,3.0,15.9,0,0
ORG02825,A,MacBook Pro,33,Female,IT,IT Support,2,Full-time,32,98.2,0,2,0,97.6,1.0,55,51,4,98.3,0,0,5.0,10.3,0,0
ORG02042,C,HP ProBook,28,Male,Finance,Accounts Executive,2,Contract,13,91.6,4,2,0,25.0,0.522,45,28,7,50.1,4,0,2.0,19.2,1,1
ORG00242,C,Lenovo ThinkPad,29,Male,Finance,Finance Analyst,2,Full-time,78,91.0,0,1,0,48.1,0.529,56,39,7,57.3,4,0,3.0,6.3,0,0
ORG02062,A,MacBook Pro,26,Male,Sales,Inside Sales Rep,1,Full-time,18,93.3,2,0,0,73.8,0.881,44,39,3,66.3,1,0,4.0,14.9,2,0
ORG02364,C,Dell Latitude,21,Male,Marketing,Marketing Executive,1,Contract,14,91.7,3,3,1,64.7,0.691,21,14,3,70.9,2,0,4.0,7.5,2,1
ORG00601,A,HP ProBook,26,Male,Customer Support,Support Associate,2,Full-time,50,98.1,0,0,0,64.4,0.685,84,67,8,63.8,4,2,3.0,19.7,0,1
ORG02436,C,Acer TravelMate,35,Female,IT,System Admin,4,Full-time,95,96.9,0,0,0,69.9,0.637,38,28,0,73.7,4,0,4.0,18.8,1,0
ORG05394,D,Dell Latitude,29,Male,Customer Support,Support Associate,3,Full-time,6,93.5,2,3,1,80.2,0.659,79,59,11,64.4,3,2,3.0,27.1,1,1
ORG02889,A,HP ProBook,35,Female,Engineering,Data Scientist,4,Full-time,10,99.6,0,1,0,82.1,0.574,62,51,6,69.4,3,2,4.0,13.3,5,0
ORG06165,D,Dell Latitude,37,Female,Marketing,Performance Marketer,3,Full-time,56,97.4,0,1,0,69.3,0.751,50,44,3,82.7,3,0,4.0,30.6,1,0
ORG00647,D,HP ProBook,32,Male,Engineering,QA Analyst,2,Full-time,118,93.6,1,2,0,47.4,0.713,30,22,5,62.9,4,2,1.0,26.8,1,0
ORG03891,B,Lenovo ThinkPad,31,Male,Engineering,Data Analyst,4,Full-time,6,95.3,0,1,0,56.5,0.517,51,41,2,60.5,0,0,3.0,22.3,1,0
ORG03557,C,MacBook Pro,33,Male,Customer Support,Support Associate,2,Full-time,41,91.5,0,3,1,53.4,0.549,75,48,15,69.5,0,1,2.0,18.5,1,1
ORG03203,B,MacBook Pro,32,Female,Marketing,Performance Marketer,4,Full-time,48,91.6,1,1,0,85.6,0.956,66,58,12,85.0,1,0,5.0,19.2,1,0
ORG01529,A,Dell Latitude,27,Female,Engineering,Data Analyst,2,Full-time,104,90.9,1,1,1,85.3,0.553,32,24,4,61.7,1,0,2.0,8.0,1,0
ORG01268,C,Lenovo ThinkPad,25,Male,IT,IT Support,1,Full-time,75,90.5,1,0,2,68.5,0.792,40,29,4,64.9,1,0,3.0,16.9,2,0
ORG01900,C,Dell Latitude,32,Male,Engineering,Data Scientist,3,Full-time,106,97.1,0,4,0,68.7,0.641,56,49,4,83.4,0,0,4.0,19.7,2,0
ORG04659,B,Lenovo ThinkPad,21,Female,Operations,Ops Associate,1,Full-time,14,99.4,1,1,0,61.4,0.577,57,45,3,69.2,3,0,3.0,12.7,0,0
ORG03006,A,Lenovo ThinkPad,30,Male,Finance,Accounts Executive,3,Full-time,72,96.0,3,1,0,60.0,0.514,70,52,7,60.6,2,2,2.0,25.2,1,0
ORG02735,C,Dell Latitude,30,Male,Sales,Sales Executive,2,Full-time,120,90.9,3,2,0,61.3,0.761,69,52,8,69.3,1,0,3.0,24.9,2,0
ORG00190,D,Lenovo ThinkPad,21,Male,Sales,Inside Sales Rep,1,Full-time,83,90.5,0,2,0,69.8,0.64,73,57,10,76.9,0,1,4.0,29.6,2,0
ORG01807,C,Acer TravelMate,21,Male,Engineering,QA Analyst,2,Full-time,45,96.2,0,1,0,,0.73,42,34,1,69.4,3,0,4.0,13.4,0,0
ORG00976,D,Dell Latitude,30,Male,Operations,Ops Associate,3,Full-time,105,95.2,0,2,0,54.6,0.414,95,66,7,55.0,0,3,2.0,7.6,2,0
ORG02748,A,MacBook Pro,32,Male,Engineering,QA Analyst,2,Full-time,115,100.0,0,0,0,69.2,0.786,51,47,0,72.3,3,1,5.0,4.9,1,0
ORG02048,D,Dell Latitude,27,Male,Customer Support,Support Associate,1,Full-time,116,97.6,2,0,0,76.3,0.945,75,67,9,83.5,2,0,4.0,11.3,1,0
ORG02559,A,Dell Latitude,32,Female,Customer Support,Support Lead,4,Contract,8,96.3,6,0,2,70.5,0.748,78,58,7,78.7,2,2,4.0,15.3,1,1
ORG01083,C,Acer TravelMate,30,Female,Marketing,Marketing Executive,3,Full-time,96,93.6,4,4,0,84.1,0.817,67,62,8,93.1,0,0,4.0,12.0,1,0
ORG00475,C,Lenovo ThinkPad,32,Male,Sales,Sales Executive,3,Full-time,32,92.6,0,0,0,,0.908,65,48,6,82.4,2,2,5.0,12.3,1,0
ORG02905,A,Dell Latitude,25,Male,Sales,Account Manager,3,Full-time,8,92.1,4,3,0,73.3,0.742,62,46,7,77.0,3,2,3.0,18.4,1,0
ORG04844,C,Lenovo ThinkPad,27,Male,Customer Support,Support Associate,2,Full-time,88,94.6,2,3,1,93.5,0.794,110,92,15,72.3,1,4,4.0,7.3,0,0
ORG04118,D,MacBook Pro,23,Female,Marketing,Marketing Executive,2,Contract,9,87.7,7,1,1,51.1,0.57,42,25,7,50.3,1,1,3.0,33.6,1,0
ORG03386,A,Dell Latitude,28,Female,Operations,Ops Associate,1,Full-time,12,90.5,4,4,0,92.8,0.89,82,72,15,76.4,0,0,5.0,7.3,0,0
ORG04556,B,Lenovo ThinkPad,30,Male,Finance,Finance Analyst,3,Full-time,22,91.8,4,1,0,49.9,0.579,40,29,6,64.5,3,0,2.0,42.4,5,0
ORG01185,D,Dell Latitude,30,Male,Engineering,Data Analyst,2,Full-time,76,95.5,0,3,0,77.7,0.729,41,38,1,81.1,3,0,4.0,8.8,2,0
ORG05052,B,Dell Latitude,21,Male,Customer Support,Support Associate,1,Full-time,32,100.0,0,0,0,59.0,0.759,127,111,6,60.8,1,0,3.0,6.5,0,0
ORG05312,B,Lenovo ThinkPad,21,Female,Sales,Sales Executive,1,Full-time,16,96.1,1,1,0,58.8,0.63,38,29,2,54.2,5,1,2.0,4.6,1,0
ORG02434,B,HP ProBook,23,Male,Sales,Inside Sales Rep,1,Contract,13,98.2,2,2,1,69.5,0.871,29,19,3,59.6,3,2,3.0,45.2,3,0
ORG05612,D,Dell Latitude,33,Female,Finance,Finance Analyst,3,Full-time,81,96.0,0,2,0,70.9,0.625,75,61,7,61.2,3,5,3.0,29.4,0,0
ORG02392,D,HP ProBook,26,Male,Finance,Finance Analyst,2,Full-time,67,94.7,2,1,0,42.6,0.374,33,25,3,57.3,1,1,2.0,22.7,3,1
ORG00770,D,HP ProBook,23,Male,Operations,Ops Associate,1,Full-time,39,91.8,1,2,0,71.3,1.0,79,60,14,84.1,0,0,4.0,18.7,2,0
ORG01686,D,HP ProBook,33,Male,Sales,Inside Sales Rep,3,Full-time,103,95.5,2,2,1,90.7,0.846,59,49,11,83.8,2,1,4.0,18.8,0,0
ORG00131,A,MacBook Pro,28,Male,Engineering,DevOps Engineer,3,Full-time,30,89.6,3,0,1,49.9,0.654,54,36,6,57.7,1,0,2.0,15.5,1,0
ORG02920,C,Dell Latitude,31,Female,Finance,Accounts Executive,2,Full-time,70,92.2,3,3,2,84.7,0.839,51,42,5,70.5,1,1,3.0,17.3,2,0
ORG03172,D,Acer TravelMate,30,Male,Operations,Ops Associate,2,Full-time,85,97.5,0,0,0,68.7,0.829,98,86,6,75.2,0,0,5.0,9.4,0,0
ORG03445,D,Dell Latitude,27,Male,Marketing,Marketing Executive,2,Full-time,46,92.1,1,1,0,67.1,0.61,28,20,2,70.4,2,1,3.0,17.1,0,0
ORG06232,C,Dell Latitude,21,Female,Customer Support,Support Associate,1,Contract,14,89.2,2,1,0,61.0,,65,45,10,57.9,0,1,2.0,19.2,0,1
ORG05579,A,Acer TravelMate,39,Male,HR,Talent Acquisition,4,Full-time,116,96.4,2,0,0,72.8,0.576,54,43,6,75.9,0,0,5.0,24.4,1,0
ORG04427,B,HP ProBook,30,Female,Engineering,Software Engineer,3,Full-time,111,92.8,3,1,0,68.7,0.422,48,34,5,51.9,2,1,2.0,15.6,1,0
ORG05335,C,HP ProBook,33,Male,Sales,Sales Executive,3,Full-time,16,93.1,3,2,1,88.2,0.825,64,48,11,75.8,0,2,5.0,17.0,0,0
ORG00467,C,MacBook Pro,37,Male,Operations,Process Analyst,4,Full-time,46,96.1,2,2,1,44.5,0.354,59,44,5,48.1,3,1,2.0,18.4,2,1
ORG03844,D,Acer TravelMate,28,Male,Operations,Ops Lead,2,Full-time,62,94.1,3,1,1,68.2,0.834,91,72,9,68.1,4,0,3.0,12.5,2,1
ORG05735,D,Dell Latitude,27,Male,Engineering,QA Analyst,3,Contract,7,95.6,2,2,0,68.5,0.642,34,23,3,56.1,2,0,2.0,12.2,1,1
ORG03093,D,Dell Latitude,23,Male,HR,HR Executive,2,Full-time,86,95.4,2,2,2,72.3,0.515,62,39,8,64.3,3,1,2.0,29.0,2,0
ORG03773,B,Acer TravelMate,24,Female,Operations,Ops Lead,2,Full-time,64,96.7,2,0,0,61.0,0.821,54,44,4,60.1,2,0,5.0,7.2,2,0
ORG05192,D,Dell Latitude,29,Male,Operations,Ops Associate,1,Full-time,83,93.4,5,1,2,89.7,0.884,81,75,11,99.0,0,0,5.0,24.4,2,1
ORG05227,A,Lenovo ThinkPad,30,Female,Engineering,Data Scientist,4,Full-time,107,94.7,2,1,1,67.7,0.811,46,39,3,71.6,0,0,4.0,33.0,3,0
ORG05391,A,Dell Latitude,31,Male,Operations,Ops Lead,2,Full-time,75,99.2,0,0,0,38.8,0.527,60,46,2,59.0,1,0,2.0,27.6,4,1
ORG00861,D,Lenovo ThinkPad,33,Male,Finance,Finance Analyst,4,Full-time,39,96.5,7,0,0,45.8,0.609,37,22,5,67.8,1,0,2.0,20.4,1,0
